1790487357,payflow-payflow-1,34.43%,608.6MiB / 1.5GiB
1790487357,payflow-grafana-1,0.68%,319.6MiB / 512MiB
1790487357,payflow-prometheus-1,0.17%,65.42MiB / 1GiB
1790487357,payflow-postgres-exporter-1,0.00%,9.156MiB / 128MiB
1790487357,payflow-tempo-1,0.23%,1000MiB / 1GiB
1790487357,payflow-mongo-1,0.42%,327.7MiB / 1GiB
1790487357,payflow-keycloak-1,34.72%,670.4MiB / 10.7GiB
1790487357,payflow-postgres-1,44.80%,423.8MiB / 1GiB
1790487357,payflow-kafka-1,18.83%,748.2MiB / 1.5GiB
1790487357,k3d-tiny-url-serverlb,0.03%,26.13MiB / 10.7GiB
1790487357,k3d-tiny-url-server-0,13.77%,1007MiB / 10.7GiB
1790487357,wonderful_neumann,7.89%,32.59MiB / 10.7GiB
1790487365,wonderful_neumann,4.54%,45.41MiB / 10.7GiB
1790487365,payflow-payflow-1,36.52%,609.3MiB / 1.5GiB
1790487365,payflow-grafana-1,1.11%,319.6MiB / 512MiB
1790487365,payflow-prometheus-1,1.08%,65.42MiB / 1GiB
1790487365,payflow-postgres-exporter-1,0.00%,8.488MiB / 128MiB
1790487365,payflow-tempo-1,0.34%,936MiB / 1GiB
1790487365,payflow-mongo-1,0.45%,327.7MiB / 1GiB
1790487365,payflow-keycloak-1,0.21%,676.1MiB / 10.7GiB
1790487365,payflow-postgres-1,18.46%,421.9MiB / 1GiB
1790487365,payflow-kafka-1,10.50%,750MiB / 1.5GiB
1790487365,k3d-tiny-url-serverlb,0.00%,26.13MiB / 10.7GiB
1790487365,k3d-tiny-url-server-0,10.91%,1011MiB / 10.7GiB
1790487372,wonderful_neumann,4.43%,51.52MiB / 10.7GiB
1790487372,payflow-payflow-1,39.38%,609.2MiB / 1.5GiB
1790487372,payflow-grafana-1,1.19%,319.6MiB / 512MiB
1790487372,payflow-prometheus-1,0.23%,65.42MiB / 1GiB
1790487372,payflow-postgres-exporter-1,0.00%,8.926MiB / 128MiB
1790487372,payflow-tempo-1,0.41%,936MiB / 1GiB
1790487372,payflow-mongo-1,11.72%,327.7MiB / 1GiB
1790487372,payflow-keycloak-1,0.23%,676.1MiB / 10.7GiB
1790487372,payflow-postgres-1,16.84%,421.6MiB / 1GiB
1790487372,payflow-kafka-1,12.33%,750MiB / 1.5GiB
1790487372,k3d-tiny-url-serverlb,0.02%,26.13MiB / 10.7GiB
1790487372,k3d-tiny-url-server-0,12.27%,1011MiB / 10.7GiB
1790487379,wonderful_neumann,4.06%,54.24MiB / 10.7GiB
1790487379,payflow-payflow-1,43.07%,609.5MiB / 1.5GiB
1790487379,payflow-grafana-1,1.12%,319.6MiB / 512MiB
1790487379,payflow-prometheus-1,0.19%,65.43MiB / 1GiB
1790487379,payflow-postgres-exporter-1,0.00%,9.199MiB / 128MiB
1790487379,payflow-tempo-1,0.33%,936MiB / 1GiB
1790487379,payflow-mongo-1,0.69%,327.5MiB / 1GiB
1790487379,payflow-keycloak-1,0.23%,676.2MiB / 10.7GiB
1790487379,payflow-postgres-1,13.97%,421.4MiB / 1GiB
1790487379,payflow-kafka-1,10.18%,750.3MiB / 1.5GiB
1790487379,k3d-tiny-url-serverlb,0.00%,26.13MiB / 10.7GiB
1790487379,k3d-tiny-url-server-0,8.47%,1012MiB / 10.7GiB
1790487386,wonderful_neumann,4.43%,55.92MiB / 10.7GiB
1790487386,payflow-payflow-1,37.39%,609.1MiB / 1.5GiB
1790487386,payflow-grafana-1,1.10%,319.6MiB / 512MiB
1790487386,payflow-prometheus-1,0.42%,65.44MiB / 1GiB
1790487386,payflow-postgres-exporter-1,0.00%,9.121MiB / 128MiB
1790487386,payflow-tempo-1,0.27%,936MiB / 1GiB
1790487386,payflow-mongo-1,0.69%,327.6MiB / 1GiB
1790487386,payflow-keycloak-1,0.22%,676.2MiB / 10.7GiB
1790487386,payflow-postgres-1,14.53%,434.5MiB / 1GiB
1790487386,payflow-kafka-1,11.88%,750.1MiB / 1.5GiB
1790487386,k3d-tiny-url-serverlb,0.00%,26.13MiB / 10.7GiB
1790487386,k3d-tiny-url-server-0,9.81%,1012MiB / 10.7GiB
1790487393,wonderful_neumann,3.84%,56.11MiB / 10.7GiB
1790487393,payflow-payflow-1,33.90%,609.9MiB / 1.5GiB
1790487393,payflow-grafana-1,0.88%,319.6MiB / 512MiB
1790487393,payflow-prometheus-1,0.33%,65.45MiB / 1GiB
1790487393,payflow-postgres-exporter-1,0.00%,8.48MiB / 128MiB
1790487393,payflow-tempo-1,0.46%,936.1MiB / 1GiB
1790487393,payflow-mongo-1,36.17%,327.6MiB / 1GiB
1790487393,payflow-keycloak-1,0.20%,675.8MiB / 10.7GiB
1790487393,payflow-postgres-1,13.66%,434.7MiB / 1GiB
1790487393,payflow-kafka-1,14.52%,753.7MiB / 1.5GiB
1790487393,k3d-tiny-url-serverlb,0.03%,26.13MiB / 10.7GiB
1790487393,k3d-tiny-url-server-0,9.38%,1012MiB / 10.7GiB
1790487401,wonderful_neumann,4.47%,56.38MiB / 10.7GiB
1790487401,payflow-payflow-1,32.32%,611.7MiB / 1.5GiB
1790487401,payflow-grafana-1,0.81%,319.6MiB / 512MiB
1790487401,payflow-prometheus-1,0.43%,65.45MiB / 1GiB
1790487401,payflow-postgres-exporter-1,1.53%,8.336MiB / 128MiB
1790487401,payflow-tempo-1,0.21%,936.2MiB / 1GiB
1790487401,payflow-mongo-1,0.83%,327.6MiB / 1GiB
1790487401,payflow-keycloak-1,0.19%,675.8MiB / 10.7GiB
1790487401,payflow-postgres-1,12.10%,434.7MiB / 1GiB
1790487401,payflow-kafka-1,129.50%,831MiB / 1.5GiB
1790487401,k3d-tiny-url-serverlb,0.01%,26.13MiB / 10.7GiB
1790487401,k3d-tiny-url-server-0,11.96%,1012MiB / 10.7GiB
1790487408,wonderful_neumann,3.10%,59.04MiB / 10.7GiB
1790487408,payflow-payflow-1,29.11%,611.5MiB / 1.5GiB
1790487408,payflow-grafana-1,0.83%,319.6MiB / 512MiB
1790487408,payflow-prometheus-1,0.61%,65.45MiB / 1GiB
1790487408,payflow-postgres-exporter-1,0.00%,8.695MiB / 128MiB
1790487408,payflow-tempo-1,1.55%,936.3MiB / 1GiB
1790487408,payflow-mongo-1,0.35%,327.3MiB / 1GiB
1790487408,payflow-keycloak-1,0.17%,675.8MiB / 10.7GiB
1790487408,payflow-postgres-1,12.91%,434.8MiB / 1GiB
1790487408,payflow-kafka-1,144.55%,861.4MiB / 1.5GiB
1790487408,k3d-tiny-url-serverlb,0.02%,26.13MiB / 10.7GiB
1790487408,k3d-tiny-url-server-0,10.39%,1013MiB / 10.7GiB
1790487415,wonderful_neumann,3.34%,61.82MiB / 10.7GiB
1790487415,payflow-payflow-1,30.03%,611.8MiB / 1.5GiB
1790487415,payflow-grafana-1,1.17%,319.6MiB / 512MiB
1790487415,payflow-prometheus-1,1.84%,65.45MiB / 1GiB
1790487415,payflow-postgres-exporter-1,0.00%,9.031MiB / 128MiB
1790487415,payflow-tempo-1,0.24%,936.3MiB / 1GiB
1790487415,payflow-mongo-1,43.69%,327.3MiB / 1GiB
1790487415,payflow-keycloak-1,0.17%,675.8MiB / 10.7GiB
1790487415,payflow-postgres-1,15.44%,434.8MiB / 1GiB
1790487415,payflow-kafka-1,24.95%,753.8MiB / 1.5GiB
1790487415,k3d-tiny-url-serverlb,0.01%,26.13MiB / 10.7GiB
1790487415,k3d-tiny-url-server-0,5.85%,1014MiB / 10.7GiB
1790487422,wonderful_neumann,12.32%,63.09MiB / 10.7GiB
1790487422,payflow-payflow-1,76.31%,611.6MiB / 1.5GiB
1790487422,payflow-grafana-1,0.61%,319.6MiB / 512MiB
1790487422,payflow-prometheus-1,0.15%,65.45MiB / 1GiB
1790487422,payflow-postgres-exporter-1,0.00%,9.293MiB / 128MiB
1790487422,payflow-tempo-1,0.90%,936.8MiB / 1GiB
1790487422,payflow-mongo-1,0.34%,327.3MiB / 1GiB
1790487422,payflow-keycloak-1,0.16%,675.7MiB / 10.7GiB
1790487422,payflow-postgres-1,31.40%,435.1MiB / 1GiB
1790487422,payflow-kafka-1,6.95%,753.8MiB / 1.5GiB
1790487422,k3d-tiny-url-serverlb,0.00%,26.13MiB / 10.7GiB
1790487422,k3d-tiny-url-server-0,6.85%,1013MiB / 10.7GiB
1790487429,wonderful_neumann,13.36%,64.84MiB / 10.7GiB
1790487429,payflow-payflow-1,81.58%,612MiB / 1.5GiB
1790487429,payflow-grafana-1,0.93%,319.6MiB / 512MiB
1790487429,payflow-prometheus-1,0.47%,65.45MiB / 1GiB
1790487429,payflow-postgres-exporter-1,0.00%,8.5MiB / 128MiB
1790487429,payflow-tempo-1,1.04%,937.1MiB / 1GiB
1790487429,payflow-mongo-1,0.38%,327.3MiB / 1GiB
1790487429,payflow-keycloak-1,0.15%,675.7MiB / 10.7GiB
1790487429,payflow-postgres-1,32.82%,436MiB / 1GiB
1790487429,payflow-kafka-1,8.56%,755.6MiB / 1.5GiB
1790487429,k3d-tiny-url-serverlb,0.00%,26.13MiB / 10.7GiB
1790487429,k3d-tiny-url-server-0,6.36%,1013MiB / 10.7GiB
1790487437,wonderful_neumann,15.32%,65.02MiB / 10.7GiB
1790487437,payflow-payflow-1,85.98%,612MiB / 1.5GiB
1790487437,payflow-grafana-1,0.72%,319.6MiB / 512MiB
1790487437,payflow-prometheus-1,0.16%,65.46MiB / 1GiB
1790487437,payflow-postgres-exporter-1,0.00%,8.918MiB / 128MiB
1790487437,payflow-tempo-1,0.91%,937.3MiB / 1GiB
1790487437,payflow-mongo-1,46.08%,327.3MiB / 1GiB
1790487437,payflow-keycloak-1,0.16%,675.7MiB / 10.7GiB
1790487437,payflow-postgres-1,35.69%,436.2MiB / 1GiB
1790487437,payflow-kafka-1,8.66%,755.8MiB / 1.5GiB
1790487437,k3d-tiny-url-serverlb,0.00%,26.13MiB / 10.7GiB
1790487437,k3d-tiny-url-server-0,5.62%,1016MiB / 10.7GiB
1790487444,wonderful_neumann,13.68%,65.28MiB / 10.7GiB
1790487444,payflow-payflow-1,91.85%,612.7MiB / 1.5GiB
1790487444,payflow-grafana-1,0.66%,319.6MiB / 512MiB
1790487444,payflow-prometheus-1,0.13%,65.46MiB / 1GiB
1790487444,payflow-postgres-exporter-1,0.00%,8.516MiB / 128MiB
1790487444,payflow-tempo-1,0.94%,937.3MiB / 1GiB
1790487444,payflow-mongo-1,0.33%,327.3MiB / 1GiB
1790487444,payflow-keycloak-1,0.15%,675.7MiB / 10.7GiB
1790487444,payflow-postgres-1,28.78%,447.3MiB / 1GiB
1790487444,payflow-kafka-1,7.94%,756.4MiB / 1.5GiB
1790487444,k3d-tiny-url-serverlb,0.00%,26.13MiB / 10.7GiB
1790487444,k3d-tiny-url-server-0,6.02%,1017MiB / 10.7GiB
1790487451,wonderful_neumann,18.35%,65.5MiB / 10.7GiB
1790487451,payflow-payflow-1,81.82%,612.2MiB / 1.5GiB
1790487451,payflow-grafana-1,0.60%,319.6MiB / 512MiB
1790487451,payflow-prometheus-1,0.37%,65.46MiB / 1GiB
1790487451,payflow-postgres-exporter-1,1.34%,8.395MiB / 128MiB
1790487451,payflow-tempo-1,0.19%,937.3MiB / 1GiB
1790487451,payflow-mongo-1,0.80%,327.3MiB / 1GiB
1790487451,payflow-keycloak-1,0.15%,676.3MiB / 10.7GiB
1790487451,payflow-postgres-1,36.95%,447.4MiB / 1GiB
1790487451,payflow-kafka-1,8.66%,755.9MiB / 1.5GiB
1790487451,k3d-tiny-url-serverlb,0.01%,26.13MiB / 10.7GiB
1790487451,k3d-tiny-url-server-0,7.99%,1016MiB / 10.7GiB
1790487458,wonderful_neumann,3.91%,65.72MiB / 10.7GiB
1790487458,payflow-payflow-1,32.82%,612.1MiB / 1.5GiB
1790487458,payflow-grafana-1,0.98%,319.6MiB / 512MiB
1790487458,payflow-prometheus-1,0.60%,65.47MiB / 1GiB
1790487458,payflow-postgres-exporter-1,0.00%,8.926MiB / 128MiB
1790487458,payflow-tempo-1,0.29%,937.3MiB / 1GiB
1790487458,payflow-mongo-1,24.70%,475MiB / 1GiB
1790487458,payflow-keycloak-1,0.19%,676.3MiB / 10.7GiB
1790487458,payflow-postgres-1,13.80%,447.5MiB / 1GiB
1790487458,payflow-kafka-1,10.85%,759.4MiB / 1.5GiB
1790487458,k3d-tiny-url-serverlb,0.01%,26.13MiB / 10.7GiB
1790487458,k3d-tiny-url-server-0,8.69%,1016MiB / 10.7GiB
1790487465,wonderful_neumann,4.27%,65.76MiB / 10.7GiB
1790487465,payflow-payflow-1,43.13%,611.9MiB / 1.5GiB
1790487465,payflow-grafana-1,1.13%,319.6MiB / 512MiB
1790487465,payflow-prometheus-1,0.85%,65.48MiB / 1GiB
1790487465,payflow-postgres-exporter-1,1.63%,9.066MiB / 128MiB
1790487465,payflow-tempo-1,0.96%,937.5MiB / 1GiB
1790487465,payflow-mongo-1,0.59%,327.6MiB / 1GiB
1790487465,payflow-keycloak-1,0.20%,676.3MiB / 10.7GiB
1790487465,payflow-postgres-1,22.88%,447.5MiB / 1GiB
1790487465,payflow-kafka-1,13.44%,758.2MiB / 1.5GiB
1790487465,k3d-tiny-url-serverlb,0.00%,26.13MiB / 10.7GiB
1790487465,k3d-tiny-url-server-0,11.65%,1017MiB / 10.7GiB
1790487473,wonderful_neumann,3.96%,66MiB / 10.7GiB
1790487473,payflow-payflow-1,36.69%,612MiB / 1.5GiB
1790487473,payflow-grafana-1,0.99%,319.6MiB / 512MiB
1790487473,payflow-prometheus-1,0.73%,65.47MiB / 1GiB
1790487473,payflow-postgres-exporter-1,0.00%,9.336MiB / 128MiB
1790487473,payflow-tempo-1,0.30%,937.5MiB / 1GiB
1790487473,payflow-mongo-1,0.43%,327.6MiB / 1GiB
1790487473,payflow-keycloak-1,0.19%,676.3MiB / 10.7GiB
1790487473,payflow-postgres-1,13.92%,447.8MiB / 1GiB
1790487473,payflow-kafka-1,91.52%,811.8MiB / 1.5GiB
1790487473,k3d-tiny-url-serverlb,0.02%,26.13MiB / 10.7GiB
1790487473,k3d-tiny-url-server-0,7.89%,1018MiB / 10.7GiB
1790487480,wonderful_neumann,2.91%,66.04MiB / 10.7GiB
1790487480,payflow-payflow-1,27.41%,612MiB / 1.5GiB
1790487480,payflow-grafana-1,0.70%,319.6MiB / 512MiB
1790487480,payflow-prometheus-1,0.29%,65.48MiB / 1GiB
1790487480,payflow-postgres-exporter-1,0.00%,8.664MiB / 128MiB
1790487480,payflow-tempo-1,0.32%,634.5MiB / 1GiB
1790487480,payflow-mongo-1,8.79%,415.8MiB / 1GiB
1790487480,payflow-keycloak-1,0.16%,676.2MiB / 10.7GiB
1790487480,payflow-postgres-1,12.48%,447.6MiB / 1GiB
1790487480,payflow-kafka-1,182.87%,864.3MiB / 1.5GiB
1790487480,k3d-tiny-url-serverlb,0.01%,26.13MiB / 10.7GiB
1790487480,k3d-tiny-url-server-0,8.08%,1017MiB / 10.7GiB
1790487487,wonderful_neumann,9.16%,66.05MiB / 10.7GiB
1790487487,payflow-payflow-1,36.22%,612.2MiB / 1.5GiB
1790487487,payflow-grafana-1,1.18%,319.6MiB / 512MiB
1790487487,payflow-prometheus-1,0.19%,65.48MiB / 1GiB
1790487487,payflow-postgres-exporter-1,1.48%,8.574MiB / 128MiB
1790487487,payflow-tempo-1,0.30%,624.8MiB / 1GiB
1790487487,payflow-mongo-1,0.45%,327.6MiB / 1GiB
1790487487,payflow-keycloak-1,0.22%,676.2MiB / 10.7GiB
1790487487,payflow-postgres-1,13.78%,447.6MiB / 1GiB
1790487487,payflow-kafka-1,102.65%,758.2MiB / 1.5GiB
1790487487,k3d-tiny-url-serverlb,0.02%,26.13MiB / 10.7GiB
1790487487,k3d-tiny-url-server-0,11.52%,1017MiB / 10.7GiB
1790487494,wonderful_neumann,3.27%,66.05MiB / 10.7GiB
1790487494,payflow-payflow-1,45.27%,613.1MiB / 1.5GiB
1790487494,payflow-grafana-1,1.12%,319.6MiB / 512MiB
1790487494,payflow-prometheus-1,0.33%,65.49MiB / 1GiB
1790487494,payflow-postgres-exporter-1,0.00%,9.215MiB / 128MiB
1790487494,payflow-tempo-1,0.36%,624.8MiB / 1GiB
1790487494,payflow-mongo-1,0.52%,327.7MiB / 1GiB
1790487494,payflow-keycloak-1,0.25%,676.2MiB / 10.7GiB
1790487494,payflow-postgres-1,18.17%,447.6MiB / 1GiB
1790487494,payflow-kafka-1,13.82%,758.3MiB / 1.5GiB
1790487494,k3d-tiny-url-serverlb,0.01%,26.13MiB / 10.7GiB
1790487494,k3d-tiny-url-server-0,16.50%,1018MiB / 10.7GiB
1790487501,wonderful_neumann,4.39%,66.06MiB / 10.7GiB
1790487501,payflow-payflow-1,50.82%,613.3MiB / 1.5GiB
1790487501,payflow-grafana-1,1.53%,319.6MiB / 512MiB
1790487501,payflow-prometheus-1,0.27%,65.49MiB / 1GiB
1790487501,payflow-postgres-exporter-1,0.00%,8.992MiB / 128MiB
1790487501,payflow-tempo-1,0.34%,126.4MiB / 1GiB
1790487501,payflow-mongo-1,1.72%,327.7MiB / 1GiB
1790487501,payflow-keycloak-1,0.23%,676.2MiB / 10.7GiB
1790487501,payflow-postgres-1,39.40%,487.6MiB / 1GiB
1790487501,payflow-kafka-1,14.86%,758.3MiB / 1.5GiB
1790487501,k3d-tiny-url-serverlb,0.00%,26.13MiB / 10.7GiB
1790487501,k3d-tiny-url-server-0,10.45%,1018MiB / 10.7GiB
1790487509,wonderful_neumann,4.11%,66.06MiB / 10.7GiB
1790487509,payflow-payflow-1,39.89%,613.2MiB / 1.5GiB
1790487509,payflow-grafana-1,1.15%,319.6MiB / 512MiB
1790487509,payflow-prometheus-1,0.29%,66.31MiB / 1GiB
1790487509,payflow-postgres-exporter-1,0.00%,8.973MiB / 128MiB
1790487509,payflow-tempo-1,1.28%,104.5MiB / 1GiB
1790487509,payflow-mongo-1,0.56%,327.7MiB / 1GiB
1790487509,payflow-keycloak-1,0.20%,676.2MiB / 10.7GiB
1790487509,payflow-postgres-1,15.93%,454.7MiB / 1GiB
1790487509,payflow-kafka-1,11.86%,758.3MiB / 1.5GiB
1790487509,k3d-tiny-url-serverlb,0.04%,26.14MiB / 10.7GiB
1790487509,k3d-tiny-url-server-0,11.20%,1018MiB / 10.7GiB
1790487516,wonderful_neumann,4.81%,66.06MiB / 10.7GiB
1790487516,payflow-payflow-1,46.45%,613.5MiB / 1.5GiB
1790487516,payflow-grafana-1,0.97%,319.6MiB / 512MiB
1790487516,payflow-prometheus-1,0.55%,66.31MiB / 1GiB
1790487516,payflow-postgres-exporter-1,2.36%,9.195MiB / 128MiB
1790487516,payflow-tempo-1,2.17%,104.5MiB / 1GiB
1790487516,payflow-mongo-1,0.61%,327.7MiB / 1GiB
1790487516,payflow-keycloak-1,0.25%,676.2MiB / 10.7GiB
1790487516,payflow-postgres-1,27.25%,454.9MiB / 1GiB
1790487516,payflow-kafka-1,15.18%,759.5MiB / 1.5GiB
1790487516,k3d-tiny-url-serverlb,0.02%,26.13MiB / 10.7GiB
1790487516,k3d-tiny-url-server-0,13.26%,1018MiB / 10.7GiB
1790487523,wonderful_neumann,3.91%,66.07MiB / 10.7GiB
1790487523,payflow-payflow-1,48.31%,613.8MiB / 1.5GiB
1790487523,payflow-grafana-1,1.21%,319.6MiB / 512MiB
1790487523,payflow-prometheus-1,0.79%,66.32MiB / 1GiB
1790487523,payflow-postgres-exporter-1,0.00%,9.012MiB / 128MiB
1790487523,payflow-tempo-1,0.33%,104.5MiB / 1GiB
1790487523,payflow-mongo-1,0.58%,328.1MiB / 1GiB
1790487523,payflow-keycloak-1,0.25%,676.2MiB / 10.7GiB
1790487523,payflow-postgres-1,17.03%,454.8MiB / 1GiB
1790487523,payflow-kafka-1,13.53%,763.2MiB / 1.5GiB
1790487523,k3d-tiny-url-serverlb,0.02%,26.13MiB / 10.7GiB
1790487523,k3d-tiny-url-server-0,12.00%,1018MiB / 10.7GiB
1790487530,wonderful_neumann,3.18%,66.07MiB / 10.7GiB
1790487530,payflow-payflow-1,56.73%,614MiB / 1.5GiB
1790487530,payflow-grafana-1,0.76%,319.6MiB / 512MiB
1790487530,payflow-prometheus-1,0.75%,66.31MiB / 1GiB
1790487530,payflow-postgres-exporter-1,1.53%,8.492MiB / 128MiB
1790487530,payflow-tempo-1,0.79%,103.1MiB / 1GiB
1790487530,payflow-mongo-1,11.50%,328.1MiB / 1GiB
1790487530,payflow-keycloak-1,0.18%,676.2MiB / 10.7GiB
1790487530,payflow-postgres-1,18.57%,454.9MiB / 1GiB
1790487530,payflow-kafka-1,20.50%,763.6MiB / 1.5GiB
1790487530,k3d-tiny-url-serverlb,0.00%,26.13MiB / 10.7GiB
1790487530,k3d-tiny-url-server-0,6.93%,1018MiB / 10.7GiB
1790487537,wonderful_neumann,3.39%,65.7MiB / 10.7GiB
1790487537,payflow-grafana-1,1.08%,319.6MiB / 512MiB
1790487537,payflow-prometheus-1,0.60%,66.47MiB / 1GiB
1790487537,payflow-tempo-1,0.67%,103.1MiB / 1GiB
1790487537,payflow-mongo-1,7.68%,327.6MiB / 1GiB
1790487537,payflow-keycloak-1,6.70%,676.5MiB / 10.7GiB
1790487537,payflow-postgres-1,11.11%,407.8MiB / 1GiB
1790487537,payflow-kafka-1,12.69%,779.8MiB / 1.5GiB
1790487537,k3d-tiny-url-serverlb,0.03%,26.13MiB / 10.7GiB
1790487537,k3d-tiny-url-server-0,12.31%,1018MiB / 10.7GiB
1790487545,payflow-postgres-1,43.74%,52.63MiB / 1GiB
1790487545,payflow-mongo-1,99.78%,233.2MiB / 1GiB
1790487545,payflow-keycloak-1,121.18%,145MiB / 10.7GiB
1790487545,payflow-kafka-1,181.46%,88.09MiB / 1.5GiB
1790487545,wonderful_neumann,2.06%,66.09MiB / 10.7GiB
1790487545,payflow-grafana-1,0.79%,319.6MiB / 512MiB
1790487545,payflow-prometheus-1,0.68%,66.47MiB / 1GiB
1790487545,payflow-tempo-1,0.21%,103.1MiB / 1GiB
1790487545,k3d-tiny-url-serverlb,0.00%,26.13MiB / 10.7GiB
1790487545,k3d-tiny-url-server-0,8.59%,1017MiB / 10.7GiB
1790487552,payflow-postgres-exporter-1,0.00%,5.109MiB / 128MiB
1790487552,payflow-postgres-1,4.73%,41.54MiB / 1GiB
1790487552,payflow-mongo-1,0.43%,188.9MiB / 1GiB
1790487552,payflow-keycloak-1,610.39%,767.9MiB / 10.7GiB
1790487552,payflow-kafka-1,4.15%,389.6MiB / 1.5GiB
1790487552,wonderful_neumann,5.89%,66.14MiB / 10.7GiB
1790487552,payflow-grafana-1,0.83%,319.6MiB / 512MiB
1790487552,payflow-prometheus-1,0.17%,66.47MiB / 1GiB
1790487552,payflow-tempo-1,0.17%,103.1MiB / 1GiB
1790487552,k3d-tiny-url-serverlb,0.03%,26.13MiB / 10.7GiB
1790487552,k3d-tiny-url-server-0,6.80%,1017MiB / 10.7GiB
1790487559,payflow-payflow-1,227.80%,86.61MiB / 1.5GiB
1790487559,payflow-postgres-exporter-1,0.00%,6.855MiB / 128MiB
1790487559,payflow-postgres-1,0.05%,41.55MiB / 1GiB
1790487559,payflow-mongo-1,90.21%,270.2MiB / 1GiB
1790487559,payflow-keycloak-1,25.60%,641.6MiB / 10.7GiB
1790487559,payflow-kafka-1,4.28%,390MiB / 1.5GiB
1790487559,wonderful_neumann,5.75%,65.8MiB / 10.7GiB
1790487559,payflow-grafana-1,1.58%,319.6MiB / 512MiB
1790487559,payflow-prometheus-1,1.07%,66.48MiB / 1GiB
1790487559,payflow-tempo-1,0.52%,104.4MiB / 1GiB
1790487559,k3d-tiny-url-serverlb,0.02%,26.13MiB / 10.7GiB
1790487559,k3d-tiny-url-server-0,11.97%,1018MiB / 10.7GiB
1790487567,payflow-payflow-1,190.75%,246MiB / 1.5GiB
1790487567,payflow-postgres-exporter-1,2.03%,8.059MiB / 128MiB
1790487567,payflow-postgres-1,0.50%,77.2MiB / 1GiB
1790487567,payflow-mongo-1,22.89%,192.2MiB / 1GiB
1790487567,payflow-keycloak-1,445.98%,706.3MiB / 10.7GiB
1790487567,payflow-kafka-1,3.12%,389.7MiB / 1.5GiB
1790487567,wonderful_neumann,2.36%,65.45MiB / 10.7GiB
1790487567,payflow-grafana-1,0.72%,319.6MiB / 512MiB
1790487567,payflow-prometheus-1,0.20%,66.48MiB / 1GiB
1790487567,payflow-tempo-1,0.19%,104.4MiB / 1GiB
1790487567,k3d-tiny-url-serverlb,0.00%,26.13MiB / 10.7GiB
1790487567,k3d-tiny-url-server-0,6.98%,1018MiB / 10.7GiB
1790487574,payflow-payflow-1,197.69%,369.5MiB / 1.5GiB
1790487574,payflow-postgres-exporter-1,0.00%,7.914MiB / 128MiB
1790487574,payflow-postgres-1,0.58%,79MiB / 1GiB
1790487574,payflow-mongo-1,1.11%,193.3MiB / 1GiB
1790487574,payflow-keycloak-1,197.72%,698.8MiB / 10.7GiB
1790487574,payflow-kafka-1,137.79%,408.9MiB / 1.5GiB
1790487574,wonderful_neumann,2.97%,63.91MiB / 10.7GiB
1790487574,payflow-grafana-1,0.74%,319.6MiB / 512MiB
1790487574,payflow-prometheus-1,0.15%,66.48MiB / 1GiB
1790487574,payflow-tempo-1,0.45%,104.5MiB / 1GiB
1790487574,k3d-tiny-url-serverlb,0.00%,26.13MiB / 10.7GiB
1790487574,k3d-tiny-url-server-0,7.12%,1017MiB / 10.7GiB
1790487581,payflow-payflow-1,107.67%,421.8MiB / 1.5GiB
1790487581,payflow-postgres-exporter-1,1.72%,8.02MiB / 128MiB
1790487581,payflow-postgres-1,1.14%,79.17MiB / 1GiB
1790487581,payflow-mongo-1,0.35%,202.1MiB / 1GiB
1790487581,payflow-keycloak-1,81.01%,754.8MiB / 10.7GiB
1790487581,payflow-kafka-1,18.15%,430.4MiB / 1.5GiB
1790487581,wonderful_neumann,13.09%,64.16MiB / 10.7GiB
1790487581,payflow-grafana-1,0.81%,319.6MiB / 512MiB
1790487581,payflow-prometheus-1,0.45%,66.48MiB / 1GiB
1790487581,payflow-tempo-1,0.30%,104.5MiB / 1GiB
1790487581,k3d-tiny-url-serverlb,0.00%,26.13MiB / 10.7GiB
1790487581,k3d-tiny-url-server-0,9.60%,1017MiB / 10.7GiB
1790487588,payflow-payflow-1,90.44%,432.9MiB / 1.5GiB
1790487588,payflow-postgres-exporter-1,0.00%,8.266MiB / 128MiB
1790487588,payflow-postgres-1,4.33%,81.62MiB / 1GiB
1790487588,payflow-mongo-1,50.46%,202.4MiB / 1GiB
1790487588,payflow-keycloak-1,65.84%,754.8MiB / 10.7GiB
1790487588,payflow-kafka-1,40.90%,436.2MiB / 1.5GiB
1790487588,wonderful_neumann,15.46%,64.6MiB / 10.7GiB
1790487588,payflow-grafana-1,1.04%,319.6MiB / 512MiB
1790487588,payflow-prometheus-1,0.33%,66.48MiB / 1GiB
1790487588,payflow-tempo-1,0.64%,105.9MiB / 1GiB
1790487588,k3d-tiny-url-serverlb,0.01%,26.13MiB / 10.7GiB
1790487588,k3d-tiny-url-server-0,8.12%,1017MiB / 10.7GiB
1790487595,payflow-payflow-1,54.31%,429.8MiB / 1.5GiB
1790487595,payflow-postgres-exporter-1,0.00%,7.367MiB / 128MiB
1790487595,payflow-postgres-1,4.75%,81.79MiB / 1GiB
1790487595,payflow-mongo-1,0.38%,202.7MiB / 1GiB
1790487595,payflow-keycloak-1,44.12%,756.1MiB / 10.7GiB
1790487595,payflow-kafka-1,12.23%,437.4MiB / 1.5GiB
1790487595,wonderful_neumann,15.70%,64.88MiB / 10.7GiB
1790487595,payflow-grafana-1,0.77%,319.6MiB / 512MiB
1790487595,payflow-prometheus-1,0.40%,66.5MiB / 1GiB
1790487595,payflow-tempo-1,0.24%,108.5MiB / 1GiB
1790487595,k3d-tiny-url-serverlb,0.00%,26.13MiB / 10.7GiB
1790487595,k3d-tiny-url-server-0,7.66%,1018MiB / 10.7GiB
1790487603,keen_agnesi,4.73%,13.59MiB / 10.7GiB
1790487603,payflow-payflow-1,144.89%,459.5MiB / 1.5GiB
1790487603,payflow-postgres-exporter-1,0.00%,7.918MiB / 128MiB
1790487603,payflow-postgres-1,14.21%,87.21MiB / 1GiB
1790487603,payflow-mongo-1,0.34%,202.7MiB / 1GiB
1790487603,payflow-keycloak-1,24.26%,763.8MiB / 10.7GiB
1790487603,payflow-kafka-1,43.40%,458.6MiB / 1.5GiB
1790487603,wonderful_neumann,13.23%,65.06MiB / 10.7GiB
1790487603,payflow-grafana-1,0.71%,319.6MiB / 512MiB
1790487603,payflow-prometheus-1,0.29%,66.5MiB / 1GiB
1790487603,payflow-tempo-1,0.34%,110.5MiB / 1GiB
1790487603,k3d-tiny-url-serverlb,0.00%,26.13MiB / 10.7GiB
1790487603,k3d-tiny-url-server-0,8.29%,1017MiB / 10.7GiB
1790487610,keen_agnesi,1.14%,14.27MiB / 10.7GiB
1790487610,payflow-payflow-1,98.55%,490.7MiB / 1.5GiB
1790487610,payflow-postgres-exporter-1,0.00%,7.434MiB / 128MiB
1790487610,payflow-postgres-1,9.95%,92.75MiB / 1GiB
1790487610,payflow-mongo-1,15.92%,343.3MiB / 1GiB
1790487610,payflow-keycloak-1,0.26%,764MiB / 10.7GiB
1790487610,payflow-kafka-1,30.56%,458.5MiB / 1.5GiB
1790487610,wonderful_neumann,12.12%,65.73MiB / 10.7GiB
1790487610,payflow-grafana-1,0.85%,319.6MiB / 512MiB
1790487610,payflow-prometheus-1,0.55%,66.5MiB / 1GiB
1790487610,payflow-tempo-1,0.77%,110.1MiB / 1GiB
1790487610,k3d-tiny-url-serverlb,0.00%,26.13MiB / 10.7GiB
1790487610,k3d-tiny-url-server-0,10.42%,1017MiB / 10.7GiB
1790487617,keen_agnesi,1.35%,15MiB / 10.7GiB
1790487617,payflow-payflow-1,97.69%,515.7MiB / 1.5GiB
1790487617,payflow-postgres-exporter-1,0.00%,7.781MiB / 128MiB
1790487617,payflow-postgres-1,10.59%,96.55MiB / 1GiB
1790487617,payflow-mongo-1,1.41%,204.5MiB / 1GiB
1790487617,payflow-keycloak-1,0.19%,764.1MiB / 10.7GiB
1790487617,payflow-kafka-1,21.02%,472.7MiB / 1.5GiB
1790487617,wonderful_neumann,3.95%,65.78MiB / 10.7GiB
1790487617,payflow-grafana-1,0.97%,319.6MiB / 512MiB
1790487617,payflow-prometheus-1,0.17%,66.5MiB / 1GiB
1790487617,payflow-tempo-1,0.25%,110.1MiB / 1GiB
1790487617,k3d-tiny-url-serverlb,0.02%,26.13MiB / 10.7GiB
1790487617,k3d-tiny-url-server-0,9.20%,1017MiB / 10.7GiB
1790487624,keen_agnesi,2.08%,15.86MiB / 10.7GiB
1790487624,payflow-payflow-1,86.81%,506MiB / 1.5GiB
1790487624,payflow-postgres-exporter-1,0.00%,8.457MiB / 128MiB
1790487624,payflow-postgres-1,10.81%,98.62MiB / 1GiB
1790487624,payflow-mongo-1,1.31%,204.7MiB / 1GiB
1790487624,payflow-keycloak-1,0.22%,764.1MiB / 10.7GiB
1790487624,payflow-kafka-1,124.93%,536.5MiB / 1.5GiB
1790487624,wonderful_neumann,2.68%,65.89MiB / 10.7GiB
1790487624,payflow-grafana-1,2.15%,319.8MiB / 512MiB
1790487624,payflow-prometheus-1,0.26%,66.5MiB / 1GiB
1790487624,payflow-tempo-1,0.93%,110.3MiB / 1GiB
1790487624,k3d-tiny-url-serverlb,0.00%,26.13MiB / 10.7GiB
1790487624,k3d-tiny-url-server-0,8.83%,1018MiB / 10.7GiB
1790487631,keen_agnesi,1.93%,16.41MiB / 10.7GiB
1790487631,payflow-payflow-1,58.16%,509.1MiB / 1.5GiB
1790487631,payflow-postgres-exporter-1,1.99%,8.301MiB / 128MiB
1790487631,payflow-postgres-1,7.92%,99.34MiB / 1GiB
1790487631,payflow-mongo-1,1.19%,204.8MiB / 1GiB
1790487631,payflow-keycloak-1,0.16%,764.5MiB / 10.7GiB
1790487631,payflow-kafka-1,189.43%,582.5MiB / 1.5GiB
1790487631,wonderful_neumann,1.88%,65.89MiB / 10.7GiB
1790487631,payflow-grafana-1,0.70%,319.8MiB / 512MiB
1790487631,payflow-prometheus-1,0.16%,66.5MiB / 1GiB
1790487631,payflow-tempo-1,0.21%,105.4MiB / 1GiB
1790487631,k3d-tiny-url-serverlb,0.01%,26.13MiB / 10.7GiB
1790487631,k3d-tiny-url-server-0,8.51%,1017MiB / 10.7GiB
1790487639,keen_agnesi,2.90%,16.83MiB / 10.7GiB
1790487639,payflow-payflow-1,64.46%,513.2MiB / 1.5GiB
1790487639,payflow-postgres-exporter-1,0.00%,7.781MiB / 128MiB
1790487639,payflow-postgres-1,12.41%,100.6MiB / 1GiB
1790487639,payflow-mongo-1,1.11%,204.7MiB / 1GiB
1790487639,payflow-keycloak-1,0.17%,764.4MiB / 10.7GiB
1790487639,payflow-kafka-1,89.77%,476.8MiB / 1.5GiB
1790487639,wonderful_neumann,2.30%,65.9MiB / 10.7GiB
1790487639,payflow-grafana-1,0.93%,319.8MiB / 512MiB
1790487639,payflow-prometheus-1,0.19%,66.5MiB / 1GiB
1790487639,payflow-tempo-1,0.81%,105.4MiB / 1GiB
1790487639,k3d-tiny-url-serverlb,0.01%,26.13MiB / 10.7GiB
1790487639,k3d-tiny-url-server-0,7.08%,1017MiB / 10.7GiB
1790487646,keen_agnesi,3.59%,16.93MiB / 10.7GiB
1790487646,payflow-payflow-1,60.30%,514.1MiB / 1.5GiB
1790487646,payflow-postgres-exporter-1,1.75%,7.445MiB / 128MiB
1790487646,payflow-postgres-1,19.46%,101.3MiB / 1GiB
1790487646,payflow-mongo-1,1.20%,204.9MiB / 1GiB
1790487646,payflow-keycloak-1,0.26%,764.4MiB / 10.7GiB
1790487646,payflow-kafka-1,33.82%,482.3MiB / 1.5GiB
1790487646,wonderful_neumann,3.23%,66.11MiB / 10.7GiB
1790487646,payflow-grafana-1,1.17%,319.8MiB / 512MiB
1790487646,payflow-prometheus-1,0.46%,66.51MiB / 1GiB
1790487646,payflow-tempo-1,0.29%,105.4MiB / 1GiB
1790487646,k3d-tiny-url-serverlb,0.00%,26.13MiB / 10.7GiB
1790487646,k3d-tiny-url-server-0,7.12%,1017MiB / 10.7GiB
1790487653,keen_agnesi,1.86%,16.98MiB / 10.7GiB
1790487653,payflow-payflow-1,50.12%,519.7MiB / 1.5GiB
1790487653,payflow-postgres-exporter-1,0.00%,8.223MiB / 128MiB
1790487653,payflow-postgres-1,8.21%,102.2MiB / 1GiB
1790487653,payflow-mongo-1,1.06%,205MiB / 1GiB
1790487653,payflow-keycloak-1,0.41%,764.4MiB / 10.7GiB
1790487653,payflow-kafka-1,16.90%,479.4MiB / 1.5GiB
1790487653,wonderful_neumann,3.12%,66.12MiB / 10.7GiB
1790487653,payflow-grafana-1,1.27%,319.8MiB / 512MiB
1790487653,payflow-prometheus-1,0.34%,66.51MiB / 1GiB
1790487653,payflow-tempo-1,0.41%,99.06MiB / 1GiB
1790487653,k3d-tiny-url-serverlb,0.06%,26.13MiB / 10.7GiB
1790487653,k3d-tiny-url-server-0,8.54%,1018MiB / 10.7GiB
1790487660,keen_agnesi,1.14%,17.2MiB / 10.7GiB
1790487660,payflow-payflow-1,67.38%,520MiB / 1.5GiB
1790487660,payflow-postgres-exporter-1,1.54%,7.969MiB / 128MiB
1790487660,payflow-postgres-1,13.48%,102.7MiB / 1GiB
1790487660,payflow-mongo-1,42.42%,205MiB / 1GiB
1790487660,payflow-keycloak-1,81.95%,765.9MiB / 10.7GiB
1790487660,payflow-kafka-1,54.13%,494.8MiB / 1.5GiB
1790487660,wonderful_neumann,7.28%,66.46MiB / 10.7GiB
1790487660,payflow-grafana-1,0.70%,319.8MiB / 512MiB
1790487660,payflow-prometheus-1,0.79%,66.52MiB / 1GiB
1790487660,payflow-tempo-1,0.60%,99.07MiB / 1GiB
1790487660,k3d-tiny-url-serverlb,0.00%,26.13MiB / 10.7GiB
1790487660,k3d-tiny-url-server-0,7.22%,1017MiB / 10.7GiB
1790487667,keen_agnesi,1.48%,17.26MiB / 10.7GiB
1790487667,payflow-payflow-1,61.87%,522.4MiB / 1.5GiB
1790487667,payflow-postgres-exporter-1,0.00%,7.918MiB / 128MiB
1790487667,payflow-postgres-1,10.83%,104MiB / 1GiB
1790487667,payflow-mongo-1,1.44%,205.1MiB / 1GiB
1790487667,payflow-keycloak-1,0.31%,766.3MiB / 10.7GiB
1790487667,payflow-kafka-1,15.57%,487.8MiB / 1.5GiB
1790487667,wonderful_neumann,3.32%,66.53MiB / 10.7GiB
1790487667,payflow-grafana-1,1.56%,319.8MiB / 512MiB
1790487667,payflow-prometheus-1,0.23%,66.52MiB / 1GiB
1790487667,payflow-tempo-1,0.35%,99.07MiB / 1GiB
1790487667,k3d-tiny-url-serverlb,0.02%,26.13MiB / 10.7GiB
1790487667,k3d-tiny-url-server-0,10.28%,1017MiB / 10.7GiB
1790487675,keen_agnesi,1.42%,17.43MiB / 10.7GiB
1790487675,payflow-payflow-1,75.80%,524.7MiB / 1.5GiB
1790487675,payflow-postgres-exporter-1,0.00%,8.469MiB / 128MiB
1790487675,payflow-postgres-1,13.17%,104.4MiB / 1GiB
1790487675,payflow-mongo-1,1.58%,205.5MiB / 1GiB
1790487675,payflow-keycloak-1,0.22%,766.3MiB / 10.7GiB
1790487675,payflow-kafka-1,18.57%,479.4MiB / 1.5GiB
1790487675,wonderful_neumann,3.83%,66.53MiB / 10.7GiB
1790487675,payflow-grafana-1,0.92%,319.8MiB / 512MiB
1790487675,payflow-prometheus-1,0.73%,66.52MiB / 1GiB
1790487675,payflow-tempo-1,0.86%,99.07MiB / 1GiB
1790487675,k3d-tiny-url-serverlb,0.04%,26.13MiB / 10.7GiB
1790487675,k3d-tiny-url-server-0,10.32%,1017MiB / 10.7GiB
1790487682,keen_agnesi,1.36%,17.2MiB / 10.7GiB
1790487682,payflow-payflow-1,66.95%,529.2MiB / 1.5GiB
1790487682,payflow-postgres-exporter-1,0.00%,8.07MiB / 128MiB
1790487682,payflow-postgres-1,10.21%,104.8MiB / 1GiB
1790487682,payflow-mongo-1,43.24%,205.9MiB / 1GiB
1790487682,payflow-keycloak-1,0.41%,766.4MiB / 10.7GiB
1790487682,payflow-kafka-1,13.38%,477.5MiB / 1.5GiB
1790487682,wonderful_neumann,3.46%,67.55MiB / 10.7GiB
1790487682,payflow-grafana-1,1.03%,319.8MiB / 512MiB
1790487682,payflow-prometheus-1,0.18%,66.52MiB / 1GiB
1790487682,payflow-tempo-1,0.30%,99.93MiB / 1GiB
1790487682,k3d-tiny-url-serverlb,0.00%,26.13MiB / 10.7GiB
1790487682,k3d-tiny-url-server-0,9.85%,1018MiB / 10.7GiB
1790487689,keen_agnesi,1.66%,17.21MiB / 10.7GiB
1790487689,payflow-payflow-1,70.29%,531MiB / 1.5GiB
1790487689,payflow-postgres-exporter-1,0.00%,8.391MiB / 128MiB
1790487689,payflow-postgres-1,13.45%,105.4MiB / 1GiB
1790487689,payflow-mongo-1,1.23%,206.1MiB / 1GiB
1790487689,payflow-keycloak-1,0.20%,766.2MiB / 10.7GiB
1790487689,payflow-kafka-1,14.71%,478.2MiB / 1.5GiB
1790487689,wonderful_neumann,3.10%,67.56MiB / 10.7GiB
1790487689,payflow-grafana-1,0.97%,319.8MiB / 512MiB
1790487689,payflow-prometheus-1,0.18%,66.53MiB / 1GiB
1790487689,payflow-tempo-1,0.26%,99.94MiB / 1GiB
1790487689,k3d-tiny-url-serverlb,0.03%,26.13MiB / 10.7GiB
1790487689,k3d-tiny-url-server-0,11.74%,1017MiB / 10.7GiB
1790487696,payflow-payflow-1,29.87%,527.9MiB / 1.5GiB
1790487696,payflow-postgres-exporter-1,0.00%,7.609MiB / 128MiB
1790487696,payflow-postgres-1,4.19%,105.5MiB / 1GiB
1790487696,payflow-mongo-1,0.67%,206.5MiB / 1GiB
1790487696,payflow-keycloak-1,0.28%,766.2MiB / 10.7GiB
1790487696,payflow-kafka-1,12.29%,477.5MiB / 1.5GiB
1790487696,wonderful_neumann,11.35%,67.86MiB / 10.7GiB
1790487696,payflow-grafana-1,1.24%,319.8MiB / 512MiB
1790487696,payflow-prometheus-1,0.30%,66.54MiB / 1GiB
1790487696,payflow-tempo-1,0.44%,99.94MiB / 1GiB
1790487696,k3d-tiny-url-serverlb,0.00%,26.13MiB / 10.7GiB
1790487696,k3d-tiny-url-server-0,14.11%,1018MiB / 10.7GiB
1790487703,payflow-payflow-1,19.54%,528.3MiB / 1.5GiB
1790487703,payflow-postgres-exporter-1,0.00%,7.535MiB / 128MiB
1790487703,payflow-postgres-1,4.49%,105.6MiB / 1GiB
1790487703,payflow-mongo-1,42.31%,367.4MiB / 1GiB
1790487703,payflow-keycloak-1,0.19%,766.2MiB / 10.7GiB
1790487703,payflow-kafka-1,111.99%,549.6MiB / 1.5GiB
1790487703,wonderful_neumann,3.11%,68.05MiB / 10.7GiB
1790487703,payflow-grafana-1,0.80%,319.8MiB / 512MiB
1790487703,payflow-prometheus-1,0.37%,66.54MiB / 1GiB
1790487703,payflow-tempo-1,0.29%,100MiB / 1GiB
1790487703,k3d-tiny-url-serverlb,0.00%,26.13MiB / 10.7GiB
1790487703,k3d-tiny-url-server-0,10.05%,1018MiB / 10.7GiB
1790487711,payflow-payflow-1,19.56%,528.3MiB / 1.5GiB
1790487711,payflow-postgres-exporter-1,1.47%,7.461MiB / 128MiB
1790487711,payflow-postgres-1,6.07%,105.8MiB / 1GiB
1790487711,payflow-mongo-1,0.33%,206.6MiB / 1GiB
1790487711,payflow-keycloak-1,0.18%,766.2MiB / 10.7GiB
1790487711,payflow-kafka-1,167.46%,587.6MiB / 1.5GiB
1790487711,wonderful_neumann,2.71%,68.05MiB / 10.7GiB
1790487711,payflow-grafana-1,0.72%,319.8MiB / 512MiB
1790487711,payflow-prometheus-1,0.37%,66.54MiB / 1GiB
1790487711,payflow-tempo-1,0.18%,97MiB / 1GiB
1790487711,k3d-tiny-url-serverlb,0.00%,26.13MiB / 10.7GiB
1790487711,k3d-tiny-url-server-0,7.02%,1018MiB / 10.7GiB
1790487718,payflow-payflow-1,32.18%,534.4MiB / 1.5GiB
1790487718,payflow-postgres-exporter-1,0.04%,8.117MiB / 128MiB
1790487718,payflow-postgres-1,2.19%,105.5MiB / 1GiB
1790487718,payflow-mongo-1,0.66%,206.7MiB / 1GiB
1790487718,payflow-keycloak-1,0.39%,766.2MiB / 10.7GiB
1790487718,payflow-kafka-1,46.05%,478MiB / 1.5GiB
1790487718,wonderful_neumann,3.66%,68.19MiB / 10.7GiB
1790487718,payflow-grafana-1,1.31%,319.8MiB / 512MiB
1790487718,payflow-tempo-1,0.69%,97MiB / 1GiB
1790487718,k3d-tiny-url-serverlb,0.00%,26.13MiB / 10.7GiB
1790487718,k3d-tiny-url-server-0,13.79%,1017MiB / 10.7GiB
1790487725,payflow-payflow-1,25.49%,529MiB / 1.5GiB
1790487725,payflow-postgres-exporter-1,0.00%,8.117MiB / 128MiB
1790487725,payflow-postgres-1,8.20%,111.6MiB / 1GiB
1790487725,payflow-mongo-1,21.68%,352.5MiB / 1GiB
1790487725,payflow-keycloak-1,0.57%,766.1MiB / 10.7GiB
1790487725,payflow-kafka-1,7.98%,480.2MiB / 1.5GiB
1790487725,wonderful_neumann,4.21%,68.19MiB / 10.7GiB
1790487725,payflow-grafana-1,1.22%,319.8MiB / 512MiB
1790487725,payflow-prometheus-1,1.60%,64.6MiB / 1GiB
1790487725,payflow-tempo-1,0.76%,97MiB / 1GiB
1790487725,k3d-tiny-url-serverlb,0.00%,26.13MiB / 10.7GiB
1790487725,k3d-tiny-url-server-0,8.90%,1018MiB / 10.7GiB
1790487732,payflow-payflow-1,21.23%,530.2MiB / 1.5GiB
1790487732,payflow-postgres-exporter-1,0.00%,8.055MiB / 128MiB
1790487732,payflow-postgres-1,3.93%,105.9MiB / 1GiB
1790487732,payflow-mongo-1,0.61%,206.6MiB / 1GiB
1790487732,payflow-keycloak-1,0.30%,766.7MiB / 10.7GiB
1790487732,payflow-kafka-1,12.31%,478.2MiB / 1.5GiB
1790487732,wonderful_neumann,4.93%,68.19MiB / 10.7GiB
1790487732,payflow-grafana-1,1.35%,319.8MiB / 512MiB
1790487732,payflow-prometheus-1,0.27%,51.63MiB / 1GiB
1790487732,payflow-tempo-1,0.43%,97MiB / 1GiB
1790487732,k3d-tiny-url-serverlb,0.00%,26.13MiB / 10.7GiB
1790487732,k3d-tiny-url-server-0,15.89%,1018MiB / 10.7GiB
1790487739,payflow-payflow-1,17.28%,531.5MiB / 1.5GiB
1790487739,payflow-postgres-exporter-1,0.00%,7.902MiB / 128MiB
1790487739,payflow-postgres-1,5.04%,105.9MiB / 1GiB
1790487739,payflow-mongo-1,0.80%,206.6MiB / 1GiB
1790487739,payflow-keycloak-1,0.29%,766.6MiB / 10.7GiB
1790487739,payflow-kafka-1,9.92%,478.7MiB / 1.5GiB
1790487739,payflow-grafana-1,1.47%,319.8MiB / 512MiB
1790487739,payflow-prometheus-1,1.30%,51.71MiB / 1GiB
1790487739,payflow-tempo-1,0.88%,97.01MiB / 1GiB
1790487739,k3d-tiny-url-serverlb,0.00%,26.13MiB / 10.7GiB
1790487739,k3d-tiny-url-server-0,14.79%,1018MiB / 10.7GiB
1790487747,payflow-payflow-1,21.75%,531.2MiB / 1.5GiB
1790487747,payflow-postgres-exporter-1,0.00%,7.516MiB / 128MiB
1790487747,payflow-postgres-1,2.05%,105.9MiB / 1GiB
1790487747,payflow-mongo-1,0.73%,206.6MiB / 1GiB
1790487747,payflow-keycloak-1,0.25%,766.6MiB / 10.7GiB
1790487747,payflow-kafka-1,12.27%,478.8MiB / 1.5GiB
1790487747,payflow-grafana-1,1.51%,319.8MiB / 512MiB
1790487747,payflow-prometheus-1,0.33%,51.76MiB / 1GiB
1790487747,payflow-tempo-1,0.43%,97.01MiB / 1GiB
1790487747,k3d-tiny-url-serverlb,0.00%,26.13MiB / 10.7GiB
1790487747,k3d-tiny-url-server-0,12.83%,1019MiB / 10.7GiB
1790487754,payflow-payflow-1,16.33%,531.5MiB / 1.5GiB
1790487754,payflow-postgres-exporter-1,0.00%,7.719MiB / 128MiB
1790487754,payflow-postgres-1,1.69%,105.9MiB / 1GiB
1790487754,payflow-mongo-1,0.85%,206.9MiB / 1GiB
1790487754,payflow-keycloak-1,0.34%,771.3MiB / 10.7GiB
1790487754,payflow-kafka-1,10.06%,484.9MiB / 1.5GiB
1790487754,payflow-grafana-1,1.41%,319.8MiB / 512MiB
1790487754,payflow-prometheus-1,0.25%,51.79MiB / 1GiB
1790487754,payflow-tempo-1,0.44%,97.01MiB / 1GiB
1790487754,k3d-tiny-url-serverlb,0.02%,26.13MiB / 10.7GiB
1790487754,k3d-tiny-url-server-0,13.35%,1018MiB / 10.7GiB
1790487761,payflow-payflow-1,10.71%,531.6MiB / 1.5GiB
1790487761,payflow-postgres-exporter-1,1.53%,8.77MiB / 128MiB
1790487761,payflow-postgres-1,5.11%,105.9MiB / 1GiB
1790487761,payflow-mongo-1,0.75%,206.9MiB / 1GiB
1790487761,payflow-keycloak-1,0.28%,771.3MiB / 10.7GiB
1790487761,payflow-kafka-1,7.30%,480.8MiB / 1.5GiB
1790487761,payflow-grafana-1,1.41%,319.8MiB / 512MiB
1790487761,payflow-prometheus-1,0.59%,51.83MiB / 1GiB
1790487761,payflow-tempo-1,0.48%,97.02MiB / 1GiB
1790487761,k3d-tiny-url-serverlb,0.00%,26.13MiB / 10.7GiB
1790487761,k3d-tiny-url-server-0,14.20%,1018MiB / 10.7GiB
1790487768,payflow-payflow-1,22.43%,531.8MiB / 1.5GiB
1790487768,payflow-postgres-exporter-1,0.00%,7.953MiB / 128MiB
1790487768,payflow-postgres-1,1.43%,105.8MiB / 1GiB
1790487768,payflow-mongo-1,0.75%,207MiB / 1GiB
1790487768,payflow-keycloak-1,0.29%,771.3MiB / 10.7GiB
1790487768,payflow-kafka-1,78.18%,526.8MiB / 1.5GiB
1790487768,payflow-grafana-1,1.60%,319.8MiB / 512MiB
1790487768,payflow-prometheus-1,0.77%,51.85MiB / 1GiB
1790487768,payflow-tempo-1,1.03%,97.02MiB / 1GiB
1790487768,k3d-tiny-url-serverlb,0.01%,26.13MiB / 10.7GiB
1790487768,k3d-tiny-url-server-0,9.33%,1018MiB / 10.7GiB
