1790739123,payflow-payflow-1,14.74%,703.8MiB / 1.5GiB
1790739123,payflow-grafana-1,0.98%,310.3MiB / 512MiB
1790739123,payflow-postgres-exporter-1,0.00%,8.449MiB / 128MiB
1790739123,payflow-prometheus-1,0.28%,50.21MiB / 1GiB
1790739123,payflow-postgres-1,2.26%,271.7MiB / 1GiB
1790739123,payflow-tempo-1,0.43%,57.96MiB / 1.5GiB
1790739123,payflow-mongo-1,0.83%,314.5MiB / 1GiB
1790739123,payflow-kafka-1,10.11%,560MiB / 1.5GiB
1790739123,payflow-keycloak-1,64.38%,556.8MiB / 7.757GiB
1790739123,payflow-settlement-rail-1,0.02%,32.06MiB / 256MiB
1790739123,k3d-dev-serverlb,0.00%,23.96MiB / 7.757GiB
1790739123,k3d-dev-agent-0,3.98%,279.5MiB / 7.757GiB
1790739123,k3d-dev-server-0,13.49%,784.3MiB / 7.757GiB
1790739123,vibrant_bardeen,4.34%,15.13MiB / 7.757GiB
1790739135,vibrant_bardeen,7.37%,20.02MiB / 7.757GiB
1790739135,payflow-payflow-1,203.38%,716.1MiB / 1.5GiB
1790739135,payflow-grafana-1,1.58%,310.3MiB / 512MiB
1790739135,payflow-postgres-exporter-1,0.00%,7.812MiB / 128MiB
1790739135,payflow-prometheus-1,0.40%,50.22MiB / 1GiB
1790739135,payflow-postgres-1,55.11%,281.7MiB / 1GiB
1790739135,payflow-tempo-1,0.54%,57.98MiB / 1.5GiB
1790739135,payflow-mongo-1,7.85%,315.3MiB / 1GiB
1790739135,payflow-kafka-1,31.43%,563.6MiB / 1.5GiB
1790739135,payflow-keycloak-1,0.44%,571.7MiB / 7.757GiB
1790739135,payflow-settlement-rail-1,3.45%,32.58MiB / 256MiB
1790739135,k3d-dev-serverlb,0.00%,23.96MiB / 7.757GiB
1790739135,k3d-dev-agent-0,7.24%,274.3MiB / 7.757GiB
1790739135,k3d-dev-server-0,11.65%,783.9MiB / 7.757GiB
1790739149,vibrant_bardeen,4.56%,21.95MiB / 7.757GiB
1790739149,payflow-payflow-1,202.44%,712.8MiB / 1.5GiB
1790739149,payflow-grafana-1,1.52%,310.6MiB / 512MiB
1790739149,payflow-postgres-exporter-1,0.00%,7.66MiB / 128MiB
1790739149,payflow-prometheus-1,0.26%,50.23MiB / 1GiB
1790739149,payflow-postgres-1,60.51%,287.9MiB / 1GiB
1790739149,payflow-tempo-1,1.07%,60.03MiB / 1.5GiB
1790739149,payflow-mongo-1,6.66%,315.9MiB / 1GiB
1790739149,payflow-kafka-1,185.06%,650.5MiB / 1.5GiB
1790739149,payflow-keycloak-1,7.51%,572.3MiB / 7.757GiB
1790739149,payflow-settlement-rail-1,2.56%,35.75MiB / 256MiB
1790739149,k3d-dev-serverlb,0.01%,23.96MiB / 7.757GiB
1790739149,k3d-dev-agent-0,4.76%,275.5MiB / 7.757GiB
1790739149,k3d-dev-server-0,10.97%,786.8MiB / 7.757GiB
1790739161,vibrant_bardeen,4.72%,22.8MiB / 7.757GiB
1790739161,payflow-payflow-1,179.75%,714MiB / 1.5GiB
1790739161,payflow-grafana-1,0.97%,310.6MiB / 512MiB
1790739161,payflow-postgres-exporter-1,0.00%,7.898MiB / 128MiB
1790739161,payflow-prometheus-1,0.64%,50.23MiB / 1GiB
1790739161,payflow-postgres-1,49.72%,291.5MiB / 1GiB
1790739161,payflow-tempo-1,6.28%,59.39MiB / 1.5GiB
1790739161,payflow-mongo-1,41.30%,469.8MiB / 1GiB
1790739161,payflow-kafka-1,24.16%,576.6MiB / 1.5GiB
1790739161,payflow-keycloak-1,0.23%,572.3MiB / 7.757GiB
1790739161,payflow-settlement-rail-1,2.09%,33.21MiB / 256MiB
1790739161,k3d-dev-serverlb,0.00%,23.96MiB / 7.757GiB
1790739161,k3d-dev-agent-0,2.72%,277MiB / 7.757GiB
1790739161,k3d-dev-server-0,11.09%,784.5MiB / 7.757GiB
1790739173,vibrant_bardeen,4.51%,23.12MiB / 7.757GiB
1790739173,payflow-payflow-1,101.52%,714.4MiB / 1.5GiB
1790739173,payflow-grafana-1,0.99%,310.6MiB / 512MiB
1790739173,payflow-postgres-exporter-1,0.00%,8.352MiB / 128MiB
1790739173,payflow-prometheus-1,0.19%,50.24MiB / 1GiB
1790739173,payflow-postgres-1,32.23%,292.1MiB / 1GiB
1790739173,payflow-tempo-1,0.79%,58.09MiB / 1.5GiB
1790739173,payflow-mongo-1,4.07%,317.6MiB / 1GiB
1790739173,payflow-kafka-1,19.36%,573.8MiB / 1.5GiB
1790739173,payflow-keycloak-1,0.25%,572.3MiB / 7.757GiB
1790739173,payflow-settlement-rail-1,1.05%,32.88MiB / 256MiB
1790739173,k3d-dev-serverlb,0.00%,23.96MiB / 7.757GiB
1790739173,k3d-dev-agent-0,5.05%,274.4MiB / 7.757GiB
1790739173,k3d-dev-server-0,8.05%,765.6MiB / 7.757GiB
1790739187,vibrant_bardeen,4.83%,23.18MiB / 7.757GiB
1790739187,payflow-payflow-1,163.02%,714.7MiB / 1.5GiB
1790739187,payflow-grafana-1,1.11%,310.6MiB / 512MiB
1790739187,payflow-postgres-exporter-1,1.81%,8.695MiB / 128MiB
1790739187,payflow-prometheus-1,1.92%,50.25MiB / 1GiB
1790739187,payflow-postgres-1,41.70%,293.1MiB / 1GiB
1790739187,payflow-tempo-1,0.70%,56.18MiB / 1.5GiB
1790739187,payflow-mongo-1,4.14%,317.7MiB / 1GiB
1790739187,payflow-kafka-1,30.80%,577.2MiB / 1.5GiB
1790739187,payflow-keycloak-1,0.34%,572.1MiB / 7.757GiB
1790739187,payflow-settlement-rail-1,1.21%,32.63MiB / 256MiB
1790739187,k3d-dev-serverlb,0.00%,23.96MiB / 7.757GiB
1790739187,k3d-dev-agent-0,7.97%,278MiB / 7.757GiB
1790739187,k3d-dev-server-0,23.86%,767.2MiB / 7.757GiB
1790739199,vibrant_bardeen,3.82%,23.55MiB / 7.757GiB
1790739199,payflow-payflow-1,93.24%,712.7MiB / 1.5GiB
1790739199,payflow-grafana-1,0.99%,310.6MiB / 512MiB
1790739199,payflow-postgres-exporter-1,0.00%,8.473MiB / 128MiB
1790739199,payflow-prometheus-1,0.21%,50.26MiB / 1GiB
1790739199,payflow-postgres-1,28.68%,297.6MiB / 1GiB
1790739199,payflow-tempo-1,0.85%,57.36MiB / 1.5GiB
1790739199,payflow-mongo-1,4.39%,317.9MiB / 1GiB
1790739199,payflow-kafka-1,181.68%,657.3MiB / 1.5GiB
1790739199,payflow-keycloak-1,0.27%,572.1MiB / 7.757GiB
1790739199,payflow-settlement-rail-1,1.09%,33.65MiB / 256MiB
1790739199,k3d-dev-serverlb,0.00%,23.96MiB / 7.757GiB
1790739199,k3d-dev-agent-0,4.05%,270.7MiB / 7.757GiB
1790739199,k3d-dev-server-0,12.58%,764.6MiB / 7.757GiB
1790739211,vibrant_bardeen,4.09%,23.29MiB / 7.757GiB
1790739211,payflow-payflow-1,85.92%,713.1MiB / 1.5GiB
1790739211,payflow-grafana-1,0.93%,310.6MiB / 512MiB
1790739211,payflow-postgres-exporter-1,1.77%,7.727MiB / 128MiB
1790739211,payflow-prometheus-1,1.18%,50.27MiB / 1GiB
1790739211,payflow-postgres-1,32.74%,298.5MiB / 1GiB
1790739211,payflow-tempo-1,0.86%,54.67MiB / 1.5GiB
1790739211,payflow-mongo-1,3.66%,318.3MiB / 1GiB
1790739211,payflow-kafka-1,46.82%,587MiB / 1.5GiB
1790739211,payflow-keycloak-1,0.23%,572.1MiB / 7.757GiB
1790739211,payflow-settlement-rail-1,4.57%,32.86MiB / 256MiB
1790739211,k3d-dev-serverlb,0.00%,23.96MiB / 7.757GiB
1790739211,k3d-dev-agent-0,4.05%,275.2MiB / 7.757GiB
1790739211,k3d-dev-server-0,8.88%,765MiB / 7.757GiB
1790739225,vibrant_bardeen,3.40%,23.34MiB / 7.757GiB
1790739225,payflow-payflow-1,68.67%,714.4MiB / 1.5GiB
1790739225,payflow-grafana-1,0.86%,310.6MiB / 512MiB
1790739225,payflow-postgres-exporter-1,0.00%,8.238MiB / 128MiB
1790739225,payflow-prometheus-1,0.19%,50.28MiB / 1GiB
1790739225,payflow-postgres-1,28.98%,299.3MiB / 1GiB
1790739225,payflow-tempo-1,0.83%,58.26MiB / 1.5GiB
1790739225,payflow-mongo-1,25.07%,318.3MiB / 1GiB
1790739225,payflow-kafka-1,18.82%,592.8MiB / 1.5GiB
1790739225,payflow-keycloak-1,0.19%,572.1MiB / 7.757GiB
1790739225,payflow-settlement-rail-1,16.64%,49.33MiB / 256MiB
1790739225,k3d-dev-serverlb,0.00%,23.96MiB / 7.757GiB
1790739225,k3d-dev-agent-0,3.90%,276.5MiB / 7.757GiB
1790739225,k3d-dev-server-0,9.08%,768.5MiB / 7.757GiB
1790739237,vibrant_bardeen,4.04%,23.41MiB / 7.757GiB
1790739237,payflow-payflow-1,78.77%,713.9MiB / 1.5GiB
1790739237,payflow-grafana-1,0.93%,310.6MiB / 512MiB
1790739237,payflow-postgres-exporter-1,0.00%,8.07MiB / 128MiB
1790739237,payflow-prometheus-1,0.42%,50.54MiB / 1GiB
1790739237,payflow-postgres-1,27.81%,300.7MiB / 1GiB
1790739237,payflow-tempo-1,0.26%,58.54MiB / 1.5GiB
1790739237,payflow-mongo-1,3.94%,318.3MiB / 1GiB
1790739237,payflow-kafka-1,15.70%,586.2MiB / 1.5GiB
1790739237,payflow-keycloak-1,0.21%,572.1MiB / 7.757GiB
1790739237,payflow-settlement-rail-1,0.78%,36.06MiB / 256MiB
1790739237,k3d-dev-serverlb,0.00%,23.96MiB / 7.757GiB
1790739237,k3d-dev-agent-0,5.02%,274.4MiB / 7.757GiB
1790739237,k3d-dev-server-0,9.38%,772.8MiB / 7.757GiB
1790739250,vibrant_bardeen,4.67%,23.79MiB / 7.757GiB
1790739250,payflow-payflow-1,76.67%,714.2MiB / 1.5GiB
1790739250,payflow-grafana-1,1.07%,310.6MiB / 512MiB
1790739250,payflow-postgres-exporter-1,0.00%,8.68MiB / 128MiB
1790739250,payflow-prometheus-1,0.20%,52.56MiB / 1GiB
1790739250,payflow-postgres-1,29.52%,301.6MiB / 1GiB
1790739250,payflow-tempo-1,1.59%,56.29MiB / 1.5GiB
1790739250,payflow-mongo-1,3.79%,318.3MiB / 1GiB
1790739250,payflow-kafka-1,19.29%,589.6MiB / 1.5GiB
1790739250,payflow-keycloak-1,0.22%,572MiB / 7.757GiB
1790739250,payflow-settlement-rail-1,0.78%,34.74MiB / 256MiB
1790739250,k3d-dev-serverlb,0.00%,23.96MiB / 7.757GiB
1790739250,k3d-dev-agent-0,4.14%,276.6MiB / 7.757GiB
1790739250,k3d-dev-server-0,8.37%,783MiB / 7.757GiB
1790739263,vibrant_bardeen,4.45%,23.85MiB / 7.757GiB
1790739263,payflow-payflow-1,74.23%,714.6MiB / 1.5GiB
1790739263,payflow-grafana-1,0.82%,310.6MiB / 512MiB
1790739263,payflow-postgres-exporter-1,0.00%,8.648MiB / 128MiB
1790739263,payflow-prometheus-1,0.36%,54.45MiB / 1GiB
1790739263,payflow-postgres-1,39.08%,304.5MiB / 1GiB
1790739263,payflow-tempo-1,0.84%,56.79MiB / 1.5GiB
1790739263,payflow-mongo-1,4.29%,318.3MiB / 1GiB
1790739263,payflow-kafka-1,89.87%,593.2MiB / 1.5GiB
1790739263,payflow-keycloak-1,0.22%,572MiB / 7.757GiB
1790739263,payflow-settlement-rail-1,0.96%,41.46MiB / 256MiB
1790739263,k3d-dev-serverlb,0.00%,23.96MiB / 7.757GiB
1790739263,k3d-dev-agent-0,3.05%,271.6MiB / 7.757GiB
1790739263,k3d-dev-server-0,7.47%,788.4MiB / 7.757GiB
1790739275,vibrant_bardeen,2.99%,23.89MiB / 7.757GiB
1790739275,payflow-payflow-1,63.75%,716.2MiB / 1.5GiB
1790739275,payflow-grafana-1,0.70%,310.4MiB / 512MiB
1790739275,payflow-postgres-exporter-1,0.00%,8.34MiB / 128MiB
1790739275,payflow-prometheus-1,0.29%,55.9MiB / 1GiB
1790739275,payflow-postgres-1,26.58%,305.4MiB / 1GiB
1790739275,payflow-tempo-1,1.94%,58.16MiB / 1.5GiB
1790739275,payflow-mongo-1,48.50%,318.5MiB / 1GiB
1790739275,payflow-kafka-1,169.25%,674.4MiB / 1.5GiB
1790739275,payflow-keycloak-1,0.20%,571.9MiB / 7.757GiB
1790739275,payflow-settlement-rail-1,0.67%,33.52MiB / 256MiB
1790739275,k3d-dev-serverlb,0.00%,23.96MiB / 7.757GiB
1790739275,k3d-dev-agent-0,4.06%,275.8MiB / 7.757GiB
1790739275,k3d-dev-server-0,11.38%,795.8MiB / 7.757GiB
1790739289,vibrant_bardeen,4.93%,24.03MiB / 7.757GiB
1790739289,payflow-payflow-1,74.13%,715.3MiB / 1.5GiB
1790739289,payflow-grafana-1,1.08%,310.4MiB / 512MiB
1790739289,payflow-postgres-exporter-1,0.00%,8.305MiB / 128MiB
1790739289,payflow-prometheus-1,0.21%,55.99MiB / 1GiB
1790739289,payflow-postgres-1,32.74%,306.6MiB / 1GiB
1790739289,payflow-tempo-1,0.34%,52.72MiB / 1.5GiB
1790739289,payflow-mongo-1,3.21%,318.5MiB / 1GiB
1790739289,payflow-kafka-1,16.43%,594.1MiB / 1.5GiB
1790739289,payflow-keycloak-1,0.30%,571.9MiB / 7.757GiB
1790739289,payflow-settlement-rail-1,1.25%,33.74MiB / 256MiB
1790739289,k3d-dev-serverlb,0.00%,23.96MiB / 7.757GiB
1790739289,k3d-dev-agent-0,5.66%,276.8MiB / 7.757GiB
1790739289,k3d-dev-server-0,11.33%,806MiB / 7.757GiB
1790739301,vibrant_bardeen,2.77%,24.09MiB / 7.757GiB
1790739301,payflow-payflow-1,111.95%,722.6MiB / 1.5GiB
1790739301,payflow-grafana-1,0.71%,310.4MiB / 512MiB
1790739301,payflow-postgres-exporter-1,1.36%,8.203MiB / 128MiB
1790739301,payflow-prometheus-1,1.25%,56MiB / 1GiB
1790739301,payflow-postgres-1,34.69%,308MiB / 1GiB
1790739301,payflow-tempo-1,0.23%,58.1MiB / 1.5GiB
1790739301,payflow-mongo-1,3.57%,318.7MiB / 1GiB
1790739301,payflow-kafka-1,15.37%,596.8MiB / 1.5GiB
1790739301,payflow-keycloak-1,0.19%,571.9MiB / 7.757GiB
1790739301,payflow-settlement-rail-1,0.89%,33.63MiB / 256MiB
1790739301,k3d-dev-serverlb,0.00%,23.96MiB / 7.757GiB
1790739301,k3d-dev-agent-0,8.58%,276MiB / 7.757GiB
1790739301,k3d-dev-server-0,7.59%,808.7MiB / 7.757GiB
1790739314,vibrant_bardeen,3.22%,24.13MiB / 7.757GiB
1790739314,payflow-payflow-1,62.78%,731.3MiB / 1.5GiB
1790739314,payflow-grafana-1,0.83%,310.4MiB / 512MiB
1790739314,payflow-postgres-exporter-1,0.00%,8.684MiB / 128MiB
1790739314,payflow-prometheus-1,0.15%,56MiB / 1GiB
1790739314,payflow-postgres-1,95.54%,322.8MiB / 1GiB
1790739314,payflow-tempo-1,0.20%,55.68MiB / 1.5GiB
1790739314,payflow-mongo-1,3.53%,318.7MiB / 1GiB
1790739314,payflow-kafka-1,16.18%,599.4MiB / 1.5GiB
1790739314,payflow-keycloak-1,0.18%,571.9MiB / 7.757GiB
1790739314,payflow-settlement-rail-1,0.89%,33.69MiB / 256MiB
1790739314,k3d-dev-serverlb,0.00%,23.96MiB / 7.757GiB
1790739314,k3d-dev-agent-0,3.56%,277.4MiB / 7.757GiB
1790739314,k3d-dev-server-0,7.05%,809.7MiB / 7.757GiB
1790739327,payflow-payflow-1,15.87%,716.6MiB / 1.5GiB
1790739327,payflow-grafana-1,1.16%,310.4MiB / 512MiB
1790739327,payflow-postgres-exporter-1,1.51%,8.379MiB / 128MiB
1790739327,payflow-prometheus-1,0.90%,56.01MiB / 1GiB
1790739327,payflow-postgres-1,5.47%,311.1MiB / 1GiB
1790739327,payflow-tempo-1,0.32%,55.81MiB / 1.5GiB
1790739327,payflow-mongo-1,0.64%,318.7MiB / 1GiB
1790739327,payflow-kafka-1,8.34%,598.3MiB / 1.5GiB
1790739327,payflow-keycloak-1,0.26%,571.9MiB / 7.757GiB
1790739327,payflow-settlement-rail-1,0.13%,33.7MiB / 256MiB
1790739327,k3d-dev-serverlb,0.01%,23.96MiB / 7.757GiB
1790739327,k3d-dev-agent-0,5.85%,272.5MiB / 7.757GiB
1790739327,k3d-dev-server-0,9.51%,809.4MiB / 7.757GiB
1790739339,payflow-payflow-1,11.94%,716.7MiB / 1.5GiB
1790739339,payflow-grafana-1,0.89%,310.4MiB / 512MiB
1790739339,payflow-postgres-exporter-1,0.00%,7.816MiB / 128MiB
1790739339,payflow-prometheus-1,0.18%,56.02MiB / 1GiB
1790739339,payflow-postgres-1,1.34%,311.2MiB / 1GiB
1790739339,payflow-tempo-1,0.29%,52.19MiB / 1.5GiB
1790739339,payflow-mongo-1,24.65%,318.8MiB / 1GiB
1790739339,payflow-kafka-1,44.65%,598.4MiB / 1.5GiB
1790739339,payflow-keycloak-1,0.22%,572.2MiB / 7.757GiB
1790739339,payflow-settlement-rail-1,0.01%,33.7MiB / 256MiB
1790739339,k3d-dev-serverlb,0.00%,23.96MiB / 7.757GiB
1790739339,k3d-dev-agent-0,4.21%,275.7MiB / 7.757GiB
1790739339,k3d-dev-server-0,7.53%,810MiB / 7.757GiB
