1790749370,payflow-payflow-1,185.50%,515.3MiB / 1.5GiB
1790749370,payflow-postgres-exporter-1,0.00%,14.05MiB / 128MiB
1790749370,payflow-postgres-1,3.03%,84.89MiB / 1GiB
1790749370,payflow-mongo-1,7.55%,191.1MiB / 1GiB
1790749370,payflow-kafka-1,165.33%,555.6MiB / 1.5GiB
1790749370,payflow-keycloak-1,23.14%,998.5MiB / 7.757GiB
1790749370,payflow-settlement-rail-1,0.03%,23.39MiB / 256MiB
1790749370,k3d-dev-agent-1-0,2.39%,1.036GiB / 7.757GiB
1790749370,payflow-grafana-1,1.46%,154.1MiB / 512MiB
1790749370,payflow-prometheus-1,100.74%,146.2MiB / 1GiB
1790749370,payflow-tempo-1,0.22%,77.29MiB / 1.5GiB
1790749370,k3d-dev-serverlb,0.00%,3.426MiB / 7.757GiB
1790749370,k3d-dev-agent-0,2.53%,684.1MiB / 7.757GiB
1790749370,k3d-dev-server-0,12.61%,1.658GiB / 7.757GiB
1790749370,suspicious_nash,2.99%,30.63MiB / 7.757GiB
1790749383,suspicious_nash,1.67%,28.2MiB / 7.757GiB
1790749383,payflow-payflow-1,102.69%,539.5MiB / 1.5GiB
1790749383,payflow-postgres-exporter-1,0.00%,13.47MiB / 128MiB
1790749383,payflow-postgres-1,11.78%,100.3MiB / 1GiB
1790749383,payflow-mongo-1,50.13%,154.1MiB / 1GiB
1790749383,payflow-kafka-1,25.12%,477.1MiB / 1.5GiB
1790749383,payflow-keycloak-1,0.21%,1.126GiB / 7.757GiB
1790749383,payflow-settlement-rail-1,1.00%,29.18MiB / 256MiB
1790749383,k3d-dev-agent-1-0,4.18%,1.037GiB / 7.757GiB
1790749383,payflow-grafana-1,0.95%,149.5MiB / 512MiB
1790749383,payflow-prometheus-1,0.53%,120.3MiB / 1GiB
1790749383,payflow-tempo-1,1.38%,78.21MiB / 1.5GiB
1790749383,k3d-dev-serverlb,0.00%,3.352MiB / 7.757GiB
1790749383,k3d-dev-agent-0,3.02%,698.2MiB / 7.757GiB
1790749383,k3d-dev-server-0,10.55%,1.655GiB / 7.757GiB
1790749397,suspicious_nash,1.64%,25.57MiB / 7.757GiB
1790749397,payflow-payflow-1,86.65%,538.4MiB / 1.5GiB
1790749397,payflow-postgres-exporter-1,0.00%,12.71MiB / 128MiB
1790749397,payflow-postgres-1,13.80%,102.8MiB / 1GiB
1790749397,payflow-mongo-1,1.40%,145.7MiB / 1GiB
1790749397,payflow-kafka-1,22.55%,477MiB / 1.5GiB
1790749397,payflow-keycloak-1,0.27%,1.086GiB / 7.757GiB
1790749397,payflow-settlement-rail-1,1.05%,29.98MiB / 256MiB
1790749397,k3d-dev-agent-1-0,5.66%,1.047GiB / 7.757GiB
1790749397,payflow-grafana-1,1.12%,143.5MiB / 512MiB
1790749397,payflow-prometheus-1,0.25%,112.4MiB / 1GiB
1790749397,payflow-tempo-1,0.28%,79.96MiB / 1.5GiB
1790749397,k3d-dev-serverlb,0.00%,3.367MiB / 7.757GiB
1790749397,k3d-dev-agent-0,29.94%,742.3MiB / 7.757GiB
1790749397,k3d-dev-server-0,29.11%,1.666GiB / 7.757GiB
1790749409,suspicious_nash,1.79%,23.91MiB / 7.757GiB
1790749409,payflow-payflow-1,95.89%,534.6MiB / 1.5GiB
1790749409,payflow-postgres-exporter-1,0.00%,11.91MiB / 128MiB
1790749409,payflow-postgres-1,13.58%,99.73MiB / 1GiB
1790749409,payflow-mongo-1,1.82%,133.5MiB / 1GiB
1790749409,payflow-kafka-1,18.33%,477.8MiB / 1.5GiB
1790749409,payflow-keycloak-1,0.99%,1.044GiB / 7.757GiB
1790749409,payflow-settlement-rail-1,0.93%,27.97MiB / 256MiB
1790749409,k3d-dev-agent-1-0,7.48%,1.065GiB / 7.757GiB
1790749409,payflow-grafana-1,1.21%,136.8MiB / 512MiB
1790749409,payflow-prometheus-1,0.23%,85.95MiB / 1GiB
1790749409,payflow-tempo-1,0.35%,77.7MiB / 1.5GiB
1790749409,k3d-dev-serverlb,0.00%,3.359MiB / 7.757GiB
1790749409,k3d-dev-agent-0,7.40%,749.5MiB / 7.757GiB
1790749409,k3d-dev-server-0,13.18%,1.652GiB / 7.757GiB
1790749421,suspicious_nash,1.27%,25.53MiB / 7.757GiB
1790749421,payflow-payflow-1,114.82%,539.4MiB / 1.5GiB
1790749421,payflow-postgres-exporter-1,2.03%,11.92MiB / 128MiB
1790749421,payflow-postgres-1,18.76%,101.6MiB / 1GiB
1790749421,payflow-mongo-1,1.76%,133.3MiB / 1GiB
1790749421,payflow-kafka-1,25.26%,498.6MiB / 1.5GiB
1790749421,payflow-keycloak-1,0.20%,1.042GiB / 7.757GiB
1790749421,payflow-settlement-rail-1,9.68%,37.12MiB / 256MiB
1790749421,k3d-dev-agent-1-0,3.58%,1.065GiB / 7.757GiB
1790749421,payflow-grafana-1,1.02%,166.8MiB / 512MiB
1790749421,payflow-prometheus-1,1.90%,86.19MiB / 1GiB
1790749421,payflow-tempo-1,0.28%,81.6MiB / 1.5GiB
1790749421,k3d-dev-serverlb,0.00%,3.371MiB / 7.757GiB
1790749421,k3d-dev-agent-0,11.05%,764.7MiB / 7.757GiB
1790749421,k3d-dev-server-0,17.18%,1.661GiB / 7.757GiB
1790749436,suspicious_nash,1.70%,25.05MiB / 7.757GiB
1790749436,payflow-payflow-1,70.00%,538.2MiB / 1.5GiB
1790749436,payflow-postgres-exporter-1,0.00%,12.19MiB / 128MiB
1790749436,payflow-postgres-1,8.03%,98.15MiB / 1GiB
1790749436,payflow-mongo-1,25.23%,254.5MiB / 1GiB
1790749436,payflow-kafka-1,180.39%,575.6MiB / 1.5GiB
1790749436,payflow-keycloak-1,0.17%,1021MiB / 7.757GiB
1790749436,payflow-settlement-rail-1,1.20%,27.86MiB / 256MiB
1790749436,k3d-dev-agent-1-0,2.69%,1.059GiB / 7.757GiB
1790749436,payflow-grafana-1,0.68%,175.3MiB / 512MiB
1790749436,payflow-prometheus-1,0.19%,82.52MiB / 1GiB
1790749436,payflow-tempo-1,0.22%,81.43MiB / 1.5GiB
1790749436,k3d-dev-serverlb,0.00%,3.387MiB / 7.757GiB
1790749436,k3d-dev-agent-0,2.91%,764.7MiB / 7.757GiB
1790749436,k3d-dev-server-0,15.63%,1.66GiB / 7.757GiB
1790749448,suspicious_nash,1.46%,25.32MiB / 7.757GiB
1790749448,payflow-payflow-1,62.12%,539.9MiB / 1.5GiB
1790749448,payflow-postgres-exporter-1,2.32%,12.28MiB / 128MiB
1790749448,payflow-postgres-1,17.59%,101MiB / 1GiB
1790749448,payflow-mongo-1,3.86%,113.2MiB / 1GiB
1790749448,payflow-kafka-1,16.84%,488.4MiB / 1.5GiB
1790749448,payflow-keycloak-1,0.20%,1018MiB / 7.757GiB
1790749448,payflow-settlement-rail-1,2.02%,30.38MiB / 256MiB
1790749448,k3d-dev-agent-1-0,6.58%,1.059GiB / 7.757GiB
1790749448,payflow-grafana-1,1.30%,175MiB / 512MiB
1790749448,payflow-prometheus-1,1.85%,84.22MiB / 1GiB
1790749448,payflow-tempo-1,0.33%,81.55MiB / 1.5GiB
1790749448,k3d-dev-serverlb,0.00%,3.387MiB / 7.757GiB
1790749448,k3d-dev-agent-0,8.42%,774.2MiB / 7.757GiB
1790749448,k3d-dev-server-0,13.87%,1.656GiB / 7.757GiB
1790749460,suspicious_nash,1.72%,25.64MiB / 7.757GiB
1790749460,payflow-payflow-1,60.35%,542MiB / 1.5GiB
1790749460,payflow-postgres-exporter-1,0.00%,11.99MiB / 128MiB
1790749460,payflow-postgres-1,14.34%,101.8MiB / 1GiB
1790749460,payflow-mongo-1,1.73%,113.4MiB / 1GiB
1790749460,payflow-kafka-1,23.52%,491.6MiB / 1.5GiB
1790749460,payflow-keycloak-1,0.25%,1019MiB / 7.757GiB
1790749460,payflow-settlement-rail-1,0.61%,29.4MiB / 256MiB
1790749460,k3d-dev-agent-1-0,7.71%,1.06GiB / 7.757GiB
1790749460,payflow-grafana-1,1.15%,175.1MiB / 512MiB
1790749460,payflow-prometheus-1,0.29%,84.36MiB / 1GiB
1790749460,payflow-tempo-1,0.32%,81.64MiB / 1.5GiB
1790749460,k3d-dev-serverlb,0.00%,3.391MiB / 7.757GiB
1790749460,k3d-dev-agent-0,8.13%,773.4MiB / 7.757GiB
1790749460,k3d-dev-server-0,14.85%,1.666GiB / 7.757GiB
1790749474,payflow-payflow-1,13.50%,542.4MiB / 1.5GiB
1790749474,payflow-postgres-exporter-1,0.00%,12.56MiB / 128MiB
1790749474,payflow-postgres-1,1.70%,101.6MiB / 1GiB
1790749474,payflow-mongo-1,0.55%,106.6MiB / 1GiB
1790749474,payflow-kafka-1,9.19%,485.7MiB / 1.5GiB
1790749474,payflow-keycloak-1,0.23%,1024MiB / 7.757GiB
1790749474,payflow-settlement-rail-1,0.02%,28.31MiB / 256MiB
1790749474,k3d-dev-agent-1-0,9.53%,1.057GiB / 7.757GiB
1790749474,payflow-grafana-1,1.24%,173.3MiB / 512MiB
1790749474,payflow-prometheus-1,0.41%,83.41MiB / 1GiB
1790749474,payflow-tempo-1,0.66%,81.36MiB / 1.5GiB
1790749474,k3d-dev-serverlb,0.00%,3.406MiB / 7.757GiB
1790749474,k3d-dev-agent-0,14.88%,767.8MiB / 7.757GiB
1790749474,k3d-dev-server-0,34.61%,1.674GiB / 7.757GiB
1790749486,payflow-payflow-1,20.81%,542.5MiB / 1.5GiB
1790749486,payflow-postgres-exporter-1,0.00%,12.59MiB / 128MiB
1790749486,payflow-postgres-1,2.12%,101.8MiB / 1GiB
1790749486,payflow-mongo-1,0.71%,111.1MiB / 1GiB
1790749486,payflow-kafka-1,14.53%,486MiB / 1.5GiB
1790749486,payflow-keycloak-1,0.27%,1024MiB / 7.757GiB
1790749486,payflow-settlement-rail-1,0.03%,28.31MiB / 256MiB
1790749486,k3d-dev-agent-1-0,6.91%,1.059GiB / 7.757GiB
1790749486,payflow-grafana-1,1.35%,173.9MiB / 512MiB
1790749486,payflow-prometheus-1,0.34%,83.51MiB / 1GiB
1790749486,payflow-tempo-1,0.43%,81.41MiB / 1.5GiB
1790749486,k3d-dev-serverlb,0.00%,3.414MiB / 7.757GiB
1790749486,k3d-dev-agent-0,6.07%,775MiB / 7.757GiB
1790749486,k3d-dev-server-0,13.82%,1.689GiB / 7.757GiB
1790749501,payflow-payflow-1,11.04%,541.5MiB / 1.5GiB
1790749501,payflow-postgres-exporter-1,0.00%,12.55MiB / 128MiB
1790749501,payflow-postgres-1,1.18%,100.4MiB / 1GiB
1790749501,payflow-mongo-1,35.52%,106.2MiB / 1GiB
1790749501,payflow-kafka-1,72.22%,486.6MiB / 1.5GiB
1790749501,payflow-keycloak-1,0.21%,996.4MiB / 7.757GiB
1790749501,payflow-settlement-rail-1,0.02%,27.9MiB / 256MiB
1790749501,k3d-dev-agent-1-0,5.25%,1.055GiB / 7.757GiB
1790749501,payflow-grafana-1,1.07%,170.3MiB / 512MiB
1790749501,payflow-prometheus-1,0.69%,85.04MiB / 1GiB
1790749501,payflow-tempo-1,1.18%,80.59MiB / 1.5GiB
1790749501,k3d-dev-serverlb,0.02%,3.426MiB / 7.757GiB
1790749501,k3d-dev-agent-0,3.34%,760.1MiB / 7.757GiB
1790749501,k3d-dev-server-0,14.51%,1.693GiB / 7.757GiB
