1790673599,payflow-payflow-1,57.18%,758.1MiB / 1.5GiB
1790673599,payflow-postgres-exporter-1,0.00%,11.55MiB / 128MiB
1790673599,payflow-postgres-1,19.37%,603.8MiB / 1GiB
1790673599,payflow-mongo-1,0.41%,216.3MiB / 1GiB
1790673599,payflow-kafka-1,184.29%,1.119GiB / 1.5GiB
1790673599,payflow-keycloak-1,67.66%,755.1MiB / 10.7GiB
1790673599,payflow-settlement-rail-1,0.01%,56.36MiB / 256MiB
1790673599,payflow-tempo-1,0.24%,138.9MiB / 1.5GiB
1790673599,payflow-grafana-1,0.78%,318.4MiB / 512MiB
1790673599,payflow-prometheus-1,0.26%,87.14MiB / 1GiB
1790673599,k3d-tiny-url-serverlb,0.00%,25.58MiB / 10.7GiB
1790673599,k3d-tiny-url-server-0,8.53%,1.159GiB / 10.7GiB
1790673599,boring_khorana,8.87%,16.8MiB / 10.7GiB
1790673611,boring_khorana,4.64%,21.71MiB / 10.7GiB
1790673611,payflow-payflow-1,87.83%,762.2MiB / 1.5GiB
1790673611,payflow-postgres-exporter-1,2.50%,12.05MiB / 128MiB
1790673611,payflow-postgres-1,63.63%,611.7MiB / 1GiB
1790673611,payflow-mongo-1,4.45%,216.3MiB / 1GiB
1790673611,payflow-kafka-1,26.78%,1.034GiB / 1.5GiB
1790673611,payflow-keycloak-1,0.28%,755.4MiB / 10.7GiB
1790673611,payflow-settlement-rail-1,0.85%,56.6MiB / 256MiB
1790673611,payflow-tempo-1,0.31%,143.5MiB / 1.5GiB
1790673611,payflow-grafana-1,1.18%,318.4MiB / 512MiB
1790673611,payflow-prometheus-1,0.56%,87.14MiB / 1GiB
1790673611,k3d-tiny-url-serverlb,0.00%,25.58MiB / 10.7GiB
1790673611,k3d-tiny-url-server-0,11.46%,1.159GiB / 10.7GiB
1790673623,boring_khorana,4.94%,22.96MiB / 10.7GiB
1790673623,payflow-payflow-1,94.26%,761.3MiB / 1.5GiB
1790673623,payflow-postgres-exporter-1,0.00%,12.68MiB / 128MiB
1790673623,payflow-postgres-1,45.63%,609.5MiB / 1GiB
1790673623,payflow-mongo-1,7.36%,216.3MiB / 1GiB
1790673623,payflow-kafka-1,28.08%,1.036GiB / 1.5GiB
1790673623,payflow-keycloak-1,0.27%,755.4MiB / 10.7GiB
1790673623,payflow-settlement-rail-1,0.90%,56.68MiB / 256MiB
1790673623,payflow-tempo-1,0.38%,140.9MiB / 1.5GiB
1790673623,payflow-grafana-1,1.23%,318.4MiB / 512MiB
1790673623,payflow-prometheus-1,1.06%,87.14MiB / 1GiB
1790673623,k3d-tiny-url-serverlb,0.00%,25.58MiB / 10.7GiB
1790673623,k3d-tiny-url-server-0,19.36%,1.16GiB / 10.7GiB
1790673635,boring_khorana,5.08%,23.29MiB / 10.7GiB
1790673635,payflow-payflow-1,84.96%,761.4MiB / 1.5GiB
1790673635,payflow-postgres-exporter-1,1.65%,12.13MiB / 128MiB
1790673635,payflow-postgres-1,45.69%,610.7MiB / 1GiB
1790673635,payflow-mongo-1,50.20%,216.3MiB / 1GiB
1790673635,payflow-kafka-1,20.91%,1.038GiB / 1.5GiB
1790673635,payflow-keycloak-1,0.27%,755.4MiB / 10.7GiB
1790673635,payflow-settlement-rail-1,0.90%,56.71MiB / 256MiB
1790673635,payflow-tempo-1,0.95%,142.1MiB / 1.5GiB
1790673635,payflow-grafana-1,1.68%,318.4MiB / 512MiB
1790673635,payflow-prometheus-1,0.60%,87.15MiB / 1GiB
1790673635,k3d-tiny-url-serverlb,0.01%,25.58MiB / 10.7GiB
1790673635,k3d-tiny-url-server-0,10.36%,1.16GiB / 10.7GiB
1790673648,boring_khorana,5.56%,23.52MiB / 10.7GiB
1790673648,payflow-payflow-1,92.41%,761.4MiB / 1.5GiB
1790673648,payflow-postgres-exporter-1,0.00%,12.71MiB / 128MiB
1790673648,payflow-postgres-1,40.88%,610.9MiB / 1GiB
1790673648,payflow-mongo-1,4.85%,216.3MiB / 1GiB
1790673648,payflow-kafka-1,26.17%,1.04GiB / 1.5GiB
1790673648,payflow-keycloak-1,0.32%,755.4MiB / 10.7GiB
1790673648,payflow-settlement-rail-1,0.59%,56.77MiB / 256MiB
1790673648,payflow-tempo-1,0.38%,143.1MiB / 1.5GiB
1790673648,payflow-grafana-1,1.73%,318.4MiB / 512MiB
1790673648,payflow-prometheus-1,1.31%,87.15MiB / 1GiB
1790673648,k3d-tiny-url-serverlb,0.00%,25.58MiB / 10.7GiB
1790673648,k3d-tiny-url-server-0,8.09%,1.159GiB / 10.7GiB
1790673660,boring_khorana,2.64%,23.51MiB / 10.7GiB
1790673660,payflow-payflow-1,197.28%,125.5MiB / 1.5GiB
1790673660,payflow-postgres-exporter-1,0.00%,12.26MiB / 128MiB
1790673660,payflow-postgres-1,0.07%,548.8MiB / 1GiB
1790673660,payflow-mongo-1,0.49%,215.8MiB / 1GiB
1790673660,payflow-kafka-1,33.03%,1.041GiB / 1.5GiB
1790673660,payflow-keycloak-1,0.22%,755.3MiB / 10.7GiB
1790673660,payflow-settlement-rail-1,0.01%,56.79MiB / 256MiB
1790673660,payflow-tempo-1,0.24%,143.1MiB / 1.5GiB
1790673660,payflow-grafana-1,0.79%,318.4MiB / 512MiB
1790673660,payflow-prometheus-1,0.68%,87.15MiB / 1GiB
1790673660,k3d-tiny-url-serverlb,0.00%,25.58MiB / 10.7GiB
1790673660,k3d-tiny-url-server-0,9.13%,1.16GiB / 10.7GiB
1790673672,boring_khorana,3.80%,23.72MiB / 10.7GiB
1790673672,payflow-payflow-1,201.34%,381.5MiB / 1.5GiB
1790673672,payflow-postgres-exporter-1,0.00%,12.03MiB / 128MiB
1790673672,payflow-postgres-1,12.15%,599.3MiB / 1GiB
1790673672,payflow-mongo-1,0.44%,216.2MiB / 1GiB
1790673672,payflow-kafka-1,175.67%,1.131GiB / 1.5GiB
1790673672,payflow-keycloak-1,3.69%,755.4MiB / 10.7GiB
1790673672,payflow-settlement-rail-1,0.01%,56.79MiB / 256MiB
1790673672,payflow-tempo-1,0.42%,143.1MiB / 1.5GiB
1790673672,payflow-grafana-1,1.10%,318.4MiB / 512MiB
1790673672,payflow-prometheus-1,0.23%,87.17MiB / 1GiB
1790673672,k3d-tiny-url-serverlb,0.00%,25.58MiB / 10.7GiB
1790673672,k3d-tiny-url-server-0,7.74%,1.159GiB / 10.7GiB
1790673684,boring_khorana,5.61%,26.34MiB / 10.7GiB
1790673684,payflow-payflow-1,197.35%,525.7MiB / 1.5GiB
1790673684,payflow-postgres-exporter-1,0.00%,12.76MiB / 128MiB
1790673684,payflow-postgres-1,18.51%,606.1MiB / 1GiB
1790673684,payflow-mongo-1,2.47%,216.3MiB / 1GiB
1790673684,payflow-kafka-1,19.37%,1.041GiB / 1.5GiB
1790673684,payflow-keycloak-1,0.28%,755.4MiB / 10.7GiB
1790673684,payflow-settlement-rail-1,0.57%,56.81MiB / 256MiB
1790673684,payflow-tempo-1,1.02%,138.4MiB / 1.5GiB
1790673684,payflow-grafana-1,1.30%,318.4MiB / 512MiB
1790673684,payflow-prometheus-1,1.07%,87.16MiB / 1GiB
1790673684,k3d-tiny-url-serverlb,0.01%,25.58MiB / 10.7GiB
1790673684,k3d-tiny-url-server-0,11.32%,1.16GiB / 10.7GiB
1790673697,boring_khorana,3.84%,26.82MiB / 10.7GiB
1790673697,payflow-payflow-1,192.22%,548.3MiB / 1.5GiB
1790673697,payflow-postgres-exporter-1,0.00%,12.21MiB / 128MiB
1790673697,payflow-postgres-1,26.33%,615.6MiB / 1GiB
1790673697,payflow-mongo-1,51.61%,217.2MiB / 1GiB
1790673697,payflow-kafka-1,15.49%,1.042GiB / 1.5GiB
1790673697,payflow-keycloak-1,0.23%,756MiB / 10.7GiB
1790673697,payflow-settlement-rail-1,1.00%,56.85MiB / 256MiB
1790673697,payflow-tempo-1,3.36%,140.1MiB / 1.5GiB
1790673697,payflow-grafana-1,1.09%,318.4MiB / 512MiB
1790673697,payflow-prometheus-1,0.26%,87.62MiB / 1GiB
1790673697,k3d-tiny-url-serverlb,0.01%,25.58MiB / 10.7GiB
1790673697,k3d-tiny-url-server-0,16.52%,1.16GiB / 10.7GiB
1790673709,boring_khorana,10.17%,27.19MiB / 10.7GiB
1790673709,payflow-payflow-1,197.63%,552.2MiB / 1.5GiB
1790673709,payflow-postgres-exporter-1,0.00%,11.49MiB / 128MiB
1790673709,payflow-postgres-1,41.22%,621.5MiB / 1GiB
1790673709,payflow-mongo-1,3.48%,217.2MiB / 1GiB
1790673709,payflow-kafka-1,17.78%,1.043GiB / 1.5GiB
1790673709,payflow-keycloak-1,0.34%,756MiB / 10.7GiB
1790673709,payflow-settlement-rail-1,1.28%,56.92MiB / 256MiB
1790673709,payflow-tempo-1,0.83%,140.3MiB / 1.5GiB
1790673709,payflow-grafana-1,1.76%,318.4MiB / 512MiB
1790673709,payflow-prometheus-1,0.57%,87.62MiB / 1GiB
1790673709,k3d-tiny-url-serverlb,0.00%,25.58MiB / 10.7GiB
1790673709,k3d-tiny-url-server-0,17.21%,1.15GiB / 10.7GiB
1790673721,boring_khorana,5.10%,27.56MiB / 10.7GiB
1790673721,payflow-payflow-1,205.64%,555.1MiB / 1.5GiB
1790673721,payflow-postgres-exporter-1,0.00%,12.27MiB / 128MiB
1790673721,payflow-postgres-1,39.45%,623.3MiB / 1GiB
1790673721,payflow-mongo-1,7.52%,217MiB / 1GiB
1790673721,payflow-kafka-1,37.89%,1.046GiB / 1.5GiB
1790673721,payflow-keycloak-1,0.30%,755.9MiB / 10.7GiB
1790673721,payflow-settlement-rail-1,0.43%,56.96MiB / 256MiB
1790673721,payflow-tempo-1,0.41%,138.7MiB / 1.5GiB
1790673721,payflow-grafana-1,1.44%,318.4MiB / 512MiB
1790673721,payflow-prometheus-1,0.48%,87.63MiB / 1GiB
1790673721,k3d-tiny-url-serverlb,0.00%,25.58MiB / 10.7GiB
1790673721,k3d-tiny-url-server-0,13.09%,1.151GiB / 10.7GiB
1790673734,boring_khorana,3.31%,27.61MiB / 10.7GiB
1790673734,payflow-payflow-1,199.57%,561.2MiB / 1.5GiB
1790673734,payflow-postgres-exporter-1,0.00%,12.45MiB / 128MiB
1790673734,payflow-postgres-1,34.24%,615MiB / 1GiB
1790673734,payflow-mongo-1,12.92%,217MiB / 1GiB
1790673734,payflow-kafka-1,31.65%,1.048GiB / 1.5GiB
1790673734,payflow-keycloak-1,0.19%,755.9MiB / 10.7GiB
1790673734,payflow-settlement-rail-1,1.14%,57.02MiB / 256MiB
1790673734,payflow-tempo-1,0.22%,142MiB / 1.5GiB
1790673734,payflow-grafana-1,0.81%,318.4MiB / 512MiB
1790673734,payflow-prometheus-1,0.26%,87.68MiB / 1GiB
1790673734,k3d-tiny-url-serverlb,0.00%,25.58MiB / 10.7GiB
1790673734,k3d-tiny-url-server-0,8.07%,1.152GiB / 10.7GiB
1790673746,boring_khorana,6.67%,27.71MiB / 10.7GiB
1790673746,payflow-payflow-1,191.84%,560.1MiB / 1.5GiB
1790673746,payflow-postgres-exporter-1,2.57%,12.25MiB / 128MiB
1790673746,payflow-postgres-1,50.52%,619.7MiB / 1GiB
1790673746,payflow-mongo-1,6.44%,217.1MiB / 1GiB
1790673746,payflow-kafka-1,28.46%,1.045GiB / 1.5GiB
1790673746,payflow-keycloak-1,0.27%,755.9MiB / 10.7GiB
1790673746,payflow-settlement-rail-1,8.85%,57.09MiB / 256MiB
1790673746,payflow-tempo-1,0.42%,142.6MiB / 1.5GiB
1790673746,payflow-grafana-1,1.36%,318.4MiB / 512MiB
1790673746,payflow-prometheus-1,0.80%,87.7MiB / 1GiB
1790673746,k3d-tiny-url-serverlb,0.00%,25.58MiB / 10.7GiB
1790673746,k3d-tiny-url-server-0,14.38%,1.154GiB / 10.7GiB
1790673758,boring_khorana,5.71%,27.76MiB / 10.7GiB
1790673758,payflow-payflow-1,201.55%,568MiB / 1.5GiB
1790673758,payflow-postgres-exporter-1,0.00%,11.46MiB / 128MiB
1790673758,payflow-postgres-1,55.47%,620.4MiB / 1GiB
1790673758,payflow-mongo-1,38.70%,216.8MiB / 1GiB
1790673758,payflow-kafka-1,28.12%,1.047GiB / 1.5GiB
1790673758,payflow-keycloak-1,0.22%,755.9MiB / 10.7GiB
1790673758,payflow-settlement-rail-1,2.28%,57.16MiB / 256MiB
1790673758,payflow-tempo-1,0.23%,144.7MiB / 1.5GiB
1790673758,payflow-grafana-1,1.67%,318.4MiB / 512MiB
1790673758,payflow-prometheus-1,0.74%,87.71MiB / 1GiB
1790673758,k3d-tiny-url-serverlb,0.00%,25.58MiB / 10.7GiB
1790673758,k3d-tiny-url-server-0,11.81%,1.155GiB / 10.7GiB
1790673771,boring_khorana,6.42%,28MiB / 10.7GiB
1790673771,payflow-payflow-1,202.10%,568.3MiB / 1.5GiB
1790673771,payflow-postgres-exporter-1,2.97%,11.88MiB / 128MiB
1790673771,payflow-postgres-1,65.77%,620.8MiB / 1GiB
1790673771,payflow-mongo-1,6.54%,216.8MiB / 1GiB
1790673771,payflow-kafka-1,28.35%,1.048GiB / 1.5GiB
1790673771,payflow-keycloak-1,0.31%,755.9MiB / 10.7GiB
1790673771,payflow-settlement-rail-1,0.82%,57.23MiB / 256MiB
1790673771,payflow-tempo-1,5.63%,146.5MiB / 1.5GiB
1790673771,payflow-grafana-1,2.35%,318.5MiB / 512MiB
1790673771,payflow-prometheus-1,0.63%,87.72MiB / 1GiB
1790673771,k3d-tiny-url-serverlb,0.01%,25.58MiB / 10.7GiB
1790673771,k3d-tiny-url-server-0,16.65%,1.155GiB / 10.7GiB
1790673783,payflow-payflow-1,202.47%,570.4MiB / 1.5GiB
1790673783,payflow-postgres-exporter-1,0.00%,12.29MiB / 128MiB
1790673783,payflow-postgres-1,82.57%,621.2MiB / 1GiB
1790673783,payflow-mongo-1,1.11%,216.8MiB / 1GiB
1790673783,payflow-kafka-1,191.56%,1.155GiB / 1.5GiB
1790673783,payflow-keycloak-1,0.19%,755.8MiB / 10.7GiB
1790673783,payflow-settlement-rail-1,2.40%,57.34MiB / 256MiB
1790673783,payflow-tempo-1,2.95%,139MiB / 1.5GiB
1790673783,payflow-grafana-1,0.81%,318.5MiB / 512MiB
1790673783,payflow-prometheus-1,0.72%,87.72MiB / 1GiB
1790673783,k3d-tiny-url-serverlb,0.00%,25.58MiB / 10.7GiB
1790673783,k3d-tiny-url-server-0,8.90%,1.156GiB / 10.7GiB
1790673795,payflow-payflow-1,23.68%,600.7MiB / 1.5GiB
1790673795,payflow-postgres-exporter-1,0.00%,11.68MiB / 128MiB
1790673795,payflow-postgres-1,14.27%,615.2MiB / 1GiB
1790673795,payflow-mongo-1,0.74%,216.8MiB / 1GiB
1790673795,payflow-kafka-1,14.22%,1.051GiB / 1.5GiB
1790673795,payflow-keycloak-1,0.32%,755.8MiB / 10.7GiB
1790673795,payflow-settlement-rail-1,0.02%,57.43MiB / 256MiB
1790673795,payflow-tempo-1,2.75%,143.2MiB / 1.5GiB
1790673795,payflow-grafana-1,1.63%,318.5MiB / 512MiB
1790673795,payflow-prometheus-1,0.99%,87.72MiB / 1GiB
1790673795,k3d-tiny-url-serverlb,0.00%,25.58MiB / 10.7GiB
1790673795,k3d-tiny-url-server-0,17.33%,1.156GiB / 10.7GiB
1790673807,payflow-payflow-1,44.48%,600.8MiB / 1.5GiB
1790673807,payflow-postgres-exporter-1,0.00%,11.65MiB / 128MiB
1790673807,payflow-postgres-1,4.20%,615.2MiB / 1GiB
1790673807,payflow-mongo-1,44.29%,217.1MiB / 1GiB
1790673807,payflow-kafka-1,11.05%,1.051GiB / 1.5GiB
1790673807,payflow-keycloak-1,3.70%,755.8MiB / 10.7GiB
1790673807,payflow-settlement-rail-1,0.02%,57.43MiB / 256MiB
1790673807,payflow-tempo-1,0.65%,142.5MiB / 1.5GiB
1790673807,payflow-grafana-1,1.39%,318.5MiB / 512MiB
1790673807,payflow-prometheus-1,1.15%,87.73MiB / 1GiB
1790673807,k3d-tiny-url-serverlb,0.00%,25.58MiB / 10.7GiB
1790673807,k3d-tiny-url-server-0,11.81%,1.156GiB / 10.7GiB
1790673820,payflow-payflow-1,22.62%,600.9MiB / 1.5GiB
1790673820,payflow-postgres-exporter-1,0.00%,11.68MiB / 128MiB
1790673820,payflow-postgres-1,1.23%,615.2MiB / 1GiB
1790673820,payflow-mongo-1,1.00%,217.1MiB / 1GiB
1790673820,payflow-kafka-1,13.65%,1.051GiB / 1.5GiB
1790673820,payflow-keycloak-1,0.31%,755.8MiB / 10.7GiB
1790673820,payflow-settlement-rail-1,0.02%,57.43MiB / 256MiB
1790673820,payflow-tempo-1,0.61%,142.5MiB / 1.5GiB
1790673820,payflow-grafana-1,1.70%,318.5MiB / 512MiB
1790673820,payflow-prometheus-1,1.12%,88.18MiB / 1GiB
1790673820,k3d-tiny-url-serverlb,0.00%,25.58MiB / 10.7GiB
1790673820,k3d-tiny-url-server-0,14.68%,1.154GiB / 10.7GiB
