1790744331,payflow-payflow-1,85.99%,715.4MiB / 1.5GiB
1790744331,payflow-postgres-exporter-1,0.00%,9.488MiB / 128MiB
1790744331,payflow-postgres-1,25.41%,113.3MiB / 1GiB
1790744331,payflow-mongo-1,3.08%,235.4MiB / 1GiB
1790744331,payflow-kafka-1,13.29%,502.6MiB / 1.5GiB
1790744331,payflow-keycloak-1,54.37%,760.2MiB / 7.757GiB
1790744331,payflow-settlement-rail-1,0.04%,31.84MiB / 256MiB
1790744331,k3d-dev-agent-1-0,0.91%,132MiB / 7.757GiB
1790744331,payflow-grafana-1,0.65%,218.2MiB / 512MiB
1790744331,payflow-prometheus-1,0.14%,66.91MiB / 1GiB
1790744331,payflow-tempo-1,0.20%,82.38MiB / 1.5GiB
1790744331,k3d-dev-serverlb,0.00%,13.69MiB / 7.757GiB
1790744331,k3d-dev-agent-0,3.21%,305.5MiB / 7.757GiB
1790744331,k3d-dev-server-0,5.79%,795.5MiB / 7.757GiB
1790744331,hardcore_hugle,7.25%,32.41MiB / 7.757GiB
1790744345,hardcore_hugle,3.51%,47.67MiB / 7.757GiB
1790744345,payflow-payflow-1,87.46%,716.7MiB / 1.5GiB
1790744345,payflow-postgres-exporter-1,0.00%,9.023MiB / 128MiB
1790744345,payflow-postgres-1,28.72%,122MiB / 1GiB
1790744345,payflow-mongo-1,3.18%,235.7MiB / 1GiB
1790744345,payflow-kafka-1,22.89%,511.6MiB / 1.5GiB
1790744345,payflow-keycloak-1,0.20%,764.7MiB / 7.757GiB
1790744345,payflow-settlement-rail-1,1.48%,33.11MiB / 256MiB
1790744345,k3d-dev-agent-1-0,1.60%,129.4MiB / 7.757GiB
1790744345,payflow-grafana-1,0.88%,218.2MiB / 512MiB
1790744345,payflow-prometheus-1,0.21%,66.92MiB / 1GiB
1790744345,payflow-tempo-1,0.29%,83.86MiB / 1.5GiB
1790744345,k3d-dev-serverlb,0.00%,13.69MiB / 7.757GiB
1790744345,k3d-dev-agent-0,4.43%,308.8MiB / 7.757GiB
1790744345,k3d-dev-server-0,9.78%,801.1MiB / 7.757GiB
1790744357,hardcore_hugle,3.59%,55.61MiB / 7.757GiB
1790744357,payflow-payflow-1,132.15%,717.3MiB / 1.5GiB
1790744357,payflow-postgres-exporter-1,0.00%,9.422MiB / 128MiB
1790744357,payflow-postgres-1,32.56%,129.8MiB / 1GiB
1790744357,payflow-mongo-1,4.93%,235.7MiB / 1GiB
1790744357,payflow-kafka-1,156.98%,618.3MiB / 1.5GiB
1790744357,payflow-keycloak-1,0.17%,764.5MiB / 7.757GiB
1790744357,payflow-settlement-rail-1,3.49%,32.79MiB / 256MiB
1790744357,k3d-dev-agent-1-0,1.34%,130.4MiB / 7.757GiB
1790744357,payflow-grafana-1,0.78%,218.2MiB / 512MiB
1790744357,payflow-prometheus-1,1.15%,66.96MiB / 1GiB
1790744357,payflow-tempo-1,0.66%,85.48MiB / 1.5GiB
1790744357,k3d-dev-serverlb,0.00%,13.69MiB / 7.757GiB
1790744357,k3d-dev-agent-0,3.66%,303.6MiB / 7.757GiB
1790744357,k3d-dev-server-0,7.48%,800.5MiB / 7.757GiB
1790744371,hardcore_hugle,5.00%,57.02MiB / 7.757GiB
1790744371,payflow-payflow-1,118.00%,717.3MiB / 1.5GiB
1790744371,payflow-postgres-exporter-1,0.00%,9.641MiB / 128MiB
1790744371,payflow-postgres-1,45.01%,142.3MiB / 1GiB
1790744371,payflow-mongo-1,6.19%,236MiB / 1GiB
1790744371,payflow-kafka-1,86.74%,560.9MiB / 1.5GiB
1790744371,payflow-keycloak-1,0.17%,765.2MiB / 7.757GiB
1790744371,payflow-settlement-rail-1,2.36%,33.88MiB / 256MiB
1790744371,k3d-dev-agent-1-0,1.40%,129.5MiB / 7.757GiB
1790744371,payflow-grafana-1,0.78%,218.2MiB / 512MiB
1790744371,payflow-prometheus-1,0.19%,67MiB / 1GiB
1790744371,payflow-tempo-1,2.08%,83.71MiB / 1.5GiB
1790744371,k3d-dev-serverlb,0.00%,13.69MiB / 7.757GiB
1790744371,k3d-dev-agent-0,2.16%,308.2MiB / 7.757GiB
1790744371,k3d-dev-server-0,6.88%,801.1MiB / 7.757GiB
1790744383,hardcore_hugle,8.69%,63.46MiB / 7.757GiB
1790744383,payflow-payflow-1,157.05%,718.1MiB / 1.5GiB
1790744383,payflow-postgres-exporter-1,1.40%,9.168MiB / 128MiB
1790744383,payflow-postgres-1,57.45%,156.4MiB / 1GiB
1790744383,payflow-mongo-1,51.15%,236.4MiB / 1GiB
1790744383,payflow-kafka-1,30.01%,522.9MiB / 1.5GiB
1790744383,payflow-keycloak-1,0.18%,765.1MiB / 7.757GiB
1790744383,payflow-settlement-rail-1,2.70%,37.03MiB / 256MiB
1790744383,k3d-dev-agent-1-0,0.88%,130.7MiB / 7.757GiB
1790744383,payflow-grafana-1,0.77%,218.3MiB / 512MiB
1790744383,payflow-prometheus-1,1.48%,67.06MiB / 1GiB
1790744383,payflow-tempo-1,3.93%,87.15MiB / 1.5GiB
1790744383,k3d-dev-serverlb,0.00%,13.69MiB / 7.757GiB
1790744383,k3d-dev-agent-0,2.35%,308.7MiB / 7.757GiB
1790744383,k3d-dev-server-0,8.75%,801.2MiB / 7.757GiB
1790744395,hardcore_hugle,6.73%,64.11MiB / 7.757GiB
1790744395,payflow-payflow-1,168.75%,718.7MiB / 1.5GiB
1790744395,payflow-postgres-exporter-1,0.00%,9.461MiB / 128MiB
1790744395,payflow-postgres-1,65.21%,169.1MiB / 1GiB
1790744395,payflow-mongo-1,7.38%,237.7MiB / 1GiB
1790744395,payflow-kafka-1,30.35%,526.5MiB / 1.5GiB
1790744395,payflow-keycloak-1,0.16%,765MiB / 7.757GiB
1790744395,payflow-settlement-rail-1,4.17%,35.19MiB / 256MiB
1790744395,k3d-dev-agent-1-0,1.49%,130.9MiB / 7.757GiB
1790744395,payflow-grafana-1,0.77%,218.3MiB / 512MiB
1790744395,payflow-prometheus-1,0.17%,67.27MiB / 1GiB
1790744395,payflow-tempo-1,0.75%,92.34MiB / 1.5GiB
1790744395,k3d-dev-serverlb,0.00%,13.69MiB / 7.757GiB
1790744395,k3d-dev-agent-0,4.35%,306.1MiB / 7.757GiB
1790744395,k3d-dev-server-0,11.57%,800MiB / 7.757GiB
1790744409,hardcore_hugle,7.11%,64.74MiB / 7.757GiB
1790744409,payflow-payflow-1,184.80%,719.4MiB / 1.5GiB
1790744409,payflow-postgres-exporter-1,1.93%,9.555MiB / 128MiB
1790744409,payflow-postgres-1,70.65%,183MiB / 1GiB
1790744409,payflow-mongo-1,6.66%,238.3MiB / 1GiB
1790744409,payflow-kafka-1,27.53%,544.5MiB / 1.5GiB
1790744409,payflow-keycloak-1,0.16%,765MiB / 7.757GiB
1790744409,payflow-settlement-rail-1,8.13%,39.83MiB / 256MiB
1790744409,k3d-dev-agent-1-0,1.79%,130.7MiB / 7.757GiB
1790744409,payflow-grafana-1,1.18%,218.3MiB / 512MiB
1790744409,payflow-prometheus-1,0.56%,68.21MiB / 1GiB
1790744409,payflow-tempo-1,3.01%,86.2MiB / 1.5GiB
1790744409,k3d-dev-serverlb,0.00%,13.69MiB / 7.757GiB
1790744409,k3d-dev-agent-0,4.30%,309.7MiB / 7.757GiB
1790744409,k3d-dev-server-0,6.24%,801MiB / 7.757GiB
1790744421,hardcore_hugle,7.45%,65.53MiB / 7.757GiB
1790744421,payflow-payflow-1,179.65%,720.7MiB / 1.5GiB
1790744421,payflow-postgres-exporter-1,0.00%,10.01MiB / 128MiB
1790744421,payflow-postgres-1,87.17%,202.1MiB / 1GiB
1790744421,payflow-mongo-1,10.02%,239.1MiB / 1GiB
1790744421,payflow-kafka-1,183.18%,646.1MiB / 1.5GiB
1790744421,payflow-keycloak-1,1.67%,764.8MiB / 7.757GiB
1790744421,payflow-settlement-rail-1,5.32%,35.93MiB / 256MiB
1790744421,k3d-dev-agent-1-0,1.09%,130.7MiB / 7.757GiB
1790744421,payflow-grafana-1,0.76%,218.3MiB / 512MiB
1790744421,payflow-prometheus-1,0.17%,68.21MiB / 1GiB
1790744421,payflow-tempo-1,0.79%,95.4MiB / 1.5GiB
1790744421,k3d-dev-serverlb,0.00%,13.69MiB / 7.757GiB
1790744421,k3d-dev-agent-0,5.15%,304.6MiB / 7.757GiB
1790744421,k3d-dev-server-0,6.03%,800.5MiB / 7.757GiB
1790744434,hardcore_hugle,7.83%,65.7MiB / 7.757GiB
1790744434,payflow-payflow-1,170.71%,720.7MiB / 1.5GiB
1790744434,payflow-postgres-exporter-1,0.00%,8.828MiB / 128MiB
1790744434,payflow-postgres-1,76.94%,226.6MiB / 1GiB
1790744434,payflow-mongo-1,30.93%,385.5MiB / 1GiB
1790744434,payflow-kafka-1,30.54%,545.2MiB / 1.5GiB
1790744434,payflow-keycloak-1,0.17%,764.8MiB / 7.757GiB
1790744434,payflow-settlement-rail-1,7.91%,42.61MiB / 256MiB
1790744434,k3d-dev-agent-1-0,0.88%,130MiB / 7.757GiB
1790744434,payflow-grafana-1,0.75%,218.3MiB / 512MiB
1790744434,payflow-prometheus-1,0.26%,68.24MiB / 1GiB
1790744434,payflow-tempo-1,1.00%,88.7MiB / 1.5GiB
1790744434,k3d-dev-serverlb,0.00%,13.69MiB / 7.757GiB
1790744434,k3d-dev-agent-0,2.57%,308.9MiB / 7.757GiB
1790744434,k3d-dev-server-0,6.79%,801.1MiB / 7.757GiB
1790744448,hardcore_hugle,8.09%,65.73MiB / 7.757GiB
1790744448,payflow-payflow-1,161.68%,721.1MiB / 1.5GiB
1790744448,payflow-postgres-exporter-1,0.00%,9.395MiB / 128MiB
1790744448,payflow-postgres-1,82.07%,249.4MiB / 1GiB
1790744448,payflow-mongo-1,17.64%,240MiB / 1GiB
1790744448,payflow-kafka-1,35.88%,551.2MiB / 1.5GiB
1790744448,payflow-keycloak-1,0.18%,764.8MiB / 7.757GiB
1790744448,payflow-settlement-rail-1,3.93%,36.19MiB / 256MiB
1790744448,k3d-dev-agent-1-0,0.91%,131.5MiB / 7.757GiB
1790744448,payflow-grafana-1,0.86%,218.3MiB / 512MiB
1790744448,payflow-prometheus-1,0.16%,68.27MiB / 1GiB
1790744448,payflow-tempo-1,2.30%,88.42MiB / 1.5GiB
1790744448,k3d-dev-serverlb,0.00%,13.69MiB / 7.757GiB
1790744448,k3d-dev-agent-0,2.50%,309.7MiB / 7.757GiB
1790744448,k3d-dev-server-0,6.43%,801.2MiB / 7.757GiB
1790744460,hardcore_hugle,12.75%,65.86MiB / 7.757GiB
1790744460,payflow-payflow-1,203.35%,728MiB / 1.5GiB
1790744460,payflow-postgres-exporter-1,0.00%,9.871MiB / 128MiB
1790744460,payflow-postgres-1,113.11%,260.1MiB / 1GiB
1790744460,payflow-mongo-1,10.15%,240.1MiB / 1GiB
1790744460,payflow-kafka-1,43.16%,558.7MiB / 1.5GiB
1790744460,payflow-keycloak-1,0.16%,764.8MiB / 7.757GiB
1790744460,payflow-settlement-rail-1,3.39%,35.42MiB / 256MiB
1790744460,k3d-dev-agent-1-0,1.36%,131.4MiB / 7.757GiB
1790744460,payflow-grafana-1,1.61%,218.3MiB / 512MiB
1790744460,payflow-prometheus-1,0.24%,68.29MiB / 1GiB
1790744460,payflow-tempo-1,1.45%,95.11MiB / 1.5GiB
1790744460,k3d-dev-serverlb,0.00%,13.69MiB / 7.757GiB
1790744460,k3d-dev-agent-0,3.66%,306.5MiB / 7.757GiB
1790744460,k3d-dev-server-0,5.83%,800.4MiB / 7.757GiB
1790744474,hardcore_hugle,10.03%,66.45MiB / 7.757GiB
1790744474,payflow-payflow-1,172.97%,724.1MiB / 1.5GiB
1790744474,payflow-postgres-exporter-1,0.00%,8.977MiB / 128MiB
1790744474,payflow-postgres-1,92.18%,267.3MiB / 1GiB
1790744474,payflow-mongo-1,11.59%,240.4MiB / 1GiB
1790744474,payflow-kafka-1,111.16%,608.2MiB / 1.5GiB
1790744474,payflow-keycloak-1,0.18%,764.8MiB / 7.757GiB
1790744474,payflow-settlement-rail-1,4.06%,35.79MiB / 256MiB
1790744474,k3d-dev-agent-1-0,0.74%,131.4MiB / 7.757GiB
1790744474,payflow-grafana-1,0.66%,218.3MiB / 512MiB
1790744474,payflow-prometheus-1,0.65%,68.31MiB / 1GiB
1790744474,payflow-tempo-1,85.03%,332.3MiB / 1.5GiB
1790744474,k3d-dev-serverlb,0.00%,13.69MiB / 7.757GiB
1790744474,k3d-dev-agent-0,2.93%,309.3MiB / 7.757GiB
1790744474,k3d-dev-server-0,6.57%,744.3MiB / 7.757GiB
1790744486,hardcore_hugle,13.17%,69.11MiB / 7.757GiB
1790744486,payflow-payflow-1,157.77%,719.3MiB / 1.5GiB
1790744486,payflow-postgres-exporter-1,0.00%,11.78MiB / 128MiB
1790744486,payflow-postgres-1,64.35%,269.9MiB / 1GiB
1790744486,payflow-mongo-1,13.85%,223.4MiB / 1GiB
1790744486,payflow-kafka-1,150.99%,667.6MiB / 1.5GiB
1790744486,payflow-keycloak-1,0.27%,744.3MiB / 7.757GiB
1790744486,payflow-settlement-rail-1,2.48%,35.86MiB / 256MiB
1790744486,k3d-dev-agent-1-0,1.43%,128.3MiB / 7.757GiB
1790744486,payflow-grafana-1,1.00%,212.8MiB / 512MiB
1790744486,payflow-prometheus-1,0.20%,67.59MiB / 1GiB
1790744486,payflow-tempo-1,0.40%,943.2MiB / 1.5GiB
1790744486,k3d-dev-serverlb,0.00%,13.11MiB / 7.757GiB
1790744486,k3d-dev-agent-0,3.07%,301.5MiB / 7.757GiB
1790744486,k3d-dev-server-0,9.28%,732.3MiB / 7.757GiB
1790744499,hardcore_hugle,10.37%,70.24MiB / 7.757GiB
1790744499,payflow-payflow-1,145.06%,719.9MiB / 1.5GiB
1790744499,payflow-postgres-exporter-1,0.00%,13.93MiB / 128MiB
1790744499,payflow-postgres-1,72.17%,276MiB / 1GiB
1790744499,payflow-mongo-1,10.40%,224MiB / 1GiB
1790744499,payflow-kafka-1,62.90%,588.9MiB / 1.5GiB
1790744499,payflow-keycloak-1,0.18%,744.2MiB / 7.757GiB
1790744499,payflow-settlement-rail-1,1.69%,35.92MiB / 256MiB
1790744499,k3d-dev-agent-1-0,1.23%,127.9MiB / 7.757GiB
1790744499,payflow-grafana-1,0.78%,213MiB / 512MiB
1790744499,payflow-prometheus-1,0.86%,67.61MiB / 1GiB
1790744499,payflow-tempo-1,1.25%,943.4MiB / 1.5GiB
1790744499,k3d-dev-serverlb,0.00%,13.11MiB / 7.757GiB
1790744499,k3d-dev-agent-0,6.28%,306.4MiB / 7.757GiB
1790744499,k3d-dev-server-0,7.69%,734.5MiB / 7.757GiB
1790744513,hardcore_hugle,10.54%,71.72MiB / 7.757GiB
1790744513,payflow-payflow-1,157.18%,718.3MiB / 1.5GiB
1790744513,payflow-postgres-exporter-1,0.00%,14.69MiB / 128MiB
1790744513,payflow-postgres-1,77.82%,290.6MiB / 1GiB
1790744513,payflow-mongo-1,11.86%,217.6MiB / 1GiB
1790744513,payflow-kafka-1,27.98%,573.5MiB / 1.5GiB
1790744513,payflow-keycloak-1,0.16%,737.8MiB / 7.757GiB
1790744513,payflow-settlement-rail-1,4.49%,38.29MiB / 256MiB
1790744513,k3d-dev-agent-1-0,1.42%,127.7MiB / 7.757GiB
1790744513,payflow-grafana-1,0.74%,209.5MiB / 512MiB
1790744513,payflow-prometheus-1,0.23%,67.69MiB / 1GiB
1790744513,payflow-tempo-1,0.95%,942.4MiB / 1.5GiB
1790744513,k3d-dev-serverlb,0.00%,12.93MiB / 7.757GiB
1790744513,k3d-dev-agent-0,5.60%,304.8MiB / 7.757GiB
1790744513,k3d-dev-server-0,7.24%,736.7MiB / 7.757GiB
1790744526,hardcore_hugle,12.85%,75.25MiB / 7.757GiB
1790744526,payflow-payflow-1,176.05%,715.1MiB / 1.5GiB
1790744526,payflow-postgres-exporter-1,0.00%,14.47MiB / 128MiB
1790744526,payflow-postgres-1,79.54%,301.7MiB / 1GiB
1790744526,payflow-mongo-1,115.92%,364.3MiB / 1GiB
1790744526,payflow-kafka-1,30.53%,570.1MiB / 1.5GiB
1790744526,payflow-keycloak-1,0.21%,725.6MiB / 7.757GiB
1790744526,payflow-settlement-rail-1,3.76%,36.04MiB / 256MiB
1790744526,k3d-dev-agent-1-0,1.03%,125.6MiB / 7.757GiB
1790744526,payflow-grafana-1,1.64%,204.5MiB / 512MiB
1790744526,payflow-prometheus-1,0.18%,67.42MiB / 1GiB
1790744526,payflow-tempo-1,0.96%,940.4MiB / 1.5GiB
1790744526,k3d-dev-serverlb,0.00%,12.59MiB / 7.757GiB
1790744526,k3d-dev-agent-0,3.47%,300.2MiB / 7.757GiB
1790744526,k3d-dev-server-0,5.60%,731.5MiB / 7.757GiB
1790744540,hardcore_hugle,12.05%,75.96MiB / 7.757GiB
1790744540,payflow-payflow-1,158.37%,714.9MiB / 1.5GiB
1790744540,payflow-postgres-exporter-1,0.00%,15MiB / 128MiB
1790744540,payflow-postgres-1,79.25%,303.6MiB / 1GiB
1790744540,payflow-mongo-1,12.78%,210.9MiB / 1GiB
1790744540,payflow-kafka-1,169.33%,654MiB / 1.5GiB
1790744540,payflow-keycloak-1,0.19%,725.6MiB / 7.757GiB
1790744540,payflow-settlement-rail-1,1.13%,36.19MiB / 256MiB
1790744540,k3d-dev-agent-1-0,1.28%,126MiB / 7.757GiB
1790744540,payflow-grafana-1,0.67%,204.5MiB / 512MiB
1790744540,payflow-prometheus-1,0.16%,67.43MiB / 1GiB
1790744540,payflow-tempo-1,0.98%,954.1MiB / 1.5GiB
1790744540,k3d-dev-serverlb,0.00%,12.59MiB / 7.757GiB
1790744540,k3d-dev-agent-0,2.14%,302MiB / 7.757GiB
1790744540,k3d-dev-server-0,5.64%,732.2MiB / 7.757GiB
1790744552,hardcore_hugle,13.26%,76.6MiB / 7.757GiB
1790744552,payflow-payflow-1,171.16%,714.8MiB / 1.5GiB
1790744552,payflow-postgres-exporter-1,0.00%,15.04MiB / 128MiB
1790744552,payflow-postgres-1,81.37%,306.8MiB / 1GiB
1790744552,payflow-mongo-1,12.86%,210.4MiB / 1GiB
1790744552,payflow-kafka-1,21.14%,583.7MiB / 1.5GiB
1790744552,payflow-keycloak-1,0.16%,725MiB / 7.757GiB
1790744552,payflow-settlement-rail-1,2.20%,36.36MiB / 256MiB
1790744552,k3d-dev-agent-1-0,0.85%,126MiB / 7.757GiB
1790744552,payflow-grafana-1,0.86%,204.5MiB / 512MiB
1790744552,payflow-prometheus-1,0.57%,67.42MiB / 1GiB
1790744552,payflow-tempo-1,8.36%,962.3MiB / 1.5GiB
1790744552,k3d-dev-serverlb,0.00%,12.59MiB / 7.757GiB
1790744552,k3d-dev-agent-0,4.08%,295.7MiB / 7.757GiB
1790744552,k3d-dev-server-0,5.34%,731.5MiB / 7.757GiB
1790744565,hardcore_hugle,13.57%,78.03MiB / 7.757GiB
1790744565,payflow-payflow-1,187.21%,714.9MiB / 1.5GiB
1790744565,payflow-postgres-exporter-1,0.00%,14.91MiB / 128MiB
1790744565,payflow-postgres-1,98.01%,305.5MiB / 1GiB
1790744565,payflow-mongo-1,98.48%,370.9MiB / 1GiB
1790744565,payflow-kafka-1,33.22%,585.3MiB / 1.5GiB
1790744565,payflow-keycloak-1,0.18%,721.3MiB / 7.757GiB
1790744565,payflow-settlement-rail-1,2.63%,36.42MiB / 256MiB
1790744565,k3d-dev-agent-1-0,1.36%,124.9MiB / 7.757GiB
1790744565,payflow-grafana-1,0.72%,205.5MiB / 512MiB
1790744565,payflow-prometheus-1,0.17%,67.29MiB / 1GiB
1790744565,payflow-tempo-1,0.91%,962MiB / 1.5GiB
1790744565,k3d-dev-serverlb,0.00%,12.52MiB / 7.757GiB
1790744565,k3d-dev-agent-0,4.39%,300.3MiB / 7.757GiB
1790744565,k3d-dev-server-0,5.90%,732.3MiB / 7.757GiB
1790744579,hardcore_hugle,20.54%,77.89MiB / 7.757GiB
1790744579,payflow-payflow-1,150.03%,713.9MiB / 1.5GiB
1790744579,payflow-postgres-exporter-1,1.50%,14.53MiB / 128MiB
1790744579,payflow-postgres-1,124.31%,403.2MiB / 1GiB
1790744579,payflow-mongo-1,68.09%,210.3MiB / 1GiB
1790744579,payflow-kafka-1,104.05%,663MiB / 1.5GiB
1790744579,payflow-keycloak-1,98.29%,718.2MiB / 7.757GiB
1790744579,payflow-settlement-rail-1,0.01%,36.59MiB / 256MiB
1790744579,k3d-dev-agent-1-0,1.86%,124.6MiB / 7.757GiB
1790744579,payflow-grafana-1,0.87%,203.8MiB / 512MiB
1790744579,payflow-prometheus-1,1.66%,67.18MiB / 1GiB
1790744579,payflow-tempo-1,0.97%,289.4MiB / 1.5GiB
1790744579,k3d-dev-serverlb,0.00%,12.44MiB / 7.757GiB
1790744579,k3d-dev-agent-0,4.75%,293.8MiB / 7.757GiB
1790744579,k3d-dev-server-0,6.81%,769.9MiB / 7.757GiB
1790744591,hardcore_hugle,16.65%,78.86MiB / 7.757GiB
1790744591,payflow-payflow-1,205.86%,714.2MiB / 1.5GiB
1790744591,payflow-postgres-exporter-1,0.00%,15.05MiB / 128MiB
1790744591,payflow-postgres-1,95.20%,378.5MiB / 1GiB
1790744591,payflow-mongo-1,22.19%,210.5MiB / 1GiB
1790744591,payflow-kafka-1,31.77%,594.4MiB / 1.5GiB
1790744591,payflow-keycloak-1,0.19%,718.4MiB / 7.757GiB
1790744591,payflow-settlement-rail-1,1.87%,37.77MiB / 256MiB
1790744591,k3d-dev-agent-1-0,1.22%,123.8MiB / 7.757GiB
1790744591,payflow-grafana-1,6.30%,203.9MiB / 512MiB
1790744591,payflow-prometheus-1,0.16%,67.2MiB / 1GiB
1790744591,payflow-tempo-1,0.76%,104.4MiB / 1.5GiB
1790744591,k3d-dev-serverlb,0.00%,12.44MiB / 7.757GiB
1790744591,k3d-dev-agent-0,2.24%,298.5MiB / 7.757GiB
1790744591,k3d-dev-server-0,6.19%,770.8MiB / 7.757GiB
1790744603,hardcore_hugle,16.64%,79.21MiB / 7.757GiB
1790744603,payflow-payflow-1,195.99%,714MiB / 1.5GiB
1790744603,payflow-postgres-exporter-1,1.59%,15.33MiB / 128MiB
1790744603,payflow-postgres-1,106.17%,380.9MiB / 1GiB
1790744603,payflow-mongo-1,23.92%,212MiB / 1GiB
1790744603,payflow-kafka-1,40.47%,601.1MiB / 1.5GiB
1790744603,payflow-keycloak-1,0.16%,718.4MiB / 7.757GiB
1790744603,payflow-settlement-rail-1,2.66%,37.38MiB / 256MiB
1790744603,k3d-dev-agent-1-0,0.95%,124.6MiB / 7.757GiB
1790744603,payflow-grafana-1,0.61%,203.9MiB / 512MiB
1790744603,payflow-prometheus-1,0.54%,67.2MiB / 1GiB
1790744603,payflow-tempo-1,11.31%,111.1MiB / 1.5GiB
1790744603,k3d-dev-serverlb,0.00%,12.44MiB / 7.757GiB
1790744603,k3d-dev-agent-0,2.36%,299.4MiB / 7.757GiB
1790744603,k3d-dev-server-0,6.78%,771.3MiB / 7.757GiB
1790744617,hardcore_hugle,16.71%,79.89MiB / 7.757GiB
1790744617,payflow-payflow-1,203.31%,720.6MiB / 1.5GiB
1790744617,payflow-postgres-exporter-1,0.00%,15.07MiB / 128MiB
1790744617,payflow-postgres-1,81.53%,383.3MiB / 1GiB
1790744617,payflow-mongo-1,23.26%,213.4MiB / 1GiB
1790744617,payflow-kafka-1,118.62%,658.2MiB / 1.5GiB
1790744617,payflow-keycloak-1,0.20%,718.2MiB / 7.757GiB
1790744617,payflow-settlement-rail-1,1.99%,37.5MiB / 256MiB
1790744617,k3d-dev-agent-1-0,0.94%,124.2MiB / 7.757GiB
1790744617,payflow-grafana-1,0.65%,203.9MiB / 512MiB
1790744617,payflow-prometheus-1,0.17%,67.81MiB / 1GiB
1790744617,payflow-tempo-1,1.47%,106.6MiB / 1.5GiB
1790744617,k3d-dev-serverlb,0.00%,12.44MiB / 7.757GiB
1790744617,k3d-dev-agent-0,2.22%,297.1MiB / 7.757GiB
1790744617,k3d-dev-server-0,5.66%,770.8MiB / 7.757GiB
1790744630,hardcore_hugle,20.64%,81.46MiB / 7.757GiB
1790744630,payflow-payflow-1,199.74%,715.4MiB / 1.5GiB
1790744630,payflow-postgres-exporter-1,0.00%,15.53MiB / 128MiB
1790744630,payflow-postgres-1,103.47%,385.1MiB / 1GiB
1790744630,payflow-mongo-1,0.36%,218.8MiB / 1GiB
1790744630,payflow-kafka-1,36.70%,613.4MiB / 1.5GiB
1790744630,payflow-keycloak-1,0.17%,718.2MiB / 7.757GiB
1790744630,payflow-settlement-rail-1,2.66%,37.79MiB / 256MiB
1790744630,k3d-dev-agent-1-0,2.30%,124.4MiB / 7.757GiB
1790744630,payflow-grafana-1,0.70%,203.9MiB / 512MiB
1790744630,payflow-prometheus-1,0.35%,67.82MiB / 1GiB
1790744630,payflow-tempo-1,1.30%,107.4MiB / 1.5GiB
1790744630,k3d-dev-serverlb,0.00%,12.44MiB / 7.757GiB
1790744630,k3d-dev-agent-0,4.67%,300.4MiB / 7.757GiB
1790744630,k3d-dev-server-0,6.81%,771.8MiB / 7.757GiB
1790744644,hardcore_hugle,19.25%,82.09MiB / 7.757GiB
1790744644,payflow-payflow-1,183.36%,715.7MiB / 1.5GiB
1790744644,payflow-postgres-exporter-1,0.00%,15.09MiB / 128MiB
1790744644,payflow-postgres-1,90.78%,448.7MiB / 1GiB
1790744644,payflow-mongo-1,66.84%,219MiB / 1GiB
1790744644,payflow-kafka-1,29.87%,616.2MiB / 1.5GiB
1790744644,payflow-keycloak-1,0.22%,718.1MiB / 7.757GiB
1790744644,payflow-settlement-rail-1,1.09%,38MiB / 256MiB
1790744644,k3d-dev-agent-1-0,1.21%,124.1MiB / 7.757GiB
1790744644,payflow-grafana-1,0.76%,203.9MiB / 512MiB
1790744644,payflow-prometheus-1,0.17%,67.83MiB / 1GiB
1790744644,payflow-tempo-1,2.82%,105.9MiB / 1.5GiB
1790744644,k3d-dev-serverlb,0.00%,12.44MiB / 7.757GiB
1790744644,k3d-dev-agent-0,2.99%,295MiB / 7.757GiB
1790744644,k3d-dev-server-0,6.35%,771.2MiB / 7.757GiB
1790744656,hardcore_hugle,23.02%,83.32MiB / 7.757GiB
1790744656,payflow-payflow-1,197.95%,715.7MiB / 1.5GiB
1790744656,payflow-postgres-exporter-1,0.00%,15.43MiB / 128MiB
1790744656,payflow-postgres-1,97.64%,450.4MiB / 1GiB
1790744656,payflow-mongo-1,21.29%,218.7MiB / 1GiB
1790744656,payflow-kafka-1,142.31%,679.8MiB / 1.5GiB
1790744656,payflow-keycloak-1,0.18%,718MiB / 7.757GiB
1790744656,payflow-settlement-rail-1,2.84%,38.27MiB / 256MiB
1790744656,k3d-dev-agent-1-0,1.04%,123.3MiB / 7.757GiB
1790744656,payflow-grafana-1,0.70%,203.7MiB / 512MiB
1790744656,payflow-prometheus-1,0.21%,67.84MiB / 1GiB
1790744656,payflow-tempo-1,0.67%,108.9MiB / 1.5GiB
1790744656,k3d-dev-serverlb,0.00%,12.44MiB / 7.757GiB
1790744656,k3d-dev-agent-0,2.90%,299.6MiB / 7.757GiB
1790744656,k3d-dev-server-0,6.14%,771.6MiB / 7.757GiB
1790744668,hardcore_hugle,23.84%,85.34MiB / 7.757GiB
1790744668,payflow-payflow-1,206.67%,716MiB / 1.5GiB
1790744668,payflow-postgres-exporter-1,0.00%,15.73MiB / 128MiB
1790744668,payflow-postgres-1,106.73%,451.6MiB / 1GiB
1790744668,payflow-mongo-1,1.15%,221.1MiB / 1GiB
1790744668,payflow-kafka-1,44.11%,625MiB / 1.5GiB
1790744668,payflow-keycloak-1,0.16%,718MiB / 7.757GiB
1790744668,payflow-settlement-rail-1,2.89%,38.58MiB / 256MiB
1790744668,k3d-dev-agent-1-0,1.09%,124.2MiB / 7.757GiB
1790744668,payflow-grafana-1,0.88%,203.7MiB / 512MiB
1790744668,payflow-prometheus-1,0.24%,67.87MiB / 1GiB
1790744668,payflow-tempo-1,1.32%,111MiB / 1.5GiB
1790744668,k3d-dev-serverlb,0.00%,12.44MiB / 7.757GiB
1790744668,k3d-dev-agent-0,3.04%,301.2MiB / 7.757GiB
1790744668,k3d-dev-server-0,7.25%,771.9MiB / 7.757GiB
1790744682,hardcore_hugle,30.72%,85.74MiB / 7.757GiB
1790744682,payflow-payflow-1,129.75%,716.1MiB / 1.5GiB
1790744682,payflow-postgres-exporter-1,0.00%,16.17MiB / 128MiB
1790744682,payflow-postgres-1,60.99%,451.7MiB / 1GiB
1790744682,payflow-mongo-1,0.39%,221.5MiB / 1GiB
1790744682,payflow-kafka-1,20.89%,630.3MiB / 1.5GiB
1790744682,payflow-keycloak-1,0.19%,717.9MiB / 7.757GiB
1790744682,payflow-settlement-rail-1,1.53%,39.47MiB / 256MiB
1790744682,k3d-dev-agent-1-0,7.09%,124.4MiB / 7.757GiB
1790744682,payflow-grafana-1,0.80%,203.7MiB / 512MiB
1790744682,payflow-prometheus-1,0.14%,67.87MiB / 1GiB
1790744682,payflow-tempo-1,2.43%,108.4MiB / 1.5GiB
1790744682,k3d-dev-serverlb,0.00%,12.44MiB / 7.757GiB
1790744682,k3d-dev-agent-0,8.49%,298.7MiB / 7.757GiB
1790744682,k3d-dev-server-0,7.38%,771MiB / 7.757GiB
1790744694,hardcore_hugle,25.00%,85.87MiB / 7.757GiB
1790744694,payflow-payflow-1,152.77%,715.9MiB / 1.5GiB
1790744694,payflow-postgres-exporter-1,1.43%,15.62MiB / 128MiB
1790744694,payflow-postgres-1,74.97%,451.9MiB / 1GiB
1790744694,payflow-mongo-1,0.40%,224MiB / 1GiB
1790744694,payflow-kafka-1,43.69%,633.4MiB / 1.5GiB
1790744694,payflow-keycloak-1,0.18%,717.9MiB / 7.757GiB
1790744694,payflow-settlement-rail-1,1.76%,45.34MiB / 256MiB
1790744694,k3d-dev-agent-1-0,1.28%,124.1MiB / 7.757GiB
1790744694,payflow-grafana-1,0.67%,203.7MiB / 512MiB
1790744694,payflow-prometheus-1,1.57%,67.89MiB / 1GiB
1790744694,payflow-tempo-1,0.86%,105.5MiB / 1.5GiB
1790744694,k3d-dev-serverlb,0.00%,12.44MiB / 7.757GiB
1790744694,k3d-dev-agent-0,2.57%,300.1MiB / 7.757GiB
1790744694,k3d-dev-server-0,5.89%,772.2MiB / 7.757GiB
1790744707,hardcore_hugle,25.71%,86.28MiB / 7.757GiB
1790744707,payflow-payflow-1,94.19%,716.1MiB / 1.5GiB
1790744707,payflow-postgres-exporter-1,0.00%,16.04MiB / 128MiB
1790744707,payflow-postgres-1,42.22%,507.8MiB / 1GiB
1790744707,payflow-mongo-1,41.33%,224.3MiB / 1GiB
1790744707,payflow-kafka-1,176.57%,721.1MiB / 1.5GiB
1790744707,payflow-keycloak-1,0.18%,717.7MiB / 7.757GiB
1790744707,payflow-settlement-rail-1,1.27%,39.07MiB / 256MiB
1790744707,k3d-dev-agent-1-0,0.70%,124.1MiB / 7.757GiB
1790744707,payflow-grafana-1,0.68%,203.8MiB / 512MiB
1790744707,payflow-prometheus-1,0.15%,67.97MiB / 1GiB
1790744707,payflow-tempo-1,0.83%,102.8MiB / 1.5GiB
1790744707,k3d-dev-serverlb,0.00%,12.44MiB / 7.757GiB
1790744707,k3d-dev-agent-0,3.37%,294.5MiB / 7.757GiB
1790744707,k3d-dev-server-0,6.46%,732.2MiB / 7.757GiB
1790744721,hardcore_hugle,31.36%,88.09MiB / 7.757GiB
1790744721,payflow-payflow-1,140.61%,716.1MiB / 1.5GiB
1790744721,payflow-postgres-exporter-1,1.85%,15.57MiB / 128MiB
1790744721,payflow-postgres-1,63.11%,508.6MiB / 1GiB
1790744721,payflow-mongo-1,0.36%,222.9MiB / 1GiB
1790744721,payflow-kafka-1,24.50%,639.5MiB / 1.5GiB
1790744721,payflow-keycloak-1,0.16%,717.7MiB / 7.757GiB
1790744721,payflow-settlement-rail-1,1.57%,39.19MiB / 256MiB
1790744721,k3d-dev-agent-1-0,0.94%,123.6MiB / 7.757GiB
1790744721,payflow-grafana-1,0.68%,202.6MiB / 512MiB
1790744721,payflow-prometheus-1,0.49%,69.37MiB / 1GiB
1790744721,payflow-tempo-1,1.03%,104.3MiB / 1.5GiB
1790744721,k3d-dev-serverlb,0.00%,12.44MiB / 7.757GiB
1790744721,k3d-dev-agent-0,2.34%,298.6MiB / 7.757GiB
1790744721,k3d-dev-server-0,6.72%,732.7MiB / 7.757GiB
1790744733,hardcore_hugle,29.72%,88.12MiB / 7.757GiB
1790744733,payflow-payflow-1,205.98%,716.4MiB / 1.5GiB
1790744733,payflow-postgres-exporter-1,0.00%,15.75MiB / 128MiB
1790744733,payflow-postgres-1,96.06%,508.6MiB / 1GiB
1790744733,payflow-mongo-1,0.41%,223.2MiB / 1GiB
1790744733,payflow-kafka-1,33.44%,642.3MiB / 1.5GiB
1790744733,payflow-keycloak-1,0.16%,717.7MiB / 7.757GiB
1790744733,payflow-settlement-rail-1,7.13%,39.47MiB / 256MiB
1790744733,k3d-dev-agent-1-0,0.96%,124.9MiB / 7.757GiB
1790744733,payflow-grafana-1,0.73%,202.6MiB / 512MiB
1790744733,payflow-prometheus-1,0.16%,71.09MiB / 1GiB
1790744733,payflow-tempo-1,1.35%,105.8MiB / 1.5GiB
1790744733,k3d-dev-serverlb,0.00%,12.44MiB / 7.757GiB
1790744733,k3d-dev-agent-0,2.95%,299.2MiB / 7.757GiB
1790744733,k3d-dev-server-0,6.61%,733.1MiB / 7.757GiB
1790744747,hardcore_hugle,26.79%,88.58MiB / 7.757GiB
1790744747,payflow-payflow-1,204.96%,717MiB / 1.5GiB
1790744747,payflow-postgres-exporter-1,0.00%,15.47MiB / 128MiB
1790744747,payflow-postgres-1,113.18%,509.2MiB / 1GiB
1790744747,payflow-mongo-1,18.55%,223.5MiB / 1GiB
1790744747,payflow-kafka-1,32.02%,650.9MiB / 1.5GiB
1790744747,payflow-keycloak-1,0.16%,717.8MiB / 7.757GiB
1790744747,payflow-settlement-rail-1,1.33%,39.84MiB / 256MiB
1790744747,k3d-dev-agent-1-0,0.89%,124.8MiB / 7.757GiB
1790744747,payflow-grafana-1,0.68%,202.6MiB / 512MiB
1790744747,payflow-prometheus-1,0.33%,71.12MiB / 1GiB
1790744747,payflow-tempo-1,3.18%,104.4MiB / 1.5GiB
1790744747,k3d-dev-serverlb,0.00%,12.44MiB / 7.757GiB
1790744747,k3d-dev-agent-0,3.79%,297.4MiB / 7.757GiB
1790744747,k3d-dev-server-0,6.12%,732.9MiB / 7.757GiB
1790744759,hardcore_hugle,30.28%,88.15MiB / 7.757GiB
1790744759,payflow-payflow-1,127.04%,716.2MiB / 1.5GiB
1790744759,payflow-postgres-exporter-1,0.00%,15.89MiB / 128MiB
1790744759,payflow-postgres-1,129.84%,543.9MiB / 1GiB
1790744759,payflow-mongo-1,43.69%,380.8MiB / 1GiB
1790744759,payflow-kafka-1,166.16%,756.9MiB / 1.5GiB
1790744759,payflow-keycloak-1,0.18%,717.7MiB / 7.757GiB
1790744759,payflow-settlement-rail-1,3.74%,40.24MiB / 256MiB
1790744759,k3d-dev-agent-1-0,1.00%,124.8MiB / 7.757GiB
1790744759,payflow-grafana-1,0.74%,202.5MiB / 512MiB
1790744759,payflow-prometheus-1,0.17%,71.16MiB / 1GiB
1790744759,payflow-tempo-1,0.84%,114.7MiB / 1.5GiB
1790744759,k3d-dev-serverlb,0.00%,12.44MiB / 7.757GiB
1790744759,k3d-dev-agent-0,3.43%,298.8MiB / 7.757GiB
1790744759,k3d-dev-server-0,6.74%,734.7MiB / 7.757GiB
1790744771,hardcore_hugle,29.17%,90.96MiB / 7.757GiB
1790744771,payflow-payflow-1,205.05%,716.8MiB / 1.5GiB
1790744771,payflow-postgres-exporter-1,0.00%,15.65MiB / 128MiB
1790744771,payflow-postgres-1,114.04%,531MiB / 1GiB
1790744771,payflow-mongo-1,21.30%,224.1MiB / 1GiB
1790744771,payflow-kafka-1,29.63%,654.8MiB / 1.5GiB
1790744771,payflow-keycloak-1,0.20%,717.6MiB / 7.757GiB
1790744771,payflow-settlement-rail-1,1.32%,40.64MiB / 256MiB
1790744771,k3d-dev-agent-1-0,1.11%,124.9MiB / 7.757GiB
1790744771,payflow-grafana-1,0.66%,202.5MiB / 512MiB
1790744771,payflow-prometheus-1,0.15%,71.17MiB / 1GiB
1790744771,payflow-tempo-1,1.37%,103.4MiB / 1.5GiB
1790744771,k3d-dev-serverlb,0.00%,12.44MiB / 7.757GiB
1790744771,k3d-dev-agent-0,3.06%,294.3MiB / 7.757GiB
1790744771,k3d-dev-server-0,5.84%,734.1MiB / 7.757GiB
1790744785,hardcore_hugle,38.30%,92.02MiB / 7.757GiB
1790744785,payflow-payflow-1,203.98%,716.9MiB / 1.5GiB
1790744785,payflow-postgres-exporter-1,0.00%,15.23MiB / 128MiB
1790744785,payflow-postgres-1,82.28%,531.8MiB / 1GiB
1790744785,payflow-mongo-1,26.73%,224.4MiB / 1GiB
1790744785,payflow-kafka-1,37.44%,667.7MiB / 1.5GiB
1790744785,payflow-keycloak-1,0.24%,717.6MiB / 7.757GiB
1790744785,payflow-settlement-rail-1,0.01%,40.73MiB / 256MiB
1790744785,k3d-dev-agent-1-0,1.27%,124.4MiB / 7.757GiB
1790744785,payflow-grafana-1,0.82%,202.6MiB / 512MiB
1790744785,payflow-prometheus-1,0.39%,71.43MiB / 1GiB
1790744785,payflow-tempo-1,0.84%,119.8MiB / 1.5GiB
1790744785,k3d-dev-serverlb,0.00%,12.44MiB / 7.757GiB
1790744785,k3d-dev-agent-0,2.95%,299.2MiB / 7.757GiB
1790744785,k3d-dev-server-0,7.14%,734.4MiB / 7.757GiB
1790744798,hardcore_hugle,27.18%,92.39MiB / 7.757GiB
1790744798,payflow-payflow-1,200.46%,717.8MiB / 1.5GiB
1790744798,payflow-postgres-exporter-1,0.00%,15.77MiB / 128MiB
1790744798,payflow-postgres-1,98.88%,531.7MiB / 1GiB
1790744798,payflow-mongo-1,17.01%,226MiB / 1GiB
1790744798,payflow-kafka-1,75.17%,662.7MiB / 1.5GiB
1790744798,payflow-keycloak-1,0.16%,717.6MiB / 7.757GiB
1790744798,payflow-settlement-rail-1,0.01%,40.83MiB / 256MiB
1790744798,k3d-dev-agent-1-0,1.40%,124.8MiB / 7.757GiB
1790744798,payflow-grafana-1,0.91%,202.6MiB / 512MiB
1790744798,payflow-prometheus-1,0.13%,71.45MiB / 1GiB
1790744798,payflow-tempo-1,1.44%,117.7MiB / 1.5GiB
1790744798,k3d-dev-serverlb,0.00%,12.44MiB / 7.757GiB
1790744798,k3d-dev-agent-0,4.46%,299.2MiB / 7.757GiB
1790744798,k3d-dev-server-0,6.39%,734.3MiB / 7.757GiB
1790744810,hardcore_hugle,38.63%,91.84MiB / 7.757GiB
1790744810,payflow-payflow-1,187.74%,717.1MiB / 1.5GiB
1790744810,payflow-postgres-exporter-1,1.65%,16.07MiB / 128MiB
1790744810,payflow-postgres-1,80.23%,532.3MiB / 1GiB
1790744810,payflow-mongo-1,34.97%,227.3MiB / 1GiB
1790744810,payflow-kafka-1,62.98%,685.2MiB / 1.5GiB
1790744810,payflow-keycloak-1,0.32%,717.7MiB / 7.757GiB
1790744810,payflow-settlement-rail-1,5.05%,40.93MiB / 256MiB
1790744810,k3d-dev-agent-1-0,1.18%,124.7MiB / 7.757GiB
1790744810,payflow-grafana-1,0.97%,202.6MiB / 512MiB
1790744810,payflow-prometheus-1,1.61%,71.48MiB / 1GiB
1790744810,payflow-tempo-1,0.97%,113.4MiB / 1.5GiB
1790744810,k3d-dev-serverlb,0.00%,12.44MiB / 7.757GiB
1790744810,k3d-dev-agent-0,2.55%,297.7MiB / 7.757GiB
1790744810,k3d-dev-server-0,6.31%,735.2MiB / 7.757GiB
1790744824,hardcore_hugle,34.21%,95.66MiB / 7.757GiB
1790744824,payflow-payflow-1,189.02%,717.2MiB / 1.5GiB
1790744824,payflow-postgres-exporter-1,0.00%,15.45MiB / 128MiB
1790744824,payflow-postgres-1,138.11%,648.9MiB / 1GiB
1790744824,payflow-mongo-1,21.08%,375.9MiB / 1GiB
1790744824,payflow-kafka-1,33.15%,669.9MiB / 1.5GiB
1790744824,payflow-keycloak-1,0.18%,727.2MiB / 7.757GiB
1790744824,payflow-settlement-rail-1,1.86%,41.14MiB / 256MiB
1790744824,k3d-dev-agent-1-0,1.13%,124.8MiB / 7.757GiB
1790744824,payflow-grafana-1,0.66%,202.6MiB / 512MiB
1790744824,payflow-prometheus-1,0.20%,71.51MiB / 1GiB
1790744824,payflow-tempo-1,1.58%,108.2MiB / 1.5GiB
1790744824,k3d-dev-serverlb,0.00%,12.44MiB / 7.757GiB
1790744824,k3d-dev-agent-0,2.42%,299.9MiB / 7.757GiB
1790744824,k3d-dev-server-0,6.27%,735.8MiB / 7.757GiB
1790744836,hardcore_hugle,36.83%,96.53MiB / 7.757GiB
1790744836,payflow-payflow-1,184.33%,718MiB / 1.5GiB
1790744836,payflow-postgres-exporter-1,1.62%,15.55MiB / 128MiB
1790744836,payflow-postgres-1,90.34%,621.5MiB / 1GiB
1790744836,payflow-mongo-1,29.46%,230MiB / 1GiB
1790744836,payflow-kafka-1,80.80%,669.1MiB / 1.5GiB
1790744836,payflow-keycloak-1,0.44%,724.5MiB / 7.757GiB
1790744836,payflow-settlement-rail-1,2.92%,41.34MiB / 256MiB
1790744836,k3d-dev-agent-1-0,0.91%,124.7MiB / 7.757GiB
1790744836,payflow-grafana-1,0.63%,201.3MiB / 512MiB
1790744836,payflow-prometheus-1,1.43%,72.19MiB / 1GiB
1790744836,payflow-tempo-1,12.65%,118.6MiB / 1.5GiB
1790744836,k3d-dev-serverlb,0.00%,12.39MiB / 7.757GiB
1790744836,k3d-dev-agent-0,1.97%,294.3MiB / 7.757GiB
1790744836,k3d-dev-server-0,7.11%,727.7MiB / 7.757GiB
1790744850,hardcore_hugle,38.25%,97.34MiB / 7.757GiB
1790744850,payflow-payflow-1,195.19%,718.2MiB / 1.5GiB
1790744850,payflow-postgres-exporter-1,0.00%,15.32MiB / 128MiB
1790744850,payflow-postgres-1,109.94%,623.2MiB / 1GiB
1790744850,payflow-mongo-1,0.40%,232.4MiB / 1GiB
1790744850,payflow-kafka-1,76.33%,704MiB / 1.5GiB
1790744850,payflow-keycloak-1,0.16%,724.3MiB / 7.757GiB
1790744850,payflow-settlement-rail-1,3.31%,41.82MiB / 256MiB
1790744850,k3d-dev-agent-1-0,0.92%,124.3MiB / 7.757GiB
1790744850,payflow-grafana-1,0.68%,201.3MiB / 512MiB
1790744850,payflow-prometheus-1,0.15%,72.7MiB / 1GiB
1790744850,payflow-tempo-1,1.54%,120.1MiB / 1.5GiB
1790744850,k3d-dev-serverlb,0.00%,12.39MiB / 7.757GiB
1790744850,k3d-dev-agent-0,3.57%,298.3MiB / 7.757GiB
1790744850,k3d-dev-server-0,6.53%,727.7MiB / 7.757GiB
1790744862,hardcore_hugle,39.36%,97.71MiB / 7.757GiB
1790744862,payflow-payflow-1,206.68%,718.4MiB / 1.5GiB
1790744862,payflow-postgres-exporter-1,0.00%,16.1MiB / 128MiB
1790744862,payflow-postgres-1,111.63%,621MiB / 1GiB
1790744862,payflow-mongo-1,0.42%,232MiB / 1GiB
1790744862,payflow-kafka-1,37.59%,679.4MiB / 1.5GiB
1790744862,payflow-keycloak-1,0.17%,723.7MiB / 7.757GiB
1790744862,payflow-settlement-rail-1,3.19%,42.05MiB / 256MiB
1790744862,k3d-dev-agent-1-0,1.74%,124.5MiB / 7.757GiB
1790744862,payflow-grafana-1,0.77%,201.2MiB / 512MiB
1790744862,payflow-prometheus-1,0.28%,72.74MiB / 1GiB
1790744862,payflow-tempo-1,1.44%,123.9MiB / 1.5GiB
1790744862,k3d-dev-serverlb,0.00%,12.39MiB / 7.757GiB
1790744862,k3d-dev-agent-0,9.22%,292.6MiB / 7.757GiB
1790744862,k3d-dev-server-0,6.86%,733.3MiB / 7.757GiB
1790744875,hardcore_hugle,39.94%,96.79MiB / 7.757GiB
1790744875,payflow-payflow-1,203.54%,718.1MiB / 1.5GiB
1790744875,payflow-postgres-exporter-1,0.00%,15.63MiB / 128MiB
1790744875,payflow-postgres-1,93.14%,608.2MiB / 1GiB
1790744875,payflow-mongo-1,0.59%,230.6MiB / 1GiB
1790744875,payflow-kafka-1,34.82%,677.9MiB / 1.5GiB
1790744875,payflow-keycloak-1,0.17%,721MiB / 7.757GiB
1790744875,payflow-settlement-rail-1,4.47%,42.56MiB / 256MiB
1790744875,k3d-dev-agent-1-0,1.15%,124.6MiB / 7.757GiB
1790744875,payflow-grafana-1,0.67%,200.1MiB / 512MiB
1790744875,payflow-prometheus-1,0.16%,72.66MiB / 1GiB
1790744875,payflow-tempo-1,3.06%,110.3MiB / 1.5GiB
1790744875,k3d-dev-serverlb,0.00%,12.32MiB / 7.757GiB
1790744875,k3d-dev-agent-0,4.07%,296.6MiB / 7.757GiB
1790744875,k3d-dev-server-0,7.37%,731.9MiB / 7.757GiB
1790744889,hardcore_hugle,39.52%,101.8MiB / 7.757GiB
1790744889,payflow-payflow-1,148.22%,717.7MiB / 1.5GiB
1790744889,payflow-postgres-exporter-1,0.00%,15.94MiB / 128MiB
1790744889,payflow-postgres-1,55.43%,627.2MiB / 1GiB
1790744889,payflow-mongo-1,59.90%,371.2MiB / 1GiB
1790744889,payflow-kafka-1,197.24%,770.3MiB / 1.5GiB
1790744889,payflow-keycloak-1,0.19%,720.3MiB / 7.757GiB
1790744889,payflow-settlement-rail-1,0.01%,42.79MiB / 256MiB
1790744889,k3d-dev-agent-1-0,1.52%,125.1MiB / 7.757GiB
1790744889,payflow-grafana-1,0.66%,199.9MiB / 512MiB
1790744889,payflow-prometheus-1,0.34%,72.63MiB / 1GiB
1790744889,payflow-tempo-1,5.15%,119.9MiB / 1.5GiB
1790744889,k3d-dev-serverlb,0.00%,12.31MiB / 7.757GiB
1790744889,k3d-dev-agent-0,3.69%,298MiB / 7.757GiB
1790744889,k3d-dev-server-0,6.16%,741.4MiB / 7.757GiB
1790744901,hardcore_hugle,39.09%,101.8MiB / 7.757GiB
1790744901,payflow-payflow-1,131.83%,717.7MiB / 1.5GiB
1790744901,payflow-postgres-exporter-1,0.00%,15.9MiB / 128MiB
1790744901,payflow-postgres-1,64.80%,622.6MiB / 1GiB
1790744901,payflow-mongo-1,58.84%,266.3MiB / 1GiB
1790744901,payflow-kafka-1,27.60%,681.4MiB / 1.5GiB
1790744901,payflow-keycloak-1,0.16%,719MiB / 7.757GiB
1790744901,payflow-settlement-rail-1,0.20%,42.77MiB / 256MiB
1790744901,k3d-dev-agent-1-0,5.08%,124.4MiB / 7.757GiB
1790744901,payflow-grafana-1,0.61%,199.4MiB / 512MiB
1790744901,payflow-prometheus-1,0.16%,74.15MiB / 1GiB
1790744901,payflow-tempo-1,4.59%,114.6MiB / 1.5GiB
1790744901,k3d-dev-serverlb,0.00%,12.29MiB / 7.757GiB
1790744901,k3d-dev-agent-0,2.80%,294.8MiB / 7.757GiB
1790744901,k3d-dev-server-0,5.69%,746.6MiB / 7.757GiB
1790744915,hardcore_hugle,25.67%,102.3MiB / 7.757GiB
1790744915,payflow-payflow-1,178.36%,718.1MiB / 1.5GiB
1790744915,payflow-postgres-exporter-1,0.00%,15.52MiB / 128MiB
1790744915,payflow-postgres-1,87.33%,616MiB / 1GiB
1790744915,payflow-mongo-1,27.69%,232.7MiB / 1GiB
1790744915,payflow-kafka-1,24.46%,681.7MiB / 1.5GiB
1790744915,payflow-keycloak-1,0.18%,719MiB / 7.757GiB
1790744915,payflow-settlement-rail-1,0.97%,42.85MiB / 256MiB
1790744915,k3d-dev-agent-1-0,1.14%,124.1MiB / 7.757GiB
1790744915,payflow-grafana-1,0.72%,199.5MiB / 512MiB
1790744915,payflow-prometheus-1,0.17%,74.15MiB / 1GiB
1790744915,payflow-tempo-1,3.07%,102.5MiB / 1.5GiB
1790744915,k3d-dev-serverlb,0.00%,12.29MiB / 7.757GiB
1790744915,k3d-dev-agent-0,6.57%,298.6MiB / 7.757GiB
1790744915,k3d-dev-server-0,5.50%,751.9MiB / 7.757GiB
1790744927,hardcore_hugle,23.30%,101.4MiB / 7.757GiB
1790744927,payflow-payflow-1,162.97%,717MiB / 1.5GiB
1790744927,payflow-postgres-exporter-1,0.00%,15.45MiB / 128MiB
1790744927,payflow-postgres-1,83.77%,607.1MiB / 1GiB
1790744927,payflow-mongo-1,26.80%,232.5MiB / 1GiB
1790744927,payflow-kafka-1,24.10%,682.1MiB / 1.5GiB
1790744927,payflow-keycloak-1,0.18%,716.7MiB / 7.757GiB
1790744927,payflow-settlement-rail-1,0.01%,42.85MiB / 256MiB
1790744927,k3d-dev-agent-1-0,1.71%,124.1MiB / 7.757GiB
1790744927,payflow-grafana-1,1.04%,198.7MiB / 512MiB
1790744927,payflow-prometheus-1,1.34%,74.09MiB / 1GiB
1790744927,payflow-tempo-1,0.91%,112.2MiB / 1.5GiB
1790744927,k3d-dev-serverlb,0.00%,12.25MiB / 7.757GiB
1790744927,k3d-dev-agent-0,3.99%,292.3MiB / 7.757GiB
1790744927,k3d-dev-server-0,7.24%,757.2MiB / 7.757GiB
1790744940,hardcore_hugle,16.83%,102.7MiB / 7.757GiB
1790744940,payflow-payflow-1,169.31%,717.1MiB / 1.5GiB
1790744940,payflow-postgres-exporter-1,0.00%,15.81MiB / 128MiB
1790744940,payflow-postgres-1,70.32%,609.1MiB / 1GiB
1790744940,payflow-mongo-1,28.68%,238.1MiB / 1GiB
1790744940,payflow-kafka-1,145.75%,744.6MiB / 1.5GiB
1790744940,payflow-keycloak-1,0.18%,716.8MiB / 7.757GiB
1790744940,payflow-settlement-rail-1,0.50%,42.85MiB / 256MiB
1790744940,k3d-dev-agent-1-0,1.07%,123.2MiB / 7.757GiB
1790744940,payflow-grafana-1,0.64%,198.7MiB / 512MiB
1790744940,payflow-prometheus-1,0.14%,74.21MiB / 1GiB
1790744940,payflow-tempo-1,1.22%,114.3MiB / 1.5GiB
1790744940,k3d-dev-serverlb,0.00%,12.25MiB / 7.757GiB
1790744940,k3d-dev-agent-0,1.78%,297.3MiB / 7.757GiB
1790744940,k3d-dev-server-0,6.08%,763.3MiB / 7.757GiB
1790744954,hardcore_hugle,12.40%,101.4MiB / 7.757GiB
1790744954,payflow-payflow-1,200.48%,715.5MiB / 1.5GiB
1790744954,payflow-postgres-exporter-1,0.00%,16.13MiB / 128MiB
1790744954,payflow-postgres-1,100.13%,695.1MiB / 1GiB
1790744954,payflow-mongo-1,1.53%,238.1MiB / 1GiB
1790744954,payflow-kafka-1,40.30%,681.3MiB / 1.5GiB
1790744954,payflow-keycloak-1,0.16%,713.9MiB / 7.757GiB
1790744954,payflow-settlement-rail-1,2.68%,42.87MiB / 256MiB
1790744954,k3d-dev-agent-1-0,0.85%,123.5MiB / 7.757GiB
1790744954,payflow-grafana-1,0.78%,197.9MiB / 512MiB
1790744954,payflow-prometheus-1,1.96%,75.69MiB / 1GiB
1790744954,payflow-tempo-1,10.08%,114MiB / 1.5GiB
1790744954,k3d-dev-serverlb,0.00%,12.16MiB / 7.757GiB
1790744954,k3d-dev-agent-0,2.56%,296.4MiB / 7.757GiB
1790744954,k3d-dev-server-0,7.05%,764.6MiB / 7.757GiB
1790744966,payflow-payflow-1,177.46%,715.6MiB / 1.5GiB
1790744966,payflow-postgres-exporter-1,0.00%,18.21MiB / 128MiB
1790744966,payflow-postgres-1,109.79%,665.2MiB / 1GiB
1790744966,payflow-mongo-1,28.16%,387MiB / 1GiB
1790744966,payflow-kafka-1,50.02%,684.1MiB / 1.5GiB
1790744966,payflow-keycloak-1,3.09%,713.7MiB / 7.757GiB
1790744966,payflow-settlement-rail-1,2.55%,43.28MiB / 256MiB
1790744966,k3d-dev-agent-1-0,1.51%,123.6MiB / 7.757GiB
1790744966,payflow-grafana-1,0.83%,197.9MiB / 512MiB
1790744966,payflow-prometheus-1,0.24%,75.81MiB / 1GiB
1790744966,payflow-tempo-1,1.12%,118.3MiB / 1.5GiB
1790744966,k3d-dev-serverlb,0.00%,12.16MiB / 7.757GiB
1790744966,k3d-dev-agent-0,2.98%,293.4MiB / 7.757GiB
1790744966,k3d-dev-server-0,8.50%,763.7MiB / 7.757GiB
1790744978,payflow-payflow-1,165.97%,715.8MiB / 1.5GiB
1790744978,payflow-postgres-exporter-1,1.66%,18.64MiB / 128MiB
1790744978,payflow-postgres-1,91.12%,637.7MiB / 1GiB
1790744978,payflow-mongo-1,22.01%,240.9MiB / 1GiB
1790744978,payflow-kafka-1,169.37%,763.2MiB / 1.5GiB
1790744978,payflow-keycloak-1,0.23%,713.6MiB / 7.757GiB
1790744978,payflow-settlement-rail-1,5.14%,43.75MiB / 256MiB
1790744978,k3d-dev-agent-1-0,2.08%,123.5MiB / 7.757GiB
1790744978,payflow-grafana-1,1.03%,197.9MiB / 512MiB
1790744978,payflow-prometheus-1,0.65%,75.82MiB / 1GiB
1790744978,payflow-tempo-1,0.98%,114.9MiB / 1.5GiB
1790744978,k3d-dev-serverlb,0.00%,12.16MiB / 7.757GiB
1790744978,k3d-dev-agent-0,4.60%,296.8MiB / 7.757GiB
1790744978,k3d-dev-server-0,8.03%,764.9MiB / 7.757GiB
1790744992,payflow-payflow-1,197.86%,715.6MiB / 1.5GiB
1790744992,payflow-postgres-exporter-1,0.00%,18.5MiB / 128MiB
1790744992,payflow-postgres-1,118.45%,639.7MiB / 1GiB
1790744992,payflow-mongo-1,0.42%,241.4MiB / 1GiB
1790744992,payflow-kafka-1,40.43%,691.8MiB / 1.5GiB
1790744992,payflow-keycloak-1,0.71%,713.7MiB / 7.757GiB
1790744992,payflow-settlement-rail-1,2.65%,44.27MiB / 256MiB
1790744992,k3d-dev-agent-1-0,1.34%,123.5MiB / 7.757GiB
1790744992,payflow-grafana-1,0.83%,197.9MiB / 512MiB
1790744992,payflow-prometheus-1,0.18%,75.99MiB / 1GiB
1790744992,payflow-tempo-1,2.06%,112.2MiB / 1.5GiB
1790744992,k3d-dev-serverlb,0.00%,12.16MiB / 7.757GiB
1790744992,k3d-dev-agent-0,3.35%,293.1MiB / 7.757GiB
1790744992,k3d-dev-server-0,8.24%,764.8MiB / 7.757GiB
1790745005,payflow-payflow-1,178.84%,715.5MiB / 1.5GiB
1790745005,payflow-postgres-exporter-1,0.00%,18.39MiB / 128MiB
1790745005,payflow-postgres-1,179.74%,691.8MiB / 1GiB
1790745005,payflow-mongo-1,1.02%,240.5MiB / 1GiB
1790745005,payflow-kafka-1,36.97%,693.8MiB / 1.5GiB
1790745005,payflow-keycloak-1,0.18%,712.9MiB / 7.757GiB
1790745005,payflow-settlement-rail-1,1.66%,44.48MiB / 256MiB
1790745005,k3d-dev-agent-1-0,1.08%,123MiB / 7.757GiB
1790745005,payflow-grafana-1,0.66%,197.8MiB / 512MiB
1790745005,payflow-prometheus-1,0.35%,76.02MiB / 1GiB
1790745005,payflow-tempo-1,1.28%,109.7MiB / 1.5GiB
1790745005,k3d-dev-serverlb,0.00%,12.14MiB / 7.757GiB
1790745005,k3d-dev-agent-0,2.25%,296.7MiB / 7.757GiB
1790745005,k3d-dev-server-0,5.80%,764.3MiB / 7.757GiB
1790745019,payflow-payflow-1,66.63%,715.5MiB / 1.5GiB
1790745019,payflow-postgres-exporter-1,0.00%,19.34MiB / 128MiB
1790745019,payflow-postgres-1,31.74%,695.7MiB / 1GiB
1790745019,payflow-mongo-1,0.32%,240.4MiB / 1GiB
1790745019,payflow-kafka-1,15.35%,695.1MiB / 1.5GiB
1790745019,payflow-keycloak-1,0.15%,712.9MiB / 7.757GiB
1790745019,payflow-settlement-rail-1,0.01%,44.48MiB / 256MiB
1790745019,k3d-dev-agent-1-0,1.04%,123.5MiB / 7.757GiB
1790745019,payflow-grafana-1,0.62%,197.8MiB / 512MiB
1790745019,payflow-prometheus-1,0.13%,76.02MiB / 1GiB
1790745019,payflow-tempo-1,0.69%,113.8MiB / 1.5GiB
1790745019,k3d-dev-serverlb,0.00%,12.14MiB / 7.757GiB
1790745019,k3d-dev-agent-0,2.76%,297.4MiB / 7.757GiB
1790745019,k3d-dev-server-0,6.05%,764.4MiB / 7.757GiB
1790745031,payflow-payflow-1,11.68%,715.5MiB / 1.5GiB
1790745031,payflow-postgres-exporter-1,0.00%,19.27MiB / 128MiB
1790745031,payflow-postgres-1,1.34%,690.9MiB / 1GiB
1790745031,payflow-mongo-1,75.39%,401.1MiB / 1GiB
1790745031,payflow-kafka-1,115.31%,767MiB / 1.5GiB
1790745031,payflow-keycloak-1,0.18%,712.8MiB / 7.757GiB
1790745031,payflow-settlement-rail-1,0.01%,44.47MiB / 256MiB
1790745031,k3d-dev-agent-1-0,2.38%,123.6MiB / 7.757GiB
1790745031,payflow-grafana-1,0.86%,197.8MiB / 512MiB
1790745031,payflow-prometheus-1,0.16%,76.07MiB / 1GiB
1790745031,payflow-tempo-1,0.29%,108.1MiB / 1.5GiB
1790745031,k3d-dev-serverlb,0.00%,12.12MiB / 7.757GiB
1790745031,k3d-dev-agent-0,3.53%,294.3MiB / 7.757GiB
1790745031,k3d-dev-server-0,9.59%,763.8MiB / 7.757GiB
1790745043,payflow-payflow-1,6.40%,715.2MiB / 1.5GiB
1790745043,payflow-postgres-exporter-1,0.00%,17.92MiB / 128MiB
1790745043,payflow-postgres-1,1.15%,684.8MiB / 1GiB
1790745043,payflow-mongo-1,0.42%,239.5MiB / 1GiB
1790745043,payflow-kafka-1,129.60%,770.4MiB / 1.5GiB
1790745043,payflow-keycloak-1,1.28%,712MiB / 7.757GiB
1790745043,payflow-settlement-rail-1,0.02%,44.47MiB / 256MiB
1790745043,k3d-dev-agent-1-0,2.54%,122.7MiB / 7.757GiB
1790745043,payflow-grafana-1,0.77%,197.4MiB / 512MiB
1790745043,payflow-prometheus-1,0.79%,76.04MiB / 1GiB
1790745043,payflow-tempo-1,0.25%,108.1MiB / 1.5GiB
1790745043,k3d-dev-serverlb,0.00%,12.12MiB / 7.757GiB
1790745043,k3d-dev-agent-0,3.07%,297MiB / 7.757GiB
1790745043,k3d-dev-server-0,7.47%,764.5MiB / 7.757GiB
1790745057,payflow-payflow-1,10.40%,715MiB / 1.5GiB
1790745057,payflow-postgres-exporter-1,0.00%,19.18MiB / 128MiB
1790745057,payflow-postgres-1,1.08%,684.7MiB / 1GiB
1790745057,payflow-mongo-1,1.26%,239.5MiB / 1GiB
1790745057,payflow-kafka-1,7.39%,692.8MiB / 1.5GiB
1790745057,payflow-keycloak-1,39.95%,713.4MiB / 7.757GiB
1790745057,payflow-settlement-rail-1,0.02%,44.47MiB / 256MiB
1790745057,k3d-dev-agent-1-0,1.68%,122.7MiB / 7.757GiB
1790745057,payflow-grafana-1,0.90%,197.4MiB / 512MiB
1790745057,payflow-prometheus-1,0.19%,76.04MiB / 1GiB
1790745057,payflow-tempo-1,0.31%,97.59MiB / 1.5GiB
1790745057,k3d-dev-serverlb,0.00%,12.12MiB / 7.757GiB
1790745057,k3d-dev-agent-0,4.05%,292.6MiB / 7.757GiB
1790745057,k3d-dev-server-0,11.41%,764MiB / 7.757GiB
