1790508181,payflow-payflow-1,193.53%,426.9MiB / 1.5GiB
1790508181,payflow-tempo-1,0.24%,90.68MiB / 1.5GiB
1790508181,payflow-postgres-exporter-1,1.67%,13.05MiB / 128MiB
1790508181,payflow-mongo-1,16.94%,353.5MiB / 1GiB
1790508181,payflow-postgres-1,25.69%,509.9MiB / 1GiB
1790508181,payflow-kafka-1,150.94%,777MiB / 1.5GiB
1790508181,payflow-keycloak-1,26.08%,4.387GiB / 10.7GiB
1790508181,payflow-settlement-rail-1,0.02%,143.1MiB / 256MiB
1790508181,payflow-grafana-1,5.79%,184.5MiB / 512MiB
1790508181,payflow-prometheus-1,0.17%,86.14MiB / 1GiB
1790508181,k3d-tiny-url-serverlb,0.00%,5.297MiB / 10.7GiB
1790508181,k3d-tiny-url-server-0,8.07%,942.7MiB / 10.7GiB
1790508181,lucid_bartik,3.71%,30.75MiB / 10.7GiB
1790508189,lucid_bartik,1.68%,31.78MiB / 10.7GiB
1790508189,payflow-payflow-1,124.03%,456.5MiB / 1.5GiB
1790508189,payflow-tempo-1,0.26%,90.5MiB / 1.5GiB
1790508189,payflow-postgres-exporter-1,0.00%,13.03MiB / 128MiB
1790508189,payflow-mongo-1,1.59%,227.4MiB / 1GiB
1790508189,payflow-postgres-1,12.73%,509.2MiB / 1GiB
1790508189,payflow-kafka-1,178.30%,807.4MiB / 1.5GiB
1790508189,payflow-keycloak-1,1.70%,4.399GiB / 10.7GiB
1790508189,payflow-settlement-rail-1,0.28%,143.3MiB / 256MiB
1790508189,payflow-grafana-1,0.77%,184.9MiB / 512MiB
1790508189,payflow-prometheus-1,0.18%,86.64MiB / 1GiB
1790508189,k3d-tiny-url-serverlb,0.02%,5.297MiB / 10.7GiB
1790508189,k3d-tiny-url-server-0,10.14%,942.7MiB / 10.7GiB
1790508196,lucid_bartik,1.23%,33.01MiB / 10.7GiB
1790508196,payflow-payflow-1,85.41%,468.7MiB / 1.5GiB
1790508196,payflow-tempo-1,0.27%,90.51MiB / 1.5GiB
1790508196,payflow-postgres-exporter-1,0.00%,13.06MiB / 128MiB
1790508196,payflow-mongo-1,1.57%,225.2MiB / 1GiB
1790508196,payflow-postgres-1,20.55%,516MiB / 1GiB
1790508196,payflow-kafka-1,67.40%,697.7MiB / 1.5GiB
1790508196,payflow-keycloak-1,0.16%,4.399GiB / 10.7GiB
1790508196,payflow-settlement-rail-1,0.19%,143.3MiB / 256MiB
1790508196,payflow-grafana-1,1.03%,184.8MiB / 512MiB
1790508196,payflow-prometheus-1,0.49%,86.64MiB / 1GiB
1790508196,k3d-tiny-url-serverlb,0.00%,5.305MiB / 10.7GiB
1790508196,k3d-tiny-url-server-0,7.36%,942.3MiB / 10.7GiB
1790508203,lucid_bartik,1.88%,33.22MiB / 10.7GiB
1790508203,payflow-payflow-1,73.03%,485MiB / 1.5GiB
1790508203,payflow-tempo-1,0.38%,91.69MiB / 1.5GiB
1790508203,payflow-postgres-exporter-1,0.00%,13.8MiB / 128MiB
1790508203,payflow-mongo-1,1.71%,226.2MiB / 1GiB
1790508203,payflow-postgres-1,10.08%,509.9MiB / 1GiB
1790508203,payflow-kafka-1,9.38%,697.5MiB / 1.5GiB
1790508203,payflow-keycloak-1,0.22%,4.399GiB / 10.7GiB
1790508203,payflow-settlement-rail-1,0.21%,143.3MiB / 256MiB
1790508203,payflow-grafana-1,1.38%,184.8MiB / 512MiB
1790508203,payflow-prometheus-1,0.61%,86.65MiB / 1GiB
1790508203,k3d-tiny-url-serverlb,0.04%,5.305MiB / 10.7GiB
1790508203,k3d-tiny-url-server-0,14.50%,943MiB / 10.7GiB
1790508210,lucid_bartik,3.55%,33.41MiB / 10.7GiB
1790508210,payflow-payflow-1,78.58%,489.3MiB / 1.5GiB
1790508210,payflow-tempo-1,0.45%,92.13MiB / 1.5GiB
1790508210,payflow-postgres-exporter-1,1.63%,13.71MiB / 128MiB
1790508210,payflow-mongo-1,13.99%,228.3MiB / 1GiB
1790508210,payflow-postgres-1,19.01%,503.7MiB / 1GiB
1790508210,payflow-kafka-1,8.57%,697.6MiB / 1.5GiB
1790508210,payflow-keycloak-1,0.21%,4.399GiB / 10.7GiB
1790508210,payflow-settlement-rail-1,0.12%,143.3MiB / 256MiB
1790508210,payflow-grafana-1,1.13%,185MiB / 512MiB
1790508210,payflow-prometheus-1,0.51%,85.6MiB / 1GiB
1790508210,k3d-tiny-url-serverlb,0.00%,5.305MiB / 10.7GiB
1790508210,k3d-tiny-url-server-0,11.27%,942.2MiB / 10.7GiB
1790508218,lucid_bartik,2.14%,33.45MiB / 10.7GiB
1790508218,payflow-payflow-1,97.86%,493.1MiB / 1.5GiB
1790508218,payflow-tempo-1,1.81%,92.15MiB / 1.5GiB
1790508218,payflow-postgres-exporter-1,0.00%,13.39MiB / 128MiB
1790508218,payflow-mongo-1,2.65%,227.4MiB / 1GiB
1790508218,payflow-postgres-1,15.01%,505.6MiB / 1GiB
1790508218,payflow-kafka-1,9.18%,697.4MiB / 1.5GiB
1790508218,payflow-keycloak-1,0.30%,4.399GiB / 10.7GiB
1790508218,payflow-settlement-rail-1,0.41%,143.3MiB / 256MiB
1790508218,payflow-grafana-1,1.63%,184.9MiB / 512MiB
1790508218,payflow-prometheus-1,0.77%,85.8MiB / 1GiB
1790508218,k3d-tiny-url-serverlb,0.03%,5.309MiB / 10.7GiB
1790508218,k3d-tiny-url-server-0,12.57%,943.9MiB / 10.7GiB
1790508225,--,--,-- / --
1790508225,--,--,-- / --
1790508225,--,--,-- / --
1790508225,--,--,-- / --
1790508225,--,--,-- / --
1790508225,--,--,-- / --
1790508225,--,--,-- / --
1790508225,payflow-keycloak-1,0.20%,4.399GiB / 10.7GiB
1790508225,--,--,-- / --
1790508225,--,--,-- / --
1790508225,--,--,-- / --
1790508225,--,--,-- / --
1790508225,k3d-tiny-url-server-0,11.23%,943.7MiB / 10.7GiB
