1790496667,payflow-payflow-1,20.03%,543.8MiB / 1.5GiB
1790496667,payflow-postgres-exporter-1,0.00%,14.39MiB / 128MiB
1790496667,payflow-mongo-1,29.79%,380.6MiB / 1GiB
1790496667,payflow-postgres-1,18.66%,686MiB / 1GiB
1790496667,payflow-kafka-1,7.26%,799.3MiB / 1.5GiB
1790496667,payflow-keycloak-1,111.62%,936.9MiB / 10.7GiB
1790496667,payflow-settlement-rail-1,0.02%,40.04MiB / 256MiB
1790496667,payflow-grafana-1,0.93%,308.4MiB / 512MiB
1790496667,payflow-prometheus-1,0.63%,85.99MiB / 1GiB
1790496667,payflow-tempo-1,0.24%,117.6MiB / 1GiB
1790496667,k3d-tiny-url-serverlb,0.00%,25.48MiB / 10.7GiB
1790496667,k3d-tiny-url-server-0,7.05%,1.107GiB / 10.7GiB
1790496667,cranky_wilson,7.72%,32.61MiB / 10.7GiB
1790496675,cranky_wilson,9.94%,47MiB / 10.7GiB
1790496675,payflow-payflow-1,66.70%,546.1MiB / 1.5GiB
1790496675,payflow-postgres-exporter-1,0.00%,14.19MiB / 128MiB
1790496675,payflow-mongo-1,102.23%,308.5MiB / 1GiB
1790496675,payflow-postgres-1,77.37%,655.8MiB / 1GiB
1790496675,payflow-kafka-1,27.65%,788.1MiB / 1.5GiB
1790496675,payflow-keycloak-1,0.15%,1.704GiB / 10.7GiB
1790496675,payflow-settlement-rail-1,0.93%,40.41MiB / 256MiB
1790496675,payflow-grafana-1,0.85%,302.7MiB / 512MiB
1790496675,payflow-prometheus-1,1.45%,85.71MiB / 1GiB
1790496675,payflow-tempo-1,0.22%,118.4MiB / 1GiB
1790496675,k3d-tiny-url-serverlb,0.00%,25.34MiB / 10.7GiB
1790496675,k3d-tiny-url-server-0,8.79%,1.104GiB / 10.7GiB
1790496682,cranky_wilson,4.03%,55MiB / 10.7GiB
1790496682,payflow-payflow-1,59.71%,547.5MiB / 1.5GiB
1790496682,payflow-postgres-exporter-1,0.00%,15.2MiB / 128MiB
1790496682,payflow-mongo-1,38.39%,373.2MiB / 1GiB
1790496682,payflow-postgres-1,33.31%,639.7MiB / 1GiB
1790496682,payflow-kafka-1,14.91%,781.1MiB / 1.5GiB
1790496682,payflow-keycloak-1,0.18%,1.691GiB / 10.7GiB
1790496682,payflow-settlement-rail-1,0.88%,40.41MiB / 256MiB
1790496682,payflow-grafana-1,1.00%,299.5MiB / 512MiB
1790496682,payflow-prometheus-1,0.17%,85.53MiB / 1GiB
1790496682,payflow-tempo-1,0.27%,115.6MiB / 1GiB
1790496682,k3d-tiny-url-serverlb,0.04%,25.07MiB / 10.7GiB
1790496682,k3d-tiny-url-server-0,9.14%,1.096GiB / 10.7GiB
1790496689,cranky_wilson,3.15%,57.13MiB / 10.7GiB
1790496689,payflow-payflow-1,53.62%,547.9MiB / 1.5GiB
1790496689,payflow-postgres-exporter-1,0.00%,15.32MiB / 128MiB
1790496689,payflow-mongo-1,3.45%,226.1MiB / 1GiB
1790496689,payflow-postgres-1,30.86%,640.6MiB / 1GiB
1790496689,payflow-kafka-1,12.57%,786.2MiB / 1.5GiB
1790496689,payflow-keycloak-1,0.15%,1.691GiB / 10.7GiB
1790496689,payflow-settlement-rail-1,0.68%,40.45MiB / 256MiB
1790496689,payflow-grafana-1,0.82%,299.6MiB / 512MiB
1790496689,payflow-prometheus-1,0.67%,85.69MiB / 1GiB
1790496689,payflow-tempo-1,0.23%,115.7MiB / 1GiB
1790496689,k3d-tiny-url-serverlb,0.00%,25.07MiB / 10.7GiB
1790496689,k3d-tiny-url-server-0,10.58%,1.097GiB / 10.7GiB
1790496697,cranky_wilson,3.30%,58.92MiB / 10.7GiB
1790496697,payflow-payflow-1,54.85%,547.7MiB / 1.5GiB
1790496697,payflow-postgres-exporter-1,0.00%,15.39MiB / 128MiB
1790496697,payflow-mongo-1,4.34%,226.3MiB / 1GiB
1790496697,payflow-postgres-1,29.22%,640MiB / 1GiB
1790496697,payflow-kafka-1,53.33%,820.3MiB / 1.5GiB
1790496697,payflow-keycloak-1,0.16%,1.691GiB / 10.7GiB
1790496697,payflow-settlement-rail-1,0.71%,40.49MiB / 256MiB
1790496697,payflow-grafana-1,0.91%,299.6MiB / 512MiB
1790496697,payflow-prometheus-1,0.24%,85.69MiB / 1GiB
1790496697,payflow-tempo-1,0.25%,115.9MiB / 1GiB
1790496697,k3d-tiny-url-serverlb,0.00%,25.07MiB / 10.7GiB
1790496697,k3d-tiny-url-server-0,9.16%,1.099GiB / 10.7GiB
1790496704,cranky_wilson,3.56%,59MiB / 10.7GiB
1790496704,payflow-payflow-1,59.59%,547.9MiB / 1.5GiB
1790496704,payflow-postgres-exporter-1,0.00%,14.53MiB / 128MiB
1790496704,payflow-mongo-1,3.73%,226.3MiB / 1GiB
1790496704,payflow-postgres-1,30.99%,640.4MiB / 1GiB
1790496704,payflow-kafka-1,159.66%,870.8MiB / 1.5GiB
1790496704,payflow-keycloak-1,1.39%,1.69GiB / 10.7GiB
1790496704,payflow-settlement-rail-1,0.67%,40.5MiB / 256MiB
1790496704,payflow-grafana-1,0.98%,299.6MiB / 512MiB
1790496704,payflow-prometheus-1,0.27%,85.7MiB / 1GiB
1790496704,payflow-tempo-1,0.23%,116.2MiB / 1GiB
1790496704,k3d-tiny-url-serverlb,0.00%,25.07MiB / 10.7GiB
1790496704,k3d-tiny-url-server-0,8.38%,1.1GiB / 10.7GiB
1790496711,cranky_wilson,3.45%,59.47MiB / 10.7GiB
1790496711,payflow-payflow-1,61.76%,547.9MiB / 1.5GiB
1790496711,payflow-postgres-exporter-1,1.81%,14.73MiB / 128MiB
1790496711,payflow-mongo-1,5.78%,225.2MiB / 1GiB
1790496711,payflow-postgres-1,38.56%,634.9MiB / 1GiB
1790496711,payflow-kafka-1,170.80%,863.8MiB / 1.5GiB
1790496711,payflow-keycloak-1,0.19%,1.689GiB / 10.7GiB
1790496711,payflow-settlement-rail-1,0.62%,40.54MiB / 256MiB
1790496711,payflow-grafana-1,0.77%,299MiB / 512MiB
1790496711,payflow-prometheus-1,0.43%,85.8MiB / 1GiB
1790496711,payflow-tempo-1,0.22%,116.7MiB / 1GiB
1790496711,k3d-tiny-url-serverlb,0.00%,24.94MiB / 10.7GiB
1790496711,k3d-tiny-url-server-0,9.15%,1.1GiB / 10.7GiB
1790496718,cranky_wilson,3.62%,60.75MiB / 10.7GiB
1790496718,payflow-payflow-1,54.74%,548.3MiB / 1.5GiB
1790496718,payflow-postgres-exporter-1,0.00%,14.1MiB / 128MiB
1790496718,payflow-mongo-1,3.48%,225.4MiB / 1GiB
1790496718,payflow-postgres-1,25.96%,634.1MiB / 1GiB
1790496718,payflow-kafka-1,184.65%,896.4MiB / 1.5GiB
1790496718,payflow-keycloak-1,0.15%,1.689GiB / 10.7GiB
1790496718,payflow-settlement-rail-1,0.65%,40.57MiB / 256MiB
1790496718,payflow-grafana-1,0.96%,299MiB / 512MiB
1790496718,payflow-prometheus-1,0.68%,85.86MiB / 1GiB
1790496718,payflow-tempo-1,1.92%,116.6MiB / 1GiB
1790496718,k3d-tiny-url-serverlb,0.02%,24.94MiB / 10.7GiB
1790496718,k3d-tiny-url-server-0,9.06%,1.099GiB / 10.7GiB
1790496725,cranky_wilson,3.42%,65MiB / 10.7GiB
1790496725,payflow-payflow-1,54.05%,548.1MiB / 1.5GiB
1790496725,payflow-postgres-exporter-1,1.70%,15.15MiB / 128MiB
1790496725,payflow-mongo-1,3.97%,225.2MiB / 1GiB
1790496725,payflow-postgres-1,33.31%,633.5MiB / 1GiB
1790496725,payflow-kafka-1,123.69%,791.9MiB / 1.5GiB
1790496725,payflow-keycloak-1,0.15%,1.689GiB / 10.7GiB
1790496725,payflow-settlement-rail-1,0.84%,40.62MiB / 256MiB
1790496725,payflow-grafana-1,0.87%,298.8MiB / 512MiB
1790496725,payflow-prometheus-1,0.41%,85.85MiB / 1GiB
1790496725,payflow-tempo-1,0.27%,116.8MiB / 1GiB
1790496725,k3d-tiny-url-serverlb,0.02%,24.94MiB / 10.7GiB
1790496725,k3d-tiny-url-server-0,8.44%,1.101GiB / 10.7GiB
1790496733,cranky_wilson,16.32%,66.61MiB / 10.7GiB
1790496733,payflow-payflow-1,178.08%,548.3MiB / 1.5GiB
1790496733,payflow-postgres-exporter-1,0.00%,14.74MiB / 128MiB
1790496733,payflow-mongo-1,19.00%,225MiB / 1GiB
1790496733,payflow-postgres-1,109.96%,639MiB / 1GiB
1790496733,payflow-kafka-1,170.90%,902.2MiB / 1.5GiB
1790496733,payflow-keycloak-1,0.16%,1.689GiB / 10.7GiB
1790496733,payflow-settlement-rail-1,2.24%,40.71MiB / 256MiB
1790496733,payflow-grafana-1,0.91%,298.3MiB / 512MiB
1790496733,payflow-prometheus-1,0.64%,85.85MiB / 1GiB
1790496733,payflow-tempo-1,1.61%,117.1MiB / 1GiB
1790496733,k3d-tiny-url-serverlb,0.00%,24.94MiB / 10.7GiB
1790496733,k3d-tiny-url-server-0,9.40%,1.1GiB / 10.7GiB
1790496740,cranky_wilson,19.17%,69.32MiB / 10.7GiB
1790496740,payflow-payflow-1,181.82%,550MiB / 1.5GiB
1790496740,payflow-postgres-exporter-1,0.00%,14.07MiB / 128MiB
1790496740,payflow-mongo-1,104.48%,379.7MiB / 1GiB
1790496740,payflow-postgres-1,114.76%,629.8MiB / 1GiB
1790496740,payflow-kafka-1,169.14%,869.2MiB / 1.5GiB
1790496740,payflow-keycloak-1,0.19%,1.689GiB / 10.7GiB
1790496740,payflow-settlement-rail-1,1.50%,40.77MiB / 256MiB
1790496740,payflow-grafana-1,0.76%,294.8MiB / 512MiB
1790496740,payflow-prometheus-1,0.75%,86.09MiB / 1GiB
1790496740,payflow-tempo-1,1.55%,117.9MiB / 1GiB
1790496740,k3d-tiny-url-serverlb,0.01%,24.93MiB / 10.7GiB
1790496740,k3d-tiny-url-server-0,7.25%,1.099GiB / 10.7GiB
1790496747,cranky_wilson,18.71%,69.8MiB / 10.7GiB
1790496747,payflow-payflow-1,205.91%,551.9MiB / 1.5GiB
1790496747,payflow-postgres-exporter-1,0.00%,18.86MiB / 128MiB
1790496747,payflow-mongo-1,93.22%,231.3MiB / 1GiB
1790496747,payflow-postgres-1,109.79%,676MiB / 1GiB
1790496747,payflow-kafka-1,186.44%,865.3MiB / 1.5GiB
1790496747,payflow-keycloak-1,0.18%,1.688GiB / 10.7GiB
1790496747,payflow-settlement-rail-1,2.18%,40.9MiB / 256MiB
1790496747,payflow-grafana-1,1.05%,293.8MiB / 512MiB
1790496747,payflow-prometheus-1,0.74%,86.65MiB / 1GiB
1790496747,payflow-tempo-1,2.35%,120.7MiB / 1GiB
1790496747,k3d-tiny-url-serverlb,0.01%,24.93MiB / 10.7GiB
1790496747,k3d-tiny-url-server-0,9.07%,1.099GiB / 10.7GiB
1790496755,cranky_wilson,16.37%,70.22MiB / 10.7GiB
1790496755,payflow-payflow-1,172.81%,553.9MiB / 1.5GiB
1790496755,payflow-postgres-exporter-1,0.00%,18.21MiB / 128MiB
1790496755,payflow-mongo-1,17.41%,229.1MiB / 1GiB
1790496755,payflow-postgres-1,93.27%,679.4MiB / 1GiB
1790496755,payflow-kafka-1,194.99%,877.9MiB / 1.5GiB
1790496755,payflow-keycloak-1,0.15%,1.688GiB / 10.7GiB
1790496755,payflow-settlement-rail-1,2.86%,43.03MiB / 256MiB
1790496755,payflow-grafana-1,0.72%,293.7MiB / 512MiB
1790496755,payflow-prometheus-1,0.64%,86.64MiB / 1GiB
1790496755,payflow-tempo-1,0.83%,122.2MiB / 1GiB
1790496755,k3d-tiny-url-serverlb,0.03%,24.93MiB / 10.7GiB
1790496755,k3d-tiny-url-server-0,7.85%,1.099GiB / 10.7GiB
1790496762,cranky_wilson,17.77%,70.83MiB / 10.7GiB
1790496762,payflow-payflow-1,167.15%,556.8MiB / 1.5GiB
1790496762,payflow-postgres-exporter-1,0.00%,18.91MiB / 128MiB
1790496762,payflow-mongo-1,21.73%,228.8MiB / 1GiB
1790496762,payflow-postgres-1,83.56%,650.3MiB / 1GiB
1790496762,payflow-kafka-1,205.33%,886.3MiB / 1.5GiB
1790496762,payflow-keycloak-1,0.16%,1.687GiB / 10.7GiB
1790496762,payflow-settlement-rail-1,2.24%,41.09MiB / 256MiB
1790496762,payflow-grafana-1,1.16%,293MiB / 512MiB
1790496762,payflow-prometheus-1,0.17%,86.82MiB / 1GiB
1790496762,payflow-tempo-1,1.84%,130.3MiB / 1GiB
1790496762,k3d-tiny-url-serverlb,0.00%,24.93MiB / 10.7GiB
1790496762,k3d-tiny-url-server-0,8.72%,1.097GiB / 10.7GiB
1790496769,cranky_wilson,3.67%,70.93MiB / 10.7GiB
1790496769,payflow-payflow-1,158.53%,558.2MiB / 1.5GiB
1790496769,payflow-postgres-exporter-1,0.00%,19.17MiB / 128MiB
1790496769,payflow-mongo-1,17.82%,306.6MiB / 1GiB
1790496769,payflow-postgres-1,56.32%,635.5MiB / 1GiB
1790496769,payflow-kafka-1,193.94%,878.6MiB / 1.5GiB
1790496769,payflow-keycloak-1,0.18%,1.688GiB / 10.7GiB
1790496769,payflow-settlement-rail-1,0.01%,41.16MiB / 256MiB
1790496769,payflow-grafana-1,0.85%,291.9MiB / 512MiB
1790496769,payflow-prometheus-1,1.18%,87.36MiB / 1GiB
1790496769,payflow-tempo-1,0.25%,132MiB / 1GiB
1790496769,k3d-tiny-url-serverlb,0.00%,24.93MiB / 10.7GiB
1790496769,k3d-tiny-url-server-0,7.56%,1.097GiB / 10.7GiB
1790496776,cranky_wilson,6.49%,71.5MiB / 10.7GiB
1790496776,payflow-payflow-1,150.98%,560.4MiB / 1.5GiB
1790496776,payflow-postgres-exporter-1,0.00%,19.17MiB / 128MiB
1790496776,payflow-mongo-1,6.79%,231.4MiB / 1GiB
1790496776,payflow-postgres-1,94.70%,623.9MiB / 1GiB
1790496776,payflow-kafka-1,65.29%,797.1MiB / 1.5GiB
1790496776,payflow-keycloak-1,0.23%,1.687GiB / 10.7GiB
1790496776,payflow-settlement-rail-1,4.50%,41.21MiB / 256MiB
1790496776,payflow-grafana-1,1.64%,288.7MiB / 512MiB
1790496776,payflow-prometheus-1,0.24%,87.42MiB / 1GiB
1790496776,payflow-tempo-1,1.67%,122.4MiB / 1GiB
1790496776,k3d-tiny-url-serverlb,0.01%,24.93MiB / 10.7GiB
1790496776,k3d-tiny-url-server-0,17.88%,1.094GiB / 10.7GiB
1790496784,cranky_wilson,5.71%,71.52MiB / 10.7GiB
1790496784,payflow-payflow-1,117.53%,563.3MiB / 1.5GiB
1790496784,payflow-postgres-exporter-1,0.00%,18.34MiB / 128MiB
1790496784,payflow-mongo-1,99.89%,233.4MiB / 1GiB
1790496784,payflow-postgres-1,74.31%,621.1MiB / 1GiB
1790496784,payflow-kafka-1,60.69%,821.5MiB / 1.5GiB
1790496784,payflow-keycloak-1,0.18%,1.687GiB / 10.7GiB
1790496784,payflow-settlement-rail-1,1.73%,41.35MiB / 256MiB
1790496784,payflow-grafana-1,1.15%,288.5MiB / 512MiB
1790496784,payflow-prometheus-1,0.21%,87.4MiB / 1GiB
1790496784,payflow-tempo-1,0.87%,122.9MiB / 1GiB
1790496784,k3d-tiny-url-serverlb,0.03%,24.93MiB / 10.7GiB
1790496784,k3d-tiny-url-server-0,11.82%,1.093GiB / 10.7GiB
1790496791,cranky_wilson,2.41%,71.52MiB / 10.7GiB
1790496791,payflow-payflow-1,187.92%,565.4MiB / 1.5GiB
1790496791,payflow-postgres-exporter-1,0.00%,17.83MiB / 128MiB
1790496791,payflow-mongo-1,12.31%,233.7MiB / 1GiB
1790496791,payflow-postgres-1,12.21%,619.5MiB / 1GiB
1790496791,payflow-kafka-1,179.45%,889.9MiB / 1.5GiB
1790496791,payflow-keycloak-1,0.15%,1.687GiB / 10.7GiB
1790496791,payflow-settlement-rail-1,0.22%,41.4MiB / 256MiB
1790496791,payflow-grafana-1,0.81%,288.1MiB / 512MiB
1790496791,payflow-prometheus-1,0.14%,87.49MiB / 1GiB
1790496791,payflow-tempo-1,0.20%,122.2MiB / 1GiB
1790496791,k3d-tiny-url-serverlb,0.00%,24.93MiB / 10.7GiB
1790496791,k3d-tiny-url-server-0,11.70%,1.093GiB / 10.7GiB
1790496799,cranky_wilson,6.53%,71.74MiB / 10.7GiB
1790496799,payflow-payflow-1,180.58%,567MiB / 1.5GiB
1790496799,payflow-postgres-exporter-1,0.00%,17.82MiB / 128MiB
1790496799,payflow-mongo-1,5.47%,233.7MiB / 1GiB
1790496799,payflow-postgres-1,57.10%,621.8MiB / 1GiB
1790496799,payflow-kafka-1,206.97%,889.2MiB / 1.5GiB
1790496799,payflow-keycloak-1,0.16%,1.686GiB / 10.7GiB
1790496799,payflow-settlement-rail-1,2.43%,41.45MiB / 256MiB
1790496799,payflow-grafana-1,0.83%,288MiB / 512MiB
1790496799,payflow-prometheus-1,0.15%,87.47MiB / 1GiB
1790496799,payflow-tempo-1,3.75%,119.1MiB / 1GiB
1790496799,k3d-tiny-url-serverlb,0.02%,24.92MiB / 10.7GiB
1790496799,k3d-tiny-url-server-0,8.17%,1.094GiB / 10.7GiB
1790496806,cranky_wilson,8.59%,71.74MiB / 10.7GiB
1790496806,payflow-payflow-1,210.17%,569.2MiB / 1.5GiB
1790496806,payflow-postgres-exporter-1,1.04%,18.65MiB / 128MiB
1790496806,payflow-mongo-1,10.92%,234.1MiB / 1GiB
1790496806,payflow-postgres-1,114.76%,672.9MiB / 1GiB
1790496806,payflow-kafka-1,151.11%,855.9MiB / 1.5GiB
1790496806,payflow-keycloak-1,0.28%,1.686GiB / 10.7GiB
1790496806,payflow-settlement-rail-1,2.82%,41.47MiB / 256MiB
1790496806,payflow-grafana-1,1.09%,287.7MiB / 512MiB
1790496806,payflow-prometheus-1,0.47%,87.49MiB / 1GiB
1790496806,payflow-tempo-1,1.11%,119.3MiB / 1GiB
1790496806,k3d-tiny-url-serverlb,0.00%,24.91MiB / 10.7GiB
1790496806,k3d-tiny-url-server-0,32.77%,1.094GiB / 10.7GiB
1790496814,cranky_wilson,4.09%,71.93MiB / 10.7GiB
1790496814,payflow-payflow-1,178.88%,570.3MiB / 1.5GiB
1790496814,payflow-postgres-exporter-1,0.00%,18.11MiB / 128MiB
1790496814,payflow-mongo-1,63.17%,385MiB / 1GiB
1790496814,payflow-postgres-1,75.27%,689.2MiB / 1GiB
1790496814,payflow-kafka-1,29.58%,795.4MiB / 1.5GiB
1790496814,payflow-keycloak-1,0.18%,1.686GiB / 10.7GiB
1790496814,payflow-settlement-rail-1,2.96%,41.54MiB / 256MiB
1790496814,payflow-grafana-1,0.85%,286.6MiB / 512MiB
1790496814,payflow-prometheus-1,0.35%,87.4MiB / 1GiB
1790496814,payflow-tempo-1,1.18%,119.1MiB / 1GiB
1790496814,k3d-tiny-url-serverlb,0.01%,24.89MiB / 10.7GiB
1790496814,k3d-tiny-url-server-0,7.44%,1.091GiB / 10.7GiB
1790496821,cranky_wilson,3.82%,71.93MiB / 10.7GiB
1790496821,payflow-payflow-1,126.34%,573.3MiB / 1.5GiB
1790496821,payflow-postgres-exporter-1,0.00%,18.51MiB / 128MiB
1790496821,payflow-mongo-1,4.79%,233.1MiB / 1GiB
1790496821,payflow-postgres-1,71.62%,690.2MiB / 1GiB
1790496821,payflow-kafka-1,199.24%,876.8MiB / 1.5GiB
1790496821,payflow-keycloak-1,0.19%,1.686GiB / 10.7GiB
1790496821,payflow-settlement-rail-1,0.95%,41.63MiB / 256MiB
1790496821,payflow-grafana-1,0.96%,286.6MiB / 512MiB
1790496821,payflow-prometheus-1,0.19%,87.48MiB / 1GiB
1790496821,payflow-tempo-1,0.69%,117.6MiB / 1GiB
1790496821,k3d-tiny-url-serverlb,0.01%,24.89MiB / 10.7GiB
1790496821,k3d-tiny-url-server-0,7.39%,1.091GiB / 10.7GiB
1790496829,cranky_wilson,6.79%,72.23MiB / 10.7GiB
1790496829,payflow-payflow-1,132.58%,575MiB / 1.5GiB
1790496829,payflow-postgres-exporter-1,0.00%,18.33MiB / 128MiB
1790496829,payflow-mongo-1,3.66%,233.1MiB / 1GiB
1790496829,payflow-postgres-1,79.07%,663.5MiB / 1GiB
1790496829,payflow-kafka-1,181.33%,905.5MiB / 1.5GiB
1790496829,payflow-keycloak-1,0.22%,1.687GiB / 10.7GiB
1790496829,payflow-settlement-rail-1,2.06%,41.75MiB / 256MiB
1790496829,payflow-grafana-1,0.90%,286.6MiB / 512MiB
1790496829,payflow-prometheus-1,0.19%,87.48MiB / 1GiB
1790496829,payflow-tempo-1,6.17%,118.1MiB / 1GiB
1790496829,k3d-tiny-url-serverlb,0.00%,24.89MiB / 10.7GiB
1790496829,k3d-tiny-url-server-0,11.49%,1.092GiB / 10.7GiB
1790496836,cranky_wilson,4.00%,72.46MiB / 10.7GiB
1790496836,payflow-payflow-1,135.57%,576.2MiB / 1.5GiB
1790496836,payflow-postgres-exporter-1,1.70%,18.67MiB / 128MiB
1790496836,payflow-mongo-1,4.33%,233.1MiB / 1GiB
1790496836,payflow-postgres-1,80.63%,645.6MiB / 1GiB
1790496836,payflow-kafka-1,128.09%,800.9MiB / 1.5GiB
1790496836,payflow-keycloak-1,0.19%,1.687GiB / 10.7GiB
1790496836,payflow-settlement-rail-1,2.51%,41.8MiB / 256MiB
1790496836,payflow-grafana-1,0.94%,286.6MiB / 512MiB
1790496836,payflow-prometheus-1,0.59%,87.48MiB / 1GiB
1790496836,payflow-tempo-1,1.00%,117.8MiB / 1GiB
1790496836,k3d-tiny-url-serverlb,0.01%,24.89MiB / 10.7GiB
1790496836,k3d-tiny-url-server-0,8.98%,1.084GiB / 10.7GiB
1790496843,cranky_wilson,3.41%,72.82MiB / 10.7GiB
1790496843,payflow-payflow-1,160.57%,577.8MiB / 1.5GiB
1790496843,payflow-postgres-exporter-1,0.00%,17.89MiB / 128MiB
1790496843,payflow-mongo-1,16.92%,233MiB / 1GiB
1790496843,payflow-postgres-1,82.35%,636.6MiB / 1GiB
1790496843,payflow-kafka-1,86.65%,802.5MiB / 1.5GiB
1790496843,payflow-keycloak-1,0.20%,1.687GiB / 10.7GiB
1790496843,payflow-settlement-rail-1,0.76%,41.89MiB / 256MiB
1790496843,payflow-grafana-1,1.12%,286.6MiB / 512MiB
1790496843,payflow-prometheus-1,9.63%,87.68MiB / 1GiB
1790496843,payflow-tempo-1,0.96%,119.7MiB / 1GiB
1790496843,k3d-tiny-url-serverlb,0.00%,24.89MiB / 10.7GiB
1790496843,k3d-tiny-url-server-0,8.47%,1.083GiB / 10.7GiB
1790496850,cranky_wilson,5.81%,72.83MiB / 10.7GiB
1790496850,payflow-payflow-1,118.10%,579.2MiB / 1.5GiB
1790496850,payflow-postgres-exporter-1,2.44%,17.75MiB / 128MiB
1790496850,payflow-mongo-1,4.31%,233MiB / 1GiB
1790496850,payflow-postgres-1,102.65%,637.4MiB / 1GiB
1790496850,payflow-kafka-1,34.71%,804MiB / 1.5GiB
1790496850,payflow-keycloak-1,0.19%,1.687GiB / 10.7GiB
1790496850,payflow-settlement-rail-1,2.36%,41.94MiB / 256MiB
1790496850,payflow-grafana-1,1.19%,286.6MiB / 512MiB
1790496850,payflow-prometheus-1,0.57%,87.73MiB / 1GiB
1790496850,payflow-tempo-1,1.43%,120.9MiB / 1GiB
1790496850,k3d-tiny-url-serverlb,0.00%,24.89MiB / 10.7GiB
1790496850,k3d-tiny-url-server-0,10.02%,1.083GiB / 10.7GiB
1790496858,cranky_wilson,5.74%,72.83MiB / 10.7GiB
1790496858,payflow-payflow-1,109.41%,580.7MiB / 1.5GiB
1790496858,payflow-postgres-exporter-1,0.00%,18.43MiB / 128MiB
1790496858,payflow-mongo-1,4.56%,233MiB / 1GiB
1790496858,payflow-postgres-1,79.90%,636.9MiB / 1GiB
1790496858,payflow-kafka-1,27.56%,805.5MiB / 1.5GiB
1790496858,payflow-keycloak-1,0.28%,1.687GiB / 10.7GiB
1790496858,payflow-settlement-rail-1,4.19%,42.05MiB / 256MiB
1790496858,payflow-grafana-1,2.22%,286.6MiB / 512MiB
1790496858,payflow-prometheus-1,1.90%,87.74MiB / 1GiB
1790496858,payflow-tempo-1,5.32%,121.2MiB / 1GiB
1790496858,k3d-tiny-url-serverlb,0.03%,24.89MiB / 10.7GiB
1790496858,k3d-tiny-url-server-0,16.04%,1.084GiB / 10.7GiB
1790496865,cranky_wilson,4.98%,72.84MiB / 10.7GiB
1790496865,payflow-payflow-1,141.01%,582.2MiB / 1.5GiB
1790496865,payflow-postgres-exporter-1,0.00%,18.12MiB / 128MiB
1790496865,payflow-mongo-1,57.22%,233MiB / 1GiB
1790496865,payflow-postgres-1,75.40%,661.6MiB / 1GiB
1790496865,payflow-kafka-1,27.00%,806.8MiB / 1.5GiB
1790496865,payflow-keycloak-1,0.21%,1.687GiB / 10.7GiB
1790496865,payflow-settlement-rail-1,1.29%,42.07MiB / 256MiB
1790496865,payflow-grafana-1,22.96%,286.7MiB / 512MiB
1790496865,payflow-prometheus-1,1.38%,87.75MiB / 1GiB
1790496865,payflow-tempo-1,1.84%,118.9MiB / 1GiB
1790496865,k3d-tiny-url-serverlb,0.00%,24.89MiB / 10.7GiB
1790496865,k3d-tiny-url-server-0,9.33%,1.084GiB / 10.7GiB
1790496872,cranky_wilson,6.36%,72.84MiB / 10.7GiB
1790496872,payflow-payflow-1,156.91%,583.6MiB / 1.5GiB
1790496872,payflow-postgres-exporter-1,0.00%,18.2MiB / 128MiB
1790496872,payflow-mongo-1,17.28%,232.8MiB / 1GiB
1790496872,payflow-postgres-1,92.00%,648.5MiB / 1GiB
1790496872,payflow-kafka-1,31.58%,809MiB / 1.5GiB
1790496872,payflow-keycloak-1,0.22%,1.687GiB / 10.7GiB
1790496872,payflow-settlement-rail-1,1.85%,42.15MiB / 256MiB
1790496872,payflow-grafana-1,1.35%,286.7MiB / 512MiB
1790496872,payflow-prometheus-1,1.09%,87.84MiB / 1GiB
1790496872,payflow-tempo-1,0.53%,120.9MiB / 1GiB
1790496872,k3d-tiny-url-serverlb,0.03%,24.89MiB / 10.7GiB
1790496872,k3d-tiny-url-server-0,11.03%,1.084GiB / 10.7GiB
1790496880,cranky_wilson,6.97%,72.95MiB / 10.7GiB
1790496880,payflow-payflow-1,163.36%,584.7MiB / 1.5GiB
1790496880,payflow-postgres-exporter-1,0.00%,18MiB / 128MiB
1790496880,payflow-mongo-1,6.76%,232.6MiB / 1GiB
1790496880,payflow-postgres-1,115.43%,637.1MiB / 1GiB
1790496880,payflow-kafka-1,33.66%,808.3MiB / 1.5GiB
1790496880,payflow-keycloak-1,0.26%,1.687GiB / 10.7GiB
1790496880,payflow-settlement-rail-1,0.68%,42.21MiB / 256MiB
1790496880,payflow-grafana-1,1.43%,285.8MiB / 512MiB
1790496880,payflow-prometheus-1,1.03%,87.79MiB / 1GiB
1790496880,payflow-tempo-1,0.54%,121.1MiB / 1GiB
1790496880,k3d-tiny-url-serverlb,0.00%,24.83MiB / 10.7GiB
1790496880,k3d-tiny-url-server-0,12.01%,1.084GiB / 10.7GiB
1790496887,cranky_wilson,6.58%,72.95MiB / 10.7GiB
1790496887,payflow-payflow-1,99.81%,585.1MiB / 1.5GiB
1790496887,payflow-postgres-exporter-1,0.00%,18.36MiB / 128MiB
1790496887,payflow-mongo-1,113.52%,232.6MiB / 1GiB
1790496887,payflow-postgres-1,96.83%,635.4MiB / 1GiB
1790496887,payflow-kafka-1,286.64%,813.7MiB / 1.5GiB
1790496887,payflow-keycloak-1,0.26%,1.687GiB / 10.7GiB
1790496887,payflow-settlement-rail-1,1.32%,42.23MiB / 256MiB
1790496887,payflow-grafana-1,2.04%,285.8MiB / 512MiB
1790496887,payflow-prometheus-1,0.81%,87.79MiB / 1GiB
1790496887,payflow-tempo-1,9.96%,121.2MiB / 1GiB
1790496887,k3d-tiny-url-serverlb,0.11%,24.83MiB / 10.7GiB
1790496887,k3d-tiny-url-server-0,118.20%,1.084GiB / 10.7GiB
1790496895,cranky_wilson,17.67%,73MiB / 10.7GiB
1790496895,payflow-payflow-1,195.30%,587.4MiB / 1.5GiB
1790496895,payflow-postgres-exporter-1,1.84%,18.54MiB / 128MiB
1790496895,payflow-mongo-1,23.03%,232.7MiB / 1GiB
1790496895,payflow-postgres-1,120.91%,634.3MiB / 1GiB
1790496895,payflow-kafka-1,190.04%,888.9MiB / 1.5GiB
1790496895,payflow-keycloak-1,0.21%,1.687GiB / 10.7GiB
1790496895,payflow-settlement-rail-1,0.08%,42.36MiB / 256MiB
1790496895,payflow-grafana-1,0.88%,285.8MiB / 512MiB
1790496895,payflow-prometheus-1,0.55%,87.77MiB / 1GiB
1790496895,payflow-tempo-1,1.70%,120.9MiB / 1GiB
1790496895,k3d-tiny-url-serverlb,0.00%,24.83MiB / 10.7GiB
1790496895,k3d-tiny-url-server-0,6.21%,1.085GiB / 10.7GiB
1790496903,cranky_wilson,18.58%,73.04MiB / 10.7GiB
1790496903,payflow-payflow-1,202.58%,590.3MiB / 1.5GiB
1790496903,payflow-postgres-exporter-1,0.00%,18.55MiB / 128MiB
1790496903,payflow-mongo-1,23.63%,234.1MiB / 1GiB
1790496903,payflow-postgres-1,105.76%,633.7MiB / 1GiB
1790496903,payflow-kafka-1,198.18%,890.7MiB / 1.5GiB
1790496903,payflow-keycloak-1,0.19%,1.687GiB / 10.7GiB
1790496903,payflow-settlement-rail-1,3.66%,42.7MiB / 256MiB
1790496903,payflow-grafana-1,0.90%,285.3MiB / 512MiB
1790496903,payflow-prometheus-1,0.84%,87.74MiB / 1GiB
1790496903,payflow-tempo-1,1.84%,119.9MiB / 1GiB
1790496903,k3d-tiny-url-serverlb,0.00%,24.78MiB / 10.7GiB
1790496903,k3d-tiny-url-server-0,12.17%,1.084GiB / 10.7GiB
1790496910,cranky_wilson,17.12%,73.7MiB / 10.7GiB
1790496910,payflow-payflow-1,166.96%,595.5MiB / 1.5GiB
1790496910,payflow-postgres-exporter-1,0.00%,18.2MiB / 128MiB
1790496910,payflow-mongo-1,23.04%,233.4MiB / 1GiB
1790496910,payflow-postgres-1,110.58%,626.3MiB / 1GiB
1790496910,payflow-kafka-1,116.42%,847.4MiB / 1.5GiB
1790496910,payflow-keycloak-1,278.15%,1.943GiB / 10.7GiB
1790496910,payflow-settlement-rail-1,1.93%,42.46MiB / 256MiB
1790496910,payflow-grafana-1,0.85%,283.2MiB / 512MiB
1790496910,payflow-prometheus-1,0.88%,87.63MiB / 1GiB
1790496910,payflow-tempo-1,1.59%,128.1MiB / 1GiB
1790496910,k3d-tiny-url-serverlb,0.00%,24.56MiB / 10.7GiB
1790496910,k3d-tiny-url-server-0,6.90%,1.08GiB / 10.7GiB
1790496917,cranky_wilson,27.18%,79.37MiB / 10.7GiB
1790496917,payflow-payflow-1,183.26%,598MiB / 1.5GiB
1790496917,payflow-postgres-exporter-1,0.00%,15.92MiB / 128MiB
1790496917,payflow-mongo-1,26.73%,228.7MiB / 1GiB
1790496917,payflow-postgres-1,99.89%,541MiB / 1GiB
1790496917,payflow-kafka-1,53.21%,759.8MiB / 1.5GiB
1790496917,payflow-keycloak-1,197.27%,2.366GiB / 10.7GiB
1790496917,payflow-settlement-rail-1,2.91%,42.53MiB / 256MiB
1790496917,payflow-grafana-1,1.07%,264.8MiB / 512MiB
1790496917,payflow-prometheus-1,0.82%,85.75MiB / 1GiB
1790496917,payflow-tempo-1,2.30%,126.2MiB / 1GiB
1790496917,k3d-tiny-url-serverlb,0.00%,23.24MiB / 10.7GiB
1790496917,k3d-tiny-url-server-0,10.14%,1.035GiB / 10.7GiB
1790496925,cranky_wilson,16.93%,79.94MiB / 10.7GiB
1790496925,payflow-payflow-1,203.70%,602.4MiB / 1.5GiB
1790496925,payflow-postgres-exporter-1,0.00%,15.91MiB / 128MiB
1790496925,payflow-mongo-1,32.53%,235.5MiB / 1GiB
1790496925,payflow-postgres-1,132.58%,637.6MiB / 1GiB
1790496925,payflow-kafka-1,183.96%,861.1MiB / 1.5GiB
1790496925,payflow-keycloak-1,0.29%,2.366GiB / 10.7GiB
1790496925,payflow-settlement-rail-1,3.16%,52.94MiB / 256MiB
1790496925,payflow-grafana-1,2.03%,261.9MiB / 512MiB
1790496925,payflow-prometheus-1,1.85%,85.93MiB / 1GiB
1790496925,payflow-tempo-1,1.46%,115.2MiB / 1GiB
1790496925,k3d-tiny-url-serverlb,0.00%,22.86MiB / 10.7GiB
1790496925,k3d-tiny-url-server-0,7.30%,1.029GiB / 10.7GiB
1790496932,cranky_wilson,3.52%,80.89MiB / 10.7GiB
1790496932,payflow-payflow-1,174.21%,606.9MiB / 1.5GiB
1790496932,payflow-postgres-exporter-1,1.88%,15.96MiB / 128MiB
1790496932,payflow-mongo-1,3.90%,237.1MiB / 1GiB
1790496932,payflow-postgres-1,159.77%,657.4MiB / 1GiB
1790496932,payflow-kafka-1,186.61%,866.4MiB / 1.5GiB
1790496932,payflow-keycloak-1,0.23%,2.366GiB / 10.7GiB
1790496932,payflow-settlement-rail-1,2.75%,42.88MiB / 256MiB
1790496932,payflow-grafana-1,0.81%,261.9MiB / 512MiB
1790496932,payflow-prometheus-1,0.17%,86.02MiB / 1GiB
1790496932,payflow-tempo-1,2.44%,116.3MiB / 1GiB
1790496932,k3d-tiny-url-serverlb,0.00%,22.86MiB / 10.7GiB
1790496932,k3d-tiny-url-server-0,9.64%,1.031GiB / 10.7GiB
1790496939,cranky_wilson,3.69%,80.9MiB / 10.7GiB
1790496939,payflow-payflow-1,191.37%,610.5MiB / 1.5GiB
1790496939,payflow-postgres-exporter-1,0.00%,16.61MiB / 128MiB
1790496939,payflow-mongo-1,4.17%,237.1MiB / 1GiB
1790496939,payflow-postgres-1,108.63%,640MiB / 1GiB
1790496939,payflow-kafka-1,184.02%,875MiB / 1.5GiB
1790496939,payflow-keycloak-1,0.69%,2.366GiB / 10.7GiB
1790496939,payflow-settlement-rail-1,4.87%,43.04MiB / 256MiB
1790496939,payflow-grafana-1,0.84%,261.9MiB / 512MiB
1790496939,payflow-prometheus-1,0.19%,86.02MiB / 1GiB
1790496939,payflow-tempo-1,3.12%,120.9MiB / 1GiB
1790496939,k3d-tiny-url-serverlb,0.00%,22.86MiB / 10.7GiB
1790496939,k3d-tiny-url-server-0,8.31%,1.032GiB / 10.7GiB
1790496947,cranky_wilson,6.72%,80.95MiB / 10.7GiB
1790496947,payflow-payflow-1,183.28%,612.9MiB / 1.5GiB
1790496947,payflow-postgres-exporter-1,0.00%,16.55MiB / 128MiB
1790496947,payflow-mongo-1,71.07%,237.3MiB / 1GiB
1790496947,payflow-postgres-1,122.50%,631.7MiB / 1GiB
1790496947,payflow-kafka-1,181.02%,861.8MiB / 1.5GiB
1790496947,payflow-keycloak-1,1.17%,2.362GiB / 10.7GiB
1790496947,payflow-settlement-rail-1,4.18%,44.25MiB / 256MiB
1790496947,payflow-grafana-1,0.82%,261.9MiB / 512MiB
1790496947,payflow-prometheus-1,0.17%,85.98MiB / 1GiB
1790496947,payflow-tempo-1,0.83%,119.4MiB / 1GiB
1790496947,k3d-tiny-url-serverlb,0.00%,22.86MiB / 10.7GiB
1790496947,k3d-tiny-url-server-0,7.77%,1.033GiB / 10.7GiB
1790496954,cranky_wilson,3.44%,80.95MiB / 10.7GiB
1790496954,payflow-payflow-1,192.63%,616MiB / 1.5GiB
1790496954,payflow-postgres-exporter-1,0.00%,17.45MiB / 128MiB
1790496954,payflow-mongo-1,3.71%,237.3MiB / 1GiB
1790496954,payflow-postgres-1,118.38%,631.8MiB / 1GiB
1790496954,payflow-kafka-1,196.25%,872MiB / 1.5GiB
1790496954,payflow-keycloak-1,0.24%,2.361GiB / 10.7GiB
1790496954,payflow-settlement-rail-1,4.32%,44.41MiB / 256MiB
1790496954,payflow-grafana-1,0.79%,261.9MiB / 512MiB
1790496954,payflow-prometheus-1,0.14%,86.29MiB / 1GiB
1790496954,payflow-tempo-1,3.11%,121.3MiB / 1GiB
1790496954,k3d-tiny-url-serverlb,0.01%,22.86MiB / 10.7GiB
1790496954,k3d-tiny-url-server-0,7.23%,1.033GiB / 10.7GiB
1790496961,cranky_wilson,6.35%,80.96MiB / 10.7GiB
1790496961,payflow-payflow-1,183.64%,619.1MiB / 1.5GiB
1790496961,payflow-postgres-exporter-1,2.27%,16.55MiB / 128MiB
1790496961,payflow-mongo-1,3.92%,237.1MiB / 1GiB
1790496961,payflow-postgres-1,120.48%,632MiB / 1GiB
1790496961,payflow-kafka-1,194.31%,879.7MiB / 1.5GiB
1790496961,payflow-keycloak-1,0.30%,2.361GiB / 10.7GiB
1790496961,payflow-settlement-rail-1,2.71%,44.54MiB / 256MiB
1790496961,payflow-grafana-1,0.90%,261.9MiB / 512MiB
1790496961,payflow-prometheus-1,0.60%,86.66MiB / 1GiB
1790496961,payflow-tempo-1,3.26%,127.8MiB / 1GiB
1790496961,k3d-tiny-url-serverlb,0.01%,22.86MiB / 10.7GiB
1790496961,k3d-tiny-url-server-0,8.92%,1.033GiB / 10.7GiB
1790496968,cranky_wilson,4.50%,81.05MiB / 10.7GiB
1790496968,payflow-payflow-1,114.17%,621.3MiB / 1.5GiB
1790496968,payflow-postgres-exporter-1,0.00%,15.95MiB / 128MiB
1790496968,payflow-mongo-1,14.58%,293.2MiB / 1GiB
1790496968,payflow-postgres-1,74.78%,630.9MiB / 1GiB
1790496968,payflow-kafka-1,185.97%,862.1MiB / 1.5GiB
1790496968,payflow-keycloak-1,0.24%,2.361GiB / 10.7GiB
1790496968,payflow-settlement-rail-1,0.89%,44.55MiB / 256MiB
1790496968,payflow-grafana-1,1.06%,260.6MiB / 512MiB
1790496968,payflow-prometheus-1,0.27%,86.64MiB / 1GiB
1790496968,payflow-tempo-1,14.45%,125.3MiB / 1GiB
1790496968,k3d-tiny-url-serverlb,0.02%,22.72MiB / 10.7GiB
1790496968,k3d-tiny-url-server-0,8.01%,1.032GiB / 10.7GiB
1790496976,cranky_wilson,6.08%,80.93MiB / 10.7GiB
1790496976,payflow-payflow-1,133.59%,622.7MiB / 1.5GiB
1790496976,payflow-postgres-exporter-1,2.53%,16.2MiB / 128MiB
1790496976,payflow-mongo-1,9.75%,269.4MiB / 1GiB
1790496976,payflow-postgres-1,88.11%,624.2MiB / 1GiB
1790496976,payflow-kafka-1,153.09%,814.3MiB / 1.5GiB
1790496976,payflow-keycloak-1,0.46%,2.356GiB / 10.7GiB
1790496976,payflow-settlement-rail-1,0.71%,44.6MiB / 256MiB
1790496976,payflow-grafana-1,1.25%,259.1MiB / 512MiB
1790496976,payflow-prometheus-1,0.48%,87.08MiB / 1GiB
1790496976,payflow-tempo-1,0.93%,123.5MiB / 1GiB
1790496976,k3d-tiny-url-serverlb,0.01%,22.52MiB / 10.7GiB
1790496976,k3d-tiny-url-server-0,9.84%,1.029GiB / 10.7GiB
1790496983,cranky_wilson,6.34%,80.95MiB / 10.7GiB
1790496983,payflow-payflow-1,135.31%,624.2MiB / 1.5GiB
1790496983,payflow-postgres-exporter-1,0.00%,15.54MiB / 128MiB
1790496983,payflow-mongo-1,69.29%,233MiB / 1GiB
1790496983,payflow-postgres-1,124.19%,650.5MiB / 1GiB
1790496983,payflow-kafka-1,25.77%,766.4MiB / 1.5GiB
1790496983,payflow-keycloak-1,0.27%,2.354GiB / 10.7GiB
1790496983,payflow-settlement-rail-1,0.22%,44.62MiB / 256MiB
1790496983,payflow-grafana-1,1.31%,258.2MiB / 512MiB
1790496983,payflow-prometheus-1,1.05%,87.07MiB / 1GiB
1790496983,payflow-tempo-1,1.05%,120.1MiB / 1GiB
1790496983,k3d-tiny-url-serverlb,0.01%,22.48MiB / 10.7GiB
1790496983,k3d-tiny-url-server-0,11.21%,1.027GiB / 10.7GiB
1790496990,cranky_wilson,5.12%,81.18MiB / 10.7GiB
1790496990,payflow-payflow-1,144.89%,625MiB / 1.5GiB
1790496990,payflow-postgres-exporter-1,3.33%,15.84MiB / 128MiB
1790496990,payflow-mongo-1,4.85%,232.6MiB / 1GiB
1790496990,payflow-postgres-1,102.96%,656MiB / 1GiB
1790496990,payflow-kafka-1,64.94%,771.2MiB / 1.5GiB
1790496990,payflow-keycloak-1,0.32%,2.353GiB / 10.7GiB
1790496990,payflow-settlement-rail-1,2.62%,44.7MiB / 256MiB
1790496990,payflow-grafana-1,1.15%,258.1MiB / 512MiB
1790496990,payflow-prometheus-1,0.73%,87.21MiB / 1GiB
1790496990,payflow-tempo-1,1.44%,116.7MiB / 1GiB
1790496990,k3d-tiny-url-serverlb,0.00%,22.45MiB / 10.7GiB
1790496990,k3d-tiny-url-server-0,10.73%,1.027GiB / 10.7GiB
1790496998,cranky_wilson,5.52%,81.18MiB / 10.7GiB
1790496998,payflow-payflow-1,138.28%,626.2MiB / 1.5GiB
1790496998,payflow-postgres-exporter-1,0.00%,16.45MiB / 128MiB
1790496998,payflow-mongo-1,4.50%,232.3MiB / 1GiB
1790496998,payflow-postgres-1,98.97%,658.1MiB / 1GiB
1790496998,payflow-kafka-1,85.23%,786MiB / 1.5GiB
1790496998,payflow-keycloak-1,0.27%,2.353GiB / 10.7GiB
1790496998,payflow-settlement-rail-1,2.67%,44.78MiB / 256MiB
1790496998,payflow-grafana-1,1.54%,258MiB / 512MiB
1790496998,payflow-prometheus-1,0.78%,87.3MiB / 1GiB
1790496998,payflow-tempo-1,13.80%,113.3MiB / 1GiB
1790496998,k3d-tiny-url-serverlb,0.00%,22.43MiB / 10.7GiB
1790496998,k3d-tiny-url-server-0,9.09%,1.027GiB / 10.7GiB
1790497005,cranky_wilson,5.41%,81.15MiB / 10.7GiB
1790497005,payflow-payflow-1,60.89%,626.7MiB / 1.5GiB
1790497005,payflow-postgres-exporter-1,2.67%,15.97MiB / 128MiB
1790497005,payflow-mongo-1,4.88%,232.1MiB / 1GiB
1790497005,payflow-postgres-1,69.87%,663.5MiB / 1GiB
1790497005,payflow-kafka-1,36.58%,774.2MiB / 1.5GiB
1790497005,payflow-keycloak-1,0.36%,2.352GiB / 10.7GiB
1790497005,payflow-settlement-rail-1,1.10%,44.85MiB / 256MiB
1790497005,payflow-grafana-1,1.46%,257.8MiB / 512MiB
1790497005,payflow-prometheus-1,1.64%,87.41MiB / 1GiB
1790497005,payflow-tempo-1,0.40%,115MiB / 1GiB
1790497005,k3d-tiny-url-serverlb,0.00%,22.4MiB / 10.7GiB
1790497005,k3d-tiny-url-server-0,21.03%,1.027GiB / 10.7GiB
1790497013,cranky_wilson,3.75%,81.11MiB / 10.7GiB
1790497013,payflow-payflow-1,126.45%,626.5MiB / 1.5GiB
1790497013,payflow-postgres-exporter-1,0.00%,16.38MiB / 128MiB
1790497013,payflow-mongo-1,52.91%,231.8MiB / 1GiB
1790497013,payflow-postgres-1,72.75%,660.3MiB / 1GiB
1790497013,payflow-kafka-1,79.60%,807.4MiB / 1.5GiB
1790497013,payflow-keycloak-1,0.23%,2.352GiB / 10.7GiB
1790497013,payflow-settlement-rail-1,1.81%,44.91MiB / 256MiB
1790497013,payflow-grafana-1,1.07%,257.6MiB / 512MiB
1790497013,payflow-prometheus-1,0.66%,87.45MiB / 1GiB
1790497013,payflow-tempo-1,1.43%,116.7MiB / 1GiB
1790497013,k3d-tiny-url-serverlb,0.00%,22.37MiB / 10.7GiB
1790497013,k3d-tiny-url-server-0,18.04%,1.027GiB / 10.7GiB
1790497020,cranky_wilson,9.26%,81.07MiB / 10.7GiB
1790497020,payflow-payflow-1,77.01%,626.8MiB / 1.5GiB
1790497020,payflow-postgres-exporter-1,3.05%,15.8MiB / 128MiB
1790497020,payflow-mongo-1,8.22%,231.3MiB / 1GiB
1790497020,payflow-postgres-1,225.66%,649.2MiB / 1GiB
1790497020,payflow-kafka-1,308.70%,796.2MiB / 1.5GiB
1790497020,payflow-keycloak-1,0.96%,2.352GiB / 10.7GiB
1790497020,payflow-settlement-rail-1,0.36%,45.11MiB / 256MiB
1790497020,payflow-grafana-1,1.36%,257.4MiB / 512MiB
1790497020,payflow-prometheus-1,15.18%,87.49MiB / 1GiB
1790497020,payflow-tempo-1,1.16%,115.6MiB / 1GiB
1790497020,k3d-tiny-url-serverlb,0.02%,22.32MiB / 10.7GiB
1790497020,k3d-tiny-url-server-0,35.91%,1.025GiB / 10.7GiB
1790497028,cranky_wilson,4.76%,81.09MiB / 10.7GiB
1790497028,payflow-payflow-1,77.46%,626.7MiB / 1.5GiB
1790497028,payflow-postgres-exporter-1,0.00%,16.29MiB / 128MiB
1790497028,payflow-mongo-1,4.73%,230.8MiB / 1GiB
1790497028,payflow-postgres-1,40.21%,643.3MiB / 1GiB
1790497028,payflow-kafka-1,17.02%,770.3MiB / 1.5GiB
1790497028,payflow-keycloak-1,0.25%,2.347GiB / 10.7GiB
1790497028,payflow-settlement-rail-1,0.81%,44.98MiB / 256MiB
1790497028,payflow-grafana-1,1.20%,256.2MiB / 512MiB
1790497028,payflow-prometheus-1,0.96%,87.71MiB / 1GiB
1790497028,payflow-tempo-1,6.78%,112.4MiB / 1GiB
1790497028,k3d-tiny-url-serverlb,0.04%,22.2MiB / 10.7GiB
1790497028,k3d-tiny-url-server-0,15.81%,1.024GiB / 10.7GiB
1790497035,cranky_wilson,5.44%,80.98MiB / 10.7GiB
1790497035,payflow-payflow-1,101.14%,626.8MiB / 1.5GiB
1790497035,payflow-postgres-exporter-1,2.40%,16.27MiB / 128MiB
1790497035,payflow-mongo-1,22.92%,269MiB / 1GiB
1790497035,payflow-postgres-1,60.89%,635MiB / 1GiB
1790497035,payflow-kafka-1,23.82%,768.3MiB / 1.5GiB
1790497035,payflow-keycloak-1,0.34%,2.343GiB / 10.7GiB
1790497035,payflow-settlement-rail-1,1.21%,45.03MiB / 256MiB
1790497035,payflow-grafana-1,1.19%,254.9MiB / 512MiB
1790497035,payflow-prometheus-1,4.24%,88.1MiB / 1GiB
1790497035,payflow-tempo-1,0.37%,112.5MiB / 1GiB
1790497035,k3d-tiny-url-serverlb,0.00%,22.07MiB / 10.7GiB
1790497035,k3d-tiny-url-server-0,10.76%,1.023GiB / 10.7GiB
1790497043,cranky_wilson,4.54%,81.03MiB / 10.7GiB
1790497043,payflow-payflow-1,73.25%,626.8MiB / 1.5GiB
1790497043,payflow-postgres-exporter-1,0.00%,16.3MiB / 128MiB
1790497043,payflow-mongo-1,23.46%,230.6MiB / 1GiB
1790497043,payflow-postgres-1,40.08%,626.2MiB / 1GiB
1790497043,payflow-kafka-1,60.58%,802.7MiB / 1.5GiB
1790497043,payflow-keycloak-1,0.37%,2.343GiB / 10.7GiB
1790497043,payflow-settlement-rail-1,0.79%,45.07MiB / 256MiB
1790497043,payflow-grafana-1,2.74%,254.7MiB / 512MiB
1790497043,payflow-prometheus-1,0.76%,88.13MiB / 1GiB
1790497043,payflow-tempo-1,0.39%,107MiB / 1GiB
1790497043,k3d-tiny-url-serverlb,0.01%,22.03MiB / 10.7GiB
1790497043,k3d-tiny-url-server-0,12.82%,1.023GiB / 10.7GiB
1790497050,payflow-payflow-1,4.98%,626.8MiB / 1.5GiB
1790497050,payflow-postgres-exporter-1,2.46%,16.34MiB / 128MiB
1790497050,payflow-mongo-1,4.34%,230.9MiB / 1GiB
1790497050,payflow-postgres-1,6.45%,625.8MiB / 1GiB
1790497050,payflow-kafka-1,159.09%,856.8MiB / 1.5GiB
1790497050,payflow-keycloak-1,0.22%,2.343GiB / 10.7GiB
1790497050,payflow-settlement-rail-1,0.01%,45.09MiB / 256MiB
1790497050,payflow-grafana-1,1.49%,254.7MiB / 512MiB
1790497050,payflow-prometheus-1,0.55%,88.14MiB / 1GiB
1790497050,payflow-tempo-1,0.22%,108.6MiB / 1GiB
1790497050,k3d-tiny-url-serverlb,0.00%,22.03MiB / 10.7GiB
1790497050,k3d-tiny-url-server-0,48.96%,1.022GiB / 10.7GiB
1790497058,payflow-payflow-1,7.99%,627MiB / 1.5GiB
1790497058,payflow-postgres-exporter-1,0.00%,15.81MiB / 128MiB
1790497058,payflow-mongo-1,1.65%,230.9MiB / 1GiB
1790497058,payflow-postgres-1,0.87%,625.3MiB / 1GiB
1790497058,payflow-kafka-1,118.64%,770.8MiB / 1.5GiB
1790497058,payflow-keycloak-1,0.22%,2.343GiB / 10.7GiB
1790497058,payflow-settlement-rail-1,0.02%,45.09MiB / 256MiB
1790497058,payflow-grafana-1,1.46%,254.7MiB / 512MiB
1790497058,payflow-prometheus-1,0.82%,88.15MiB / 1GiB
1790497058,payflow-tempo-1,0.35%,108.7MiB / 1GiB
1790497058,k3d-tiny-url-serverlb,0.00%,22.03MiB / 10.7GiB
1790497058,k3d-tiny-url-server-0,11.82%,1.022GiB / 10.7GiB
1790497065,payflow-payflow-1,2.77%,626.8MiB / 1.5GiB
1790497065,payflow-postgres-exporter-1,0.00%,15.7MiB / 128MiB
1790497065,payflow-mongo-1,52.29%,230.9MiB / 1GiB
1790497065,payflow-postgres-1,0.87%,625.4MiB / 1GiB
1790497065,payflow-kafka-1,38.47%,782MiB / 1.5GiB
1790497065,payflow-keycloak-1,0.27%,2.343GiB / 10.7GiB
1790497065,payflow-settlement-rail-1,0.02%,45.09MiB / 256MiB
1790497065,payflow-grafana-1,1.02%,254.7MiB / 512MiB
1790497065,payflow-prometheus-1,1.56%,88.19MiB / 1GiB
1790497065,payflow-tempo-1,0.27%,113.2MiB / 1GiB
1790497065,k3d-tiny-url-serverlb,0.00%,22.03MiB / 10.7GiB
1790497065,k3d-tiny-url-server-0,10.10%,1.023GiB / 10.7GiB
1790497072,payflow-payflow-1,5.61%,627.1MiB / 1.5GiB
1790497072,payflow-postgres-exporter-1,0.00%,15.56MiB / 128MiB
1790497072,payflow-mongo-1,0.83%,230.9MiB / 1GiB
1790497072,payflow-postgres-1,4.14%,625.8MiB / 1GiB
1790497072,payflow-kafka-1,4.86%,770.7MiB / 1.5GiB
1790497072,payflow-keycloak-1,0.33%,2.343GiB / 10.7GiB
1790497072,payflow-settlement-rail-1,0.03%,45.09MiB / 256MiB
1790497072,payflow-grafana-1,1.54%,254.7MiB / 512MiB
1790497072,payflow-prometheus-1,0.35%,88.29MiB / 1GiB
1790497072,payflow-tempo-1,0.50%,113.2MiB / 1GiB
1790497072,k3d-tiny-url-serverlb,0.02%,22.03MiB / 10.7GiB
1790497072,k3d-tiny-url-server-0,17.45%,1.023GiB / 10.7GiB
1790497079,payflow-payflow-1,7.15%,626.8MiB / 1.5GiB
1790497079,payflow-postgres-exporter-1,0.00%,16.4MiB / 128MiB
1790497079,payflow-mongo-1,0.90%,230.6MiB / 1GiB
1790497079,payflow-postgres-1,1.41%,625.1MiB / 1GiB
1790497079,payflow-kafka-1,4.19%,770.7MiB / 1.5GiB
1790497079,payflow-keycloak-1,0.38%,2.343GiB / 10.7GiB
1790497079,payflow-settlement-rail-1,1.15%,45.15MiB / 256MiB
1790497079,payflow-grafana-1,1.51%,254.7MiB / 512MiB
1790497079,payflow-prometheus-1,0.74%,88.48MiB / 1GiB
1790497079,payflow-tempo-1,0.50%,113.2MiB / 1GiB
1790497079,k3d-tiny-url-serverlb,0.03%,22.03MiB / 10.7GiB
1790497079,k3d-tiny-url-server-0,17.32%,1.022GiB / 10.7GiB
