1790672957,payflow-payflow-1,59.61%,751.3MiB / 1.5GiB
1790672957,payflow-postgres-exporter-1,0.00%,9.246MiB / 128MiB
1790672957,payflow-postgres-1,11.90%,546.8MiB / 1GiB
1790672957,payflow-mongo-1,0.38%,208.3MiB / 1GiB
1790672957,payflow-kafka-1,149.59%,1.12GiB / 1.5GiB
1790672957,payflow-keycloak-1,47.46%,756.2MiB / 10.7GiB
1790672957,payflow-settlement-rail-1,0.01%,49.54MiB / 256MiB
1790672957,payflow-tempo-1,0.22%,970.1MiB / 1.5GiB
1790672957,payflow-grafana-1,1.43%,329.3MiB / 512MiB
1790672957,payflow-prometheus-1,0.74%,79.1MiB / 1GiB
1790672957,k3d-tiny-url-serverlb,0.00%,25.32MiB / 10.7GiB
1790672957,k3d-tiny-url-server-0,7.06%,1.133GiB / 10.7GiB
1790672957,determined_maxwell,9.00%,19.75MiB / 10.7GiB
1790672970,determined_maxwell,4.67%,22.86MiB / 10.7GiB
1790672970,payflow-payflow-1,19.58%,752.4MiB / 1.5GiB
1790672970,payflow-postgres-exporter-1,0.00%,9.336MiB / 128MiB
1790672970,payflow-postgres-1,7.42%,554.1MiB / 1GiB
1790672970,payflow-mongo-1,0.43%,208.1MiB / 1GiB
1790672970,payflow-kafka-1,88.72%,1.018GiB / 1.5GiB
1790672970,payflow-keycloak-1,0.22%,756.7MiB / 10.7GiB
1790672970,payflow-settlement-rail-1,0.01%,49.79MiB / 256MiB
1790672970,payflow-tempo-1,0.28%,970.9MiB / 1.5GiB
1790672970,payflow-grafana-1,1.22%,329.3MiB / 512MiB
1790672970,payflow-prometheus-1,0.88%,79.11MiB / 1GiB
1790672970,k3d-tiny-url-serverlb,0.00%,25.32MiB / 10.7GiB
1790672970,k3d-tiny-url-server-0,19.59%,1.134GiB / 10.7GiB
1790672982,determined_maxwell,4.86%,24.6MiB / 10.7GiB
1790672982,payflow-payflow-1,90.56%,752.5MiB / 1.5GiB
1790672982,payflow-postgres-exporter-1,0.00%,10.13MiB / 128MiB
1790672982,payflow-postgres-1,44.16%,564.4MiB / 1GiB
1790672982,payflow-mongo-1,4.93%,208.6MiB / 1GiB
1790672982,payflow-kafka-1,26.70%,1.011GiB / 1.5GiB
1790672982,payflow-keycloak-1,0.25%,756MiB / 10.7GiB
1790672982,payflow-settlement-rail-1,1.06%,49.89MiB / 256MiB
1790672982,payflow-tempo-1,1.47%,971.3MiB / 1.5GiB
1790672982,payflow-grafana-1,1.65%,326.4MiB / 512MiB
1790672982,payflow-prometheus-1,0.24%,79.06MiB / 1GiB
1790672982,k3d-tiny-url-serverlb,0.00%,25.32MiB / 10.7GiB
1790672982,k3d-tiny-url-server-0,13.80%,1.135GiB / 10.7GiB
1790672994,determined_maxwell,5.82%,25.2MiB / 10.7GiB
1790672994,payflow-payflow-1,84.40%,752.8MiB / 1.5GiB
1790672994,payflow-postgres-exporter-1,0.00%,8.875MiB / 128MiB
1790672994,payflow-postgres-1,39.03%,555.3MiB / 1GiB
1790672994,payflow-mongo-1,4.73%,210.5MiB / 1GiB
1790672994,payflow-kafka-1,22.44%,1.001GiB / 1.5GiB
1790672994,payflow-keycloak-1,0.22%,755.2MiB / 10.7GiB
1790672994,payflow-settlement-rail-1,0.91%,49.94MiB / 256MiB
1790672994,payflow-tempo-1,0.51%,987MiB / 1.5GiB
1790672994,payflow-grafana-1,1.08%,324.2MiB / 512MiB
1790672994,payflow-prometheus-1,0.35%,79MiB / 1GiB
1790672994,k3d-tiny-url-serverlb,0.00%,25.41MiB / 10.7GiB
1790672994,k3d-tiny-url-server-0,12.31%,1.141GiB / 10.7GiB
1790673006,determined_maxwell,3.51%,25.8MiB / 10.7GiB
1790673006,payflow-payflow-1,69.26%,752.7MiB / 1.5GiB
1790673006,payflow-postgres-exporter-1,0.00%,10.39MiB / 128MiB
1790673006,payflow-postgres-1,33.66%,571.8MiB / 1GiB
1790673006,payflow-mongo-1,3.75%,211MiB / 1GiB
1790673006,payflow-kafka-1,41.46%,1.003GiB / 1.5GiB
1790673006,payflow-keycloak-1,0.20%,755.1MiB / 10.7GiB
1790673006,payflow-settlement-rail-1,0.57%,50.05MiB / 256MiB
1790673006,payflow-tempo-1,0.30%,992.9MiB / 1.5GiB
1790673006,payflow-grafana-1,1.07%,324.2MiB / 512MiB
1790673006,payflow-prometheus-1,0.24%,79.04MiB / 1GiB
1790673006,k3d-tiny-url-serverlb,0.00%,25.41MiB / 10.7GiB
1790673006,k3d-tiny-url-server-0,10.75%,1.141GiB / 10.7GiB
1790673019,determined_maxwell,3.46%,25.94MiB / 10.7GiB
1790673019,payflow-payflow-1,46.53%,752.9MiB / 1.5GiB
1790673019,payflow-postgres-exporter-1,0.00%,10.06MiB / 128MiB
1790673019,payflow-postgres-1,16.47%,596.1MiB / 1GiB
1790673019,payflow-mongo-1,3.60%,211.1MiB / 1GiB
1790673019,payflow-kafka-1,184.40%,1.093GiB / 1.5GiB
1790673019,payflow-keycloak-1,0.19%,755.1MiB / 10.7GiB
1790673019,payflow-settlement-rail-1,0.61%,50.12MiB / 256MiB
1790673019,payflow-tempo-1,0.28%,993.2MiB / 1.5GiB
1790673019,payflow-grafana-1,0.75%,324.2MiB / 512MiB
1790673019,payflow-prometheus-1,0.20%,79.04MiB / 1GiB
1790673019,k3d-tiny-url-serverlb,0.00%,25.41MiB / 10.7GiB
1790673019,k3d-tiny-url-server-0,8.08%,1.14GiB / 10.7GiB
1790673031,determined_maxwell,4.33%,25.98MiB / 10.7GiB
1790673031,payflow-payflow-1,80.30%,753.1MiB / 1.5GiB
1790673031,payflow-postgres-exporter-1,2.82%,11.16MiB / 128MiB
1790673031,payflow-postgres-1,36.29%,591.6MiB / 1GiB
1790673031,payflow-mongo-1,5.48%,210.3MiB / 1GiB
1790673031,payflow-kafka-1,23.57%,1.001GiB / 1.5GiB
1790673031,payflow-keycloak-1,0.31%,754.8MiB / 10.7GiB
1790673031,payflow-settlement-rail-1,0.99%,50.81MiB / 256MiB
1790673031,payflow-tempo-1,0.51%,992.9MiB / 1.5GiB
1790673031,payflow-grafana-1,1.35%,322.9MiB / 512MiB
1790673031,payflow-prometheus-1,0.75%,79MiB / 1GiB
1790673031,k3d-tiny-url-serverlb,0.00%,25.49MiB / 10.7GiB
1790673031,k3d-tiny-url-server-0,19.37%,1.145GiB / 10.7GiB
1790673043,determined_maxwell,4.44%,26.5MiB / 10.7GiB
1790673043,payflow-payflow-1,72.47%,753.5MiB / 1.5GiB
1790673043,payflow-postgres-exporter-1,0.00%,11.29MiB / 128MiB
1790673043,payflow-postgres-1,23.52%,591.4MiB / 1GiB
1790673043,payflow-mongo-1,52.43%,213.3MiB / 1GiB
1790673043,payflow-kafka-1,16.80%,1.002GiB / 1.5GiB
1790673043,payflow-keycloak-1,0.30%,754.8MiB / 10.7GiB
1790673043,payflow-settlement-rail-1,0.17%,51.67MiB / 256MiB
1790673043,payflow-tempo-1,1.05%,993MiB / 1.5GiB
1790673043,payflow-grafana-1,0.91%,322.9MiB / 512MiB
1790673043,payflow-prometheus-1,0.86%,79MiB / 1GiB
1790673043,k3d-tiny-url-serverlb,0.00%,25.49MiB / 10.7GiB
1790673043,k3d-tiny-url-server-0,10.18%,1.144GiB / 10.7GiB
1790673055,determined_maxwell,5.17%,26.58MiB / 10.7GiB
1790673055,payflow-payflow-1,77.01%,754.1MiB / 1.5GiB
1790673055,payflow-postgres-exporter-1,1.91%,11.07MiB / 128MiB
1790673055,payflow-postgres-1,35.36%,591.2MiB / 1GiB
1790673055,payflow-mongo-1,7.43%,213.4MiB / 1GiB
1790673055,payflow-kafka-1,21.99%,1.003GiB / 1.5GiB
1790673055,payflow-keycloak-1,0.21%,754.8MiB / 10.7GiB
1790673055,payflow-settlement-rail-1,0.69%,52.44MiB / 256MiB
1790673055,payflow-tempo-1,0.51%,993MiB / 1.5GiB
1790673055,payflow-grafana-1,1.18%,322.6MiB / 512MiB
1790673055,payflow-prometheus-1,1.21%,79MiB / 1GiB
1790673055,k3d-tiny-url-serverlb,0.00%,25.5MiB / 10.7GiB
1790673055,k3d-tiny-url-server-0,13.15%,1.145GiB / 10.7GiB
1790673068,determined_maxwell,5.03%,26.36MiB / 10.7GiB
1790673068,payflow-payflow-1,80.14%,753.4MiB / 1.5GiB
1790673068,payflow-postgres-exporter-1,0.01%,11.23MiB / 128MiB
1790673068,payflow-postgres-1,34.52%,585.8MiB / 1GiB
1790673068,payflow-mongo-1,4.45%,212.9MiB / 1GiB
1790673068,payflow-kafka-1,22.60%,1023MiB / 1.5GiB
1790673068,payflow-keycloak-1,0.27%,754.3MiB / 10.7GiB
1790673068,payflow-settlement-rail-1,0.41%,52.6MiB / 256MiB
1790673068,payflow-tempo-1,0.43%,992.3MiB / 1.5GiB
1790673068,payflow-grafana-1,1.75%,321MiB / 512MiB
1790673068,payflow-prometheus-1,1.03%,78.96MiB / 1GiB
1790673068,k3d-tiny-url-serverlb,0.00%,25.53MiB / 10.7GiB
1790673068,k3d-tiny-url-server-0,15.67%,1.146GiB / 10.7GiB
1790673080,determined_maxwell,6.39%,26.41MiB / 10.7GiB
1790673080,payflow-payflow-1,75.04%,753.4MiB / 1.5GiB
1790673080,payflow-postgres-exporter-1,0.00%,11.73MiB / 128MiB
1790673080,payflow-postgres-1,20.98%,585.4MiB / 1GiB
1790673080,payflow-mongo-1,4.06%,214.4MiB / 1GiB
1790673080,payflow-kafka-1,153.98%,1.104GiB / 1.5GiB
1790673080,payflow-keycloak-1,0.23%,754.3MiB / 10.7GiB
1790673080,payflow-settlement-rail-1,0.32%,53.48MiB / 256MiB
1790673080,payflow-tempo-1,0.47%,992.4MiB / 1.5GiB
1790673080,payflow-grafana-1,1.01%,320.7MiB / 512MiB
1790673080,payflow-prometheus-1,0.70%,78.96MiB / 1GiB
1790673080,k3d-tiny-url-serverlb,0.00%,25.53MiB / 10.7GiB
1790673080,k3d-tiny-url-server-0,9.44%,1.147GiB / 10.7GiB
1790673092,determined_maxwell,4.93%,26.56MiB / 10.7GiB
1790673092,payflow-payflow-1,74.24%,753.5MiB / 1.5GiB
1790673092,payflow-postgres-exporter-1,1.57%,12.27MiB / 128MiB
1790673092,payflow-postgres-1,26.87%,586MiB / 1GiB
1790673092,payflow-mongo-1,6.02%,215.2MiB / 1GiB
1790673092,payflow-kafka-1,91.53%,1.048GiB / 1.5GiB
1790673092,payflow-keycloak-1,0.22%,754.4MiB / 10.7GiB
1790673092,payflow-settlement-rail-1,0.31%,53.82MiB / 256MiB
1790673092,payflow-tempo-1,0.27%,992.4MiB / 1.5GiB
1790673092,payflow-grafana-1,1.13%,320.7MiB / 512MiB
1790673092,payflow-prometheus-1,0.23%,78.96MiB / 1GiB
1790673092,k3d-tiny-url-serverlb,0.00%,25.53MiB / 10.7GiB
1790673092,k3d-tiny-url-server-0,13.32%,1.148GiB / 10.7GiB
1790673104,determined_maxwell,6.21%,26.59MiB / 10.7GiB
1790673104,payflow-payflow-1,78.06%,753.6MiB / 1.5GiB
1790673104,payflow-postgres-exporter-1,0.00%,11.43MiB / 128MiB
1790673104,payflow-postgres-1,30.53%,583.4MiB / 1GiB
1790673104,payflow-mongo-1,5.86%,214.7MiB / 1GiB
1790673104,payflow-kafka-1,22.03%,1GiB / 1.5GiB
1790673104,payflow-keycloak-1,0.29%,754.2MiB / 10.7GiB
1790673104,payflow-settlement-rail-1,0.27%,54.32MiB / 256MiB
1790673104,payflow-tempo-1,0.96%,992MiB / 1.5GiB
1790673104,payflow-grafana-1,1.47%,319.8MiB / 512MiB
1790673104,payflow-prometheus-1,0.67%,78.93MiB / 1GiB
1790673104,k3d-tiny-url-serverlb,0.00%,25.58MiB / 10.7GiB
1790673104,k3d-tiny-url-server-0,18.51%,1.15GiB / 10.7GiB
1790673117,determined_maxwell,6.17%,26.61MiB / 10.7GiB
1790673117,payflow-payflow-1,108.75%,754MiB / 1.5GiB
1790673117,payflow-postgres-exporter-1,0.00%,12.01MiB / 128MiB
1790673117,payflow-postgres-1,53.43%,587MiB / 1GiB
1790673117,payflow-mongo-1,52.19%,215.5MiB / 1GiB
1790673117,payflow-kafka-1,24.49%,1.004GiB / 1.5GiB
1790673117,payflow-keycloak-1,0.19%,754.1MiB / 10.7GiB
1790673117,payflow-settlement-rail-1,1.51%,55.3MiB / 256MiB
1790673117,payflow-tempo-1,8.45%,878.4MiB / 1.5GiB
1790673117,payflow-grafana-1,0.75%,319.8MiB / 512MiB
1790673117,payflow-prometheus-1,0.18%,78.93MiB / 1GiB
1790673117,k3d-tiny-url-serverlb,0.00%,25.58MiB / 10.7GiB
1790673117,k3d-tiny-url-server-0,8.11%,1.151GiB / 10.7GiB
1790673129,determined_maxwell,4.03%,26.66MiB / 10.7GiB
1790673129,payflow-payflow-1,89.14%,754.3MiB / 1.5GiB
1790673129,payflow-postgres-exporter-1,0.00%,12.07MiB / 128MiB
1790673129,payflow-postgres-1,44.25%,585.9MiB / 1GiB
1790673129,payflow-mongo-1,5.97%,215.5MiB / 1GiB
1790673129,payflow-kafka-1,23.38%,1.007GiB / 1.5GiB
1790673129,payflow-keycloak-1,0.28%,754.1MiB / 10.7GiB
1790673129,payflow-settlement-rail-1,1.08%,66.11MiB / 256MiB
1790673129,payflow-tempo-1,4.51%,236.5MiB / 1.5GiB
1790673129,payflow-grafana-1,1.27%,319.8MiB / 512MiB
1790673129,payflow-prometheus-1,0.34%,78.95MiB / 1GiB
1790673129,k3d-tiny-url-serverlb,0.00%,25.58MiB / 10.7GiB
1790673129,k3d-tiny-url-server-0,12.07%,1.15GiB / 10.7GiB
1790673141,payflow-payflow-1,14.59%,754.1MiB / 1.5GiB
1790673141,payflow-postgres-exporter-1,1.39%,11.56MiB / 128MiB
1790673141,payflow-postgres-1,5.06%,598.1MiB / 1GiB
1790673141,payflow-mongo-1,0.68%,215.3MiB / 1GiB
1790673141,payflow-kafka-1,72.53%,1.007GiB / 1.5GiB
1790673141,payflow-keycloak-1,0.23%,754.1MiB / 10.7GiB
1790673141,payflow-settlement-rail-1,0.02%,55.37MiB / 256MiB
1790673141,payflow-tempo-1,0.37%,143.9MiB / 1.5GiB
1790673141,payflow-grafana-1,1.17%,319.8MiB / 512MiB
1790673141,payflow-prometheus-1,0.55%,78.94MiB / 1GiB
1790673141,k3d-tiny-url-serverlb,0.00%,25.58MiB / 10.7GiB
1790673141,k3d-tiny-url-server-0,12.70%,1.15GiB / 10.7GiB
1790673153,payflow-payflow-1,11.23%,754.1MiB / 1.5GiB
1790673153,payflow-postgres-exporter-1,0.00%,12.24MiB / 128MiB
1790673153,payflow-postgres-1,0.79%,598.1MiB / 1GiB
1790673153,payflow-mongo-1,0.36%,215.3MiB / 1GiB
1790673153,payflow-kafka-1,166.18%,1.097GiB / 1.5GiB
1790673153,payflow-keycloak-1,0.14%,754.7MiB / 10.7GiB
1790673153,payflow-settlement-rail-1,0.01%,55.37MiB / 256MiB
1790673153,payflow-tempo-1,0.37%,141.2MiB / 1.5GiB
1790673153,payflow-grafana-1,0.71%,319.8MiB / 512MiB
1790673153,payflow-prometheus-1,0.76%,78.94MiB / 1GiB
1790673153,k3d-tiny-url-serverlb,0.00%,25.58MiB / 10.7GiB
1790673153,k3d-tiny-url-server-0,6.68%,1.151GiB / 10.7GiB
1790673165,payflow-payflow-1,14.68%,754.1MiB / 1.5GiB
1790673165,payflow-postgres-exporter-1,2.32%,12.09MiB / 128MiB
1790673165,payflow-postgres-1,6.04%,598.1MiB / 1GiB
1790673165,payflow-mongo-1,20.91%,358.8MiB / 1GiB
1790673165,payflow-kafka-1,15.82%,1.009GiB / 1.5GiB
1790673165,payflow-keycloak-1,0.27%,754.7MiB / 10.7GiB
1790673165,payflow-settlement-rail-1,0.03%,55.37MiB / 256MiB
1790673165,payflow-tempo-1,0.41%,142.2MiB / 1.5GiB
1790673165,payflow-grafana-1,1.53%,319.8MiB / 512MiB
1790673165,payflow-prometheus-1,0.57%,78.95MiB / 1GiB
1790673165,k3d-tiny-url-serverlb,0.00%,25.58MiB / 10.7GiB
1790673165,k3d-tiny-url-server-0,12.88%,1.157GiB / 10.7GiB
