1790756555,payflow-payflow-1,111.28%,618.4MiB / 1.5GiB
1790756555,payflow-postgres-exporter-1,1.64%,10.82MiB / 128MiB
1790756555,payflow-postgres-1,19.65%,89.83MiB / 1GiB
1790756555,payflow-mongo-1,0.43%,97.77MiB / 1GiB
1790756555,payflow-kafka-1,11.59%,374.4MiB / 1.5GiB
1790756555,payflow-keycloak-1,56.97%,1.014GiB / 7.757GiB
1790756555,payflow-settlement-rail-1,0.02%,26.91MiB / 256MiB
1790756555,k3d-dev-agent-1-0,5.94%,1.375GiB / 7.757GiB
1790756555,payflow-grafana-1,0.71%,171.9MiB / 512MiB
1790756555,payflow-prometheus-1,1.51%,85.13MiB / 1GiB
1790756555,payflow-tempo-1,0.91%,72.09MiB / 1.5GiB
1790756555,k3d-dev-serverlb,0.00%,3.02MiB / 7.757GiB
1790756555,k3d-dev-agent-0,2.20%,654.1MiB / 7.757GiB
1790756555,k3d-dev-server-0,8.12%,1.962GiB / 7.757GiB
1790756555,nifty_sinoussi,5.27%,45.83MiB / 7.757GiB
1790756567,nifty_sinoussi,3.48%,58.41MiB / 7.757GiB
1790756567,payflow-payflow-1,82.16%,617.2MiB / 1.5GiB
1790756567,payflow-postgres-exporter-1,0.00%,11.14MiB / 128MiB
1790756567,payflow-postgres-1,27.74%,103.9MiB / 1GiB
1790756567,payflow-mongo-1,4.25%,113.7MiB / 1GiB
1790756567,payflow-kafka-1,21.33%,381.4MiB / 1.5GiB
1790756567,payflow-keycloak-1,0.22%,564.2MiB / 7.757GiB
1790756567,payflow-settlement-rail-1,2.39%,27.3MiB / 256MiB
1790756567,k3d-dev-agent-1-0,5.99%,1.371GiB / 7.757GiB
1790756567,payflow-grafana-1,0.76%,173MiB / 512MiB
1790756567,payflow-prometheus-1,0.18%,83.76MiB / 1GiB
1790756567,payflow-tempo-1,0.29%,74.85MiB / 1.5GiB
1790756567,k3d-dev-serverlb,0.00%,3.387MiB / 7.757GiB
1790756567,k3d-dev-agent-0,9.66%,654.3MiB / 7.757GiB
1790756567,k3d-dev-server-0,14.23%,1.957GiB / 7.757GiB
1790756579,nifty_sinoussi,4.19%,66.83MiB / 7.757GiB
1790756579,payflow-payflow-1,180.89%,619.7MiB / 1.5GiB
1790756579,payflow-postgres-exporter-1,1.57%,10.94MiB / 128MiB
1790756579,payflow-postgres-1,69.30%,122.4MiB / 1GiB
1790756579,payflow-mongo-1,4.40%,115.1MiB / 1GiB
1790756579,payflow-kafka-1,27.33%,385.4MiB / 1.5GiB
1790756579,payflow-keycloak-1,0.20%,564.2MiB / 7.757GiB
1790756579,payflow-settlement-rail-1,4.51%,30.83MiB / 256MiB
1790756579,k3d-dev-agent-1-0,4.19%,1.377GiB / 7.757GiB
1790756579,payflow-grafana-1,0.73%,173.5MiB / 512MiB
1790756579,payflow-prometheus-1,1.48%,83.84MiB / 1GiB
1790756579,payflow-tempo-1,0.91%,75.12MiB / 1.5GiB
1790756579,k3d-dev-serverlb,0.00%,3.391MiB / 7.757GiB
1790756579,k3d-dev-agent-0,3.56%,666MiB / 7.757GiB
1790756579,k3d-dev-server-0,9.07%,1.959GiB / 7.757GiB
1790756593,nifty_sinoussi,7.45%,69.91MiB / 7.757GiB
1790756593,payflow-payflow-1,102.73%,618.6MiB / 1.5GiB
1790756593,payflow-postgres-exporter-1,0.00%,11.55MiB / 128MiB
1790756593,payflow-postgres-1,36.98%,130.9MiB / 1GiB
1790756593,payflow-mongo-1,61.88%,115.7MiB / 1GiB
1790756593,payflow-kafka-1,142.81%,494.4MiB / 1.5GiB
1790756593,payflow-keycloak-1,0.19%,562.9MiB / 7.757GiB
1790756593,payflow-settlement-rail-1,1.60%,32.13MiB / 256MiB
1790756593,k3d-dev-agent-1-0,4.29%,1.379GiB / 7.757GiB
1790756593,payflow-grafana-1,0.65%,193.8MiB / 512MiB
1790756593,payflow-prometheus-1,0.15%,83.4MiB / 1GiB
1790756593,payflow-tempo-1,0.83%,77.49MiB / 1.5GiB
1790756593,k3d-dev-serverlb,0.00%,3.387MiB / 7.757GiB
1790756593,k3d-dev-agent-0,9.78%,668.2MiB / 7.757GiB
1790756593,k3d-dev-server-0,13.82%,1.962GiB / 7.757GiB
1790756606,nifty_sinoussi,5.77%,70.45MiB / 7.757GiB
1790756606,payflow-payflow-1,149.96%,619.3MiB / 1.5GiB
1790756606,payflow-postgres-exporter-1,1.55%,11.68MiB / 128MiB
1790756606,payflow-postgres-1,56.59%,143.9MiB / 1GiB
1790756606,payflow-mongo-1,5.45%,117MiB / 1GiB
1790756606,payflow-kafka-1,90.89%,447.6MiB / 1.5GiB
1790756606,payflow-keycloak-1,0.20%,562.8MiB / 7.757GiB
1790756606,payflow-settlement-rail-1,3.22%,36.19MiB / 256MiB
1790756606,k3d-dev-agent-1-0,3.15%,1.377GiB / 7.757GiB
1790756606,payflow-grafana-1,0.69%,193.9MiB / 512MiB
1790756606,payflow-prometheus-1,0.47%,83.56MiB / 1GiB
1790756606,payflow-tempo-1,0.20%,81.86MiB / 1.5GiB
1790756606,k3d-dev-serverlb,0.00%,3.395MiB / 7.757GiB
1790756606,k3d-dev-agent-0,2.76%,665MiB / 7.757GiB
1790756606,k3d-dev-server-0,9.24%,1.961GiB / 7.757GiB
1790756618,nifty_sinoussi,6.91%,76.91MiB / 7.757GiB
1790756618,payflow-payflow-1,173.07%,620.2MiB / 1.5GiB
1790756618,payflow-postgres-exporter-1,0.00%,11.18MiB / 128MiB
1790756618,payflow-postgres-1,90.18%,162MiB / 1GiB
1790756618,payflow-mongo-1,9.78%,127.2MiB / 1GiB
1790756618,payflow-kafka-1,28.07%,393.3MiB / 1.5GiB
1790756618,payflow-keycloak-1,0.23%,562MiB / 7.757GiB
1790756618,payflow-settlement-rail-1,3.21%,29.57MiB / 256MiB
1790756618,k3d-dev-agent-1-0,5.45%,1.381GiB / 7.757GiB
1790756618,payflow-grafana-1,0.93%,193.9MiB / 512MiB
1790756618,payflow-prometheus-1,0.18%,83.7MiB / 1GiB
1790756618,payflow-tempo-1,0.89%,81.37MiB / 1.5GiB
1790756618,k3d-dev-serverlb,0.00%,3.402MiB / 7.757GiB
1790756618,k3d-dev-agent-0,9.80%,688.9MiB / 7.757GiB
1790756618,k3d-dev-server-0,49.11%,1.952GiB / 7.757GiB
1790756632,nifty_sinoussi,10.83%,75.3MiB / 7.757GiB
1790756632,payflow-payflow-1,206.54%,626.7MiB / 1.5GiB
1790756632,payflow-postgres-exporter-1,0.00%,11.79MiB / 128MiB
1790756632,payflow-postgres-1,69.80%,163.5MiB / 1GiB
1790756632,payflow-mongo-1,11.05%,131MiB / 1GiB
1790756632,payflow-kafka-1,25.91%,400.7MiB / 1.5GiB
1790756632,payflow-keycloak-1,0.28%,557.7MiB / 7.757GiB
1790756632,payflow-settlement-rail-1,12.88%,37.56MiB / 256MiB
1790756632,k3d-dev-agent-1-0,7.01%,1.371GiB / 7.757GiB
1790756632,payflow-grafana-1,1.10%,185.8MiB / 512MiB
1790756632,payflow-prometheus-1,0.51%,83.61MiB / 1GiB
1790756632,payflow-tempo-1,0.89%,84.7MiB / 1.5GiB
1790756632,k3d-dev-serverlb,0.00%,3.277MiB / 7.757GiB
1790756632,k3d-dev-agent-0,4.71%,672.7MiB / 7.757GiB
1790756632,k3d-dev-server-0,17.77%,1.966GiB / 7.757GiB
1790756644,nifty_sinoussi,10.29%,75.07MiB / 7.757GiB
1790756644,payflow-payflow-1,189.95%,622.1MiB / 1.5GiB
1790756644,payflow-postgres-exporter-1,0.00%,11.32MiB / 128MiB
1790756644,payflow-postgres-1,84.21%,185.1MiB / 1GiB
1790756644,payflow-mongo-1,10.31%,126.4MiB / 1GiB
1790756644,payflow-kafka-1,141.04%,501.3MiB / 1.5GiB
1790756644,payflow-keycloak-1,0.28%,555.1MiB / 7.757GiB
1790756644,payflow-settlement-rail-1,3.25%,30.94MiB / 256MiB
1790756644,k3d-dev-agent-1-0,2.96%,1.377GiB / 7.757GiB
1790756644,payflow-grafana-1,2.10%,185MiB / 512MiB
1790756644,payflow-prometheus-1,0.19%,83.3MiB / 1GiB
1790756644,payflow-tempo-1,1.61%,87.67MiB / 1.5GiB
1790756644,k3d-dev-serverlb,0.00%,3.258MiB / 7.757GiB
1790756644,k3d-dev-agent-0,2.68%,673.4MiB / 7.757GiB
1790756644,k3d-dev-server-0,14.67%,1.969GiB / 7.757GiB
1790756658,nifty_sinoussi,9.09%,73.46MiB / 7.757GiB
1790756658,payflow-payflow-1,193.45%,630.6MiB / 1.5GiB
1790756658,payflow-postgres-exporter-1,0.00%,11.85MiB / 128MiB
1790756658,payflow-postgres-1,74.75%,202.3MiB / 1GiB
1790756658,payflow-mongo-1,61.98%,129.5MiB / 1GiB
1790756658,payflow-kafka-1,30.47%,386.1MiB / 1.5GiB
1790756658,payflow-keycloak-1,0.22%,547MiB / 7.757GiB
1790756658,payflow-settlement-rail-1,2.80%,29.5MiB / 256MiB
1790756658,k3d-dev-agent-1-0,4.82%,1.37GiB / 7.757GiB
1790756658,payflow-grafana-1,0.92%,175.5MiB / 512MiB
1790756658,payflow-prometheus-1,0.26%,81MiB / 1GiB
1790756658,payflow-tempo-1,0.22%,87.57MiB / 1.5GiB
1790756658,k3d-dev-serverlb,0.00%,3.191MiB / 7.757GiB
1790756658,k3d-dev-agent-0,9.83%,665MiB / 7.757GiB
1790756658,k3d-dev-server-0,9.16%,1.96GiB / 7.757GiB
1790756670,nifty_sinoussi,9.42%,73.11MiB / 7.757GiB
1790756670,payflow-payflow-1,198.56%,620.3MiB / 1.5GiB
1790756670,payflow-postgres-exporter-1,0.00%,11.37MiB / 128MiB
1790756670,payflow-postgres-1,95.38%,223.5MiB / 1GiB
1790756670,payflow-mongo-1,9.53%,127.9MiB / 1GiB
1790756670,payflow-kafka-1,34.29%,394.5MiB / 1.5GiB
1790756670,payflow-keycloak-1,0.21%,545.7MiB / 7.757GiB
1790756670,payflow-settlement-rail-1,3.40%,30.14MiB / 256MiB
1790756670,k3d-dev-agent-1-0,5.50%,1.37GiB / 7.757GiB
1790756670,payflow-grafana-1,0.76%,171.9MiB / 512MiB
1790756670,payflow-prometheus-1,0.29%,80.59MiB / 1GiB
1790756670,payflow-tempo-1,5.57%,88.84MiB / 1.5GiB
1790756670,k3d-dev-serverlb,0.00%,3.191MiB / 7.757GiB
1790756670,k3d-dev-agent-0,3.99%,657.6MiB / 7.757GiB
1790756670,k3d-dev-server-0,13.97%,1.988GiB / 7.757GiB
1790756682,nifty_sinoussi,10.45%,73.57MiB / 7.757GiB
1790756682,payflow-payflow-1,198.34%,620.6MiB / 1.5GiB
1790756682,payflow-postgres-exporter-1,0.00%,10.79MiB / 128MiB
1790756682,payflow-postgres-1,91.36%,234.2MiB / 1GiB
1790756682,payflow-mongo-1,10.51%,128.7MiB / 1GiB
1790756682,payflow-kafka-1,85.98%,395.5MiB / 1.5GiB
1790756682,payflow-keycloak-1,0.22%,540.2MiB / 7.757GiB
1790756682,payflow-settlement-rail-1,3.34%,29.8MiB / 256MiB
1790756682,k3d-dev-agent-1-0,6.02%,1.369GiB / 7.757GiB
1790756682,payflow-grafana-1,0.78%,160.9MiB / 512MiB
1790756682,payflow-prometheus-1,0.19%,77.84MiB / 1GiB
1790756682,payflow-tempo-1,2.10%,88.32MiB / 1.5GiB
1790756682,k3d-dev-serverlb,0.00%,3.113MiB / 7.757GiB
1790756682,k3d-dev-agent-0,3.92%,659.4MiB / 7.757GiB
1790756682,k3d-dev-server-0,8.40%,1.972GiB / 7.757GiB
1790756696,nifty_sinoussi,11.66%,74.51MiB / 7.757GiB
1790756696,payflow-payflow-1,208.12%,621.2MiB / 1.5GiB
1790756696,payflow-postgres-exporter-1,1.12%,11.93MiB / 128MiB
1790756696,payflow-postgres-1,89.72%,240.2MiB / 1GiB
1790756696,payflow-mongo-1,14.35%,129.7MiB / 1GiB
1790756696,payflow-kafka-1,62.33%,414.1MiB / 1.5GiB
1790756696,payflow-keycloak-1,0.27%,539MiB / 7.757GiB
1790756696,payflow-settlement-rail-1,5.16%,31.36MiB / 256MiB
1790756696,k3d-dev-agent-1-0,5.56%,1.366GiB / 7.757GiB
1790756696,payflow-grafana-1,0.74%,158.9MiB / 512MiB
1790756696,payflow-prometheus-1,4.23%,81.04MiB / 1GiB
1790756696,payflow-tempo-1,2.98%,86.39MiB / 1.5GiB
1790756696,k3d-dev-serverlb,0.00%,3.121MiB / 7.757GiB
1790756696,k3d-dev-agent-0,12.58%,657.3MiB / 7.757GiB
1790756696,k3d-dev-server-0,17.06%,1.977GiB / 7.757GiB
1790756708,nifty_sinoussi,11.37%,73.86MiB / 7.757GiB
1790756708,payflow-payflow-1,202.87%,620.4MiB / 1.5GiB
1790756708,payflow-postgres-exporter-1,0.00%,11.57MiB / 128MiB
1790756708,payflow-postgres-1,104.94%,245.4MiB / 1GiB
1790756708,payflow-mongo-1,15.04%,131.3MiB / 1GiB
1790756708,payflow-kafka-1,36.56%,393.7MiB / 1.5GiB
1790756708,payflow-keycloak-1,0.20%,531.8MiB / 7.757GiB
1790756708,payflow-settlement-rail-1,2.85%,29.05MiB / 256MiB
1790756708,k3d-dev-agent-1-0,2.92%,1.373GiB / 7.757GiB
1790756708,payflow-grafana-1,1.12%,163.4MiB / 512MiB
1790756708,payflow-prometheus-1,0.17%,77.08MiB / 1GiB
1790756708,payflow-tempo-1,0.90%,88.92MiB / 1.5GiB
1790756708,k3d-dev-serverlb,0.00%,3.047MiB / 7.757GiB
1790756708,k3d-dev-agent-0,12.05%,672.3MiB / 7.757GiB
1790756708,k3d-dev-server-0,15.55%,1.976GiB / 7.757GiB
1790756720,nifty_sinoussi,9.75%,72.5MiB / 7.757GiB
1790756720,payflow-payflow-1,132.87%,620.7MiB / 1.5GiB
1790756720,payflow-postgres-exporter-1,1.63%,11.53MiB / 128MiB
1790756720,payflow-postgres-1,66.96%,245.4MiB / 1GiB
1790756720,payflow-mongo-1,51.82%,126.4MiB / 1GiB
1790756720,payflow-kafka-1,39.50%,384.8MiB / 1.5GiB
1790756720,payflow-keycloak-1,1.67%,528.3MiB / 7.757GiB
1790756720,payflow-settlement-rail-1,0.80%,28.48MiB / 256MiB
1790756720,k3d-dev-agent-1-0,6.28%,1.369GiB / 7.757GiB
1790756720,payflow-grafana-1,0.68%,157MiB / 512MiB
1790756720,payflow-prometheus-1,1.45%,77.26MiB / 1GiB
1790756720,payflow-tempo-1,0.74%,90.08MiB / 1.5GiB
1790756720,k3d-dev-serverlb,0.00%,2.969MiB / 7.757GiB
1790756720,k3d-dev-agent-0,2.31%,663.5MiB / 7.757GiB
1790756720,k3d-dev-server-0,8.71%,1.983GiB / 7.757GiB
1790756734,nifty_sinoussi,12.43%,76.95MiB / 7.757GiB
1790756734,payflow-payflow-1,139.24%,617.7MiB / 1.5GiB
1790756734,payflow-postgres-exporter-1,0.00%,11.96MiB / 128MiB
1790756734,payflow-postgres-1,62.24%,250.8MiB / 1GiB
1790756734,payflow-mongo-1,1.57%,129.8MiB / 1GiB
1790756734,payflow-kafka-1,194.48%,491.1MiB / 1.5GiB
1790756734,payflow-keycloak-1,0.25%,523.9MiB / 7.757GiB
1790756734,payflow-settlement-rail-1,1.17%,28.09MiB / 256MiB
1790756734,k3d-dev-agent-1-0,5.48%,1.363GiB / 7.757GiB
1790756734,payflow-grafana-1,0.75%,170MiB / 512MiB
1790756734,payflow-prometheus-1,0.16%,75MiB / 1GiB
1790756734,payflow-tempo-1,0.26%,89.9MiB / 1.5GiB
1790756734,k3d-dev-serverlb,0.00%,2.934MiB / 7.757GiB
1790756734,k3d-dev-agent-0,8.43%,657.4MiB / 7.757GiB
1790756734,k3d-dev-server-0,8.21%,1.988GiB / 7.757GiB
1790756747,nifty_sinoussi,13.43%,78.01MiB / 7.757GiB
1790756747,payflow-payflow-1,161.48%,614.6MiB / 1.5GiB
1790756747,payflow-postgres-exporter-1,1.70%,11.73MiB / 128MiB
1790756747,payflow-postgres-1,70.56%,273.4MiB / 1GiB
1790756747,payflow-mongo-1,16.09%,125.9MiB / 1GiB
1790756747,payflow-kafka-1,30.57%,381.1MiB / 1.5GiB
1790756747,payflow-keycloak-1,0.21%,519.9MiB / 7.757GiB
1790756747,payflow-settlement-rail-1,2.14%,27.62MiB / 256MiB
1790756747,k3d-dev-agent-1-0,3.48%,1.365GiB / 7.757GiB
1790756747,payflow-grafana-1,0.78%,163.5MiB / 512MiB
1790756747,payflow-prometheus-1,1.35%,74.3MiB / 1GiB
1790756747,payflow-tempo-1,2.93%,88.9MiB / 1.5GiB
1790756747,k3d-dev-serverlb,0.00%,2.871MiB / 7.757GiB
1790756747,k3d-dev-agent-0,3.98%,666.9MiB / 7.757GiB
1790756747,k3d-dev-server-0,7.78%,2.003GiB / 7.757GiB
1790756761,nifty_sinoussi,18.81%,76.59MiB / 7.757GiB
1790756761,payflow-payflow-1,172.26%,606.8MiB / 1.5GiB
1790756761,payflow-postgres-exporter-1,0.00%,10.89MiB / 128MiB
1790756761,payflow-postgres-1,71.01%,267.6MiB / 1GiB
1790756761,payflow-mongo-1,13.94%,122.8MiB / 1GiB
1790756761,payflow-kafka-1,29.48%,375.8MiB / 1.5GiB
1790756761,payflow-keycloak-1,0.23%,505.5MiB / 7.757GiB
1790756761,payflow-settlement-rail-1,2.75%,27.18MiB / 256MiB
1790756761,k3d-dev-agent-1-0,5.03%,1.366GiB / 7.757GiB
1790756761,payflow-grafana-1,0.81%,157.8MiB / 512MiB
1790756761,payflow-prometheus-1,0.19%,74.12MiB / 1GiB
1790756761,payflow-tempo-1,1.15%,79.41MiB / 1.5GiB
1790756761,k3d-dev-serverlb,0.00%,2.859MiB / 7.757GiB
1790756761,k3d-dev-agent-0,9.58%,654.7MiB / 7.757GiB
1790756761,k3d-dev-server-0,19.13%,2.003GiB / 7.757GiB
1790756773,nifty_sinoussi,21.57%,76.68MiB / 7.757GiB
1790756773,payflow-payflow-1,160.52%,604MiB / 1.5GiB
1790756773,payflow-postgres-exporter-1,1.81%,11.61MiB / 128MiB
1790756773,payflow-postgres-1,82.17%,267.8MiB / 1GiB
1790756773,payflow-mongo-1,7.30%,135.9MiB / 1GiB
1790756773,payflow-kafka-1,32.19%,384.8MiB / 1.5GiB
1790756773,payflow-keycloak-1,0.25%,503.9MiB / 7.757GiB
1790756773,payflow-settlement-rail-1,3.24%,27.18MiB / 256MiB
1790756773,k3d-dev-agent-1-0,6.84%,1.372GiB / 7.757GiB
1790756773,payflow-grafana-1,1.00%,158.8MiB / 512MiB
1790756773,payflow-prometheus-1,1.47%,75.2MiB / 1GiB
1790756773,payflow-tempo-1,1.15%,88.79MiB / 1.5GiB
1790756773,k3d-dev-serverlb,0.00%,2.859MiB / 7.757GiB
1790756773,k3d-dev-agent-0,5.03%,660.3MiB / 7.757GiB
1790756773,k3d-dev-server-0,9.87%,2.005GiB / 7.757GiB
1790756785,nifty_sinoussi,22.03%,74.12MiB / 7.757GiB
1790756785,payflow-payflow-1,169.59%,594.9MiB / 1.5GiB
1790756785,payflow-postgres-exporter-1,0.00%,11.99MiB / 128MiB
1790756785,payflow-postgres-1,76.51%,256.4MiB / 1GiB
1790756785,payflow-mongo-1,51.86%,268.4MiB / 1GiB
1790756785,payflow-kafka-1,150.47%,459.9MiB / 1.5GiB
1790756785,payflow-keycloak-1,0.26%,482.7MiB / 7.757GiB
1790756785,payflow-settlement-rail-1,1.31%,30.28MiB / 256MiB
1790756785,k3d-dev-agent-1-0,5.43%,1.368GiB / 7.757GiB
1790756785,payflow-grafana-1,0.73%,156.5MiB / 512MiB
1790756785,payflow-prometheus-1,0.20%,74.57MiB / 1GiB
1790756785,payflow-tempo-1,1.01%,82.1MiB / 1.5GiB
1790756785,k3d-dev-serverlb,0.00%,2.812MiB / 7.757GiB
1790756785,k3d-dev-agent-0,12.52%,658.1MiB / 7.757GiB
1790756785,k3d-dev-server-0,14.67%,2.006GiB / 7.757GiB
1790756799,nifty_sinoussi,17.30%,75.02MiB / 7.757GiB
1790756799,payflow-payflow-1,181.02%,594.3MiB / 1.5GiB
1790756799,payflow-postgres-exporter-1,0.00%,12.18MiB / 128MiB
1790756799,payflow-postgres-1,85.74%,261.1MiB / 1GiB
1790756799,payflow-mongo-1,25.20%,136.3MiB / 1GiB
1790756799,payflow-kafka-1,34.22%,379.6MiB / 1.5GiB
1790756799,payflow-keycloak-1,64.16%,504.1MiB / 7.757GiB
1790756799,payflow-settlement-rail-1,1.80%,26.46MiB / 256MiB
1790756799,k3d-dev-agent-1-0,3.21%,1.374GiB / 7.757GiB
1790756799,payflow-grafana-1,0.75%,156.4MiB / 512MiB
1790756799,payflow-prometheus-1,0.37%,77.28MiB / 1GiB
1790756799,payflow-tempo-1,0.95%,84.63MiB / 1.5GiB
1790756799,k3d-dev-serverlb,0.00%,2.812MiB / 7.757GiB
1790756799,k3d-dev-agent-0,3.58%,667.3MiB / 7.757GiB
1790756799,k3d-dev-server-0,8.35%,1.997GiB / 7.757GiB
1790756811,nifty_sinoussi,20.98%,74.02MiB / 7.757GiB
1790756811,payflow-payflow-1,203.81%,587MiB / 1.5GiB
1790756811,payflow-postgres-exporter-1,0.00%,12.65MiB / 128MiB
1790756811,payflow-postgres-1,110.34%,302.5MiB / 1GiB
1790756811,payflow-mongo-1,16.21%,119.3MiB / 1GiB
1790756811,payflow-kafka-1,32.00%,366.9MiB / 1.5GiB
1790756811,payflow-keycloak-1,0.19%,491.9MiB / 7.757GiB
1790756811,payflow-settlement-rail-1,2.66%,27.8MiB / 256MiB
1790756811,k3d-dev-agent-1-0,4.85%,1.371GiB / 7.757GiB
1790756811,payflow-grafana-1,0.75%,151.4MiB / 512MiB
1790756811,payflow-prometheus-1,0.21%,79.92MiB / 1GiB
1790756811,payflow-tempo-1,0.76%,92.27MiB / 1.5GiB
1790756811,k3d-dev-serverlb,0.00%,2.781MiB / 7.757GiB
1790756811,k3d-dev-agent-0,3.38%,654.8MiB / 7.757GiB
1790756811,k3d-dev-server-0,14.30%,1.992GiB / 7.757GiB
1790756825,nifty_sinoussi,19.22%,75.37MiB / 7.757GiB
1790756825,payflow-payflow-1,186.31%,587.6MiB / 1.5GiB
1790756825,payflow-postgres-exporter-1,0.00%,12.11MiB / 128MiB
1790756825,payflow-postgres-1,89.54%,306.2MiB / 1GiB
1790756825,payflow-mongo-1,14.30%,138.4MiB / 1GiB
1790756825,payflow-kafka-1,186.29%,469.3MiB / 1.5GiB
1790756825,payflow-keycloak-1,0.17%,492.1MiB / 7.757GiB
1790756825,payflow-settlement-rail-1,2.38%,26.43MiB / 256MiB
1790756825,k3d-dev-agent-1-0,2.95%,1.37GiB / 7.757GiB
1790756825,payflow-grafana-1,0.67%,160.7MiB / 512MiB
1790756825,payflow-prometheus-1,0.38%,80.02MiB / 1GiB
1790756825,payflow-tempo-1,0.95%,82.21MiB / 1.5GiB
1790756825,k3d-dev-serverlb,0.00%,2.785MiB / 7.757GiB
1790756825,k3d-dev-agent-0,2.62%,654.4MiB / 7.757GiB
1790756825,k3d-dev-server-0,7.33%,1.992GiB / 7.757GiB
1790756837,nifty_sinoussi,22.40%,74.03MiB / 7.757GiB
1790756837,payflow-payflow-1,207.38%,569MiB / 1.5GiB
1790756837,payflow-postgres-exporter-1,1.99%,10.98MiB / 128MiB
1790756837,payflow-postgres-1,96.61%,284.2MiB / 1GiB
1790756837,payflow-mongo-1,7.11%,130.1MiB / 1GiB
1790756837,payflow-kafka-1,35.68%,360.7MiB / 1.5GiB
1790756837,payflow-keycloak-1,0.19%,464.5MiB / 7.757GiB
1790756837,payflow-settlement-rail-1,2.68%,25.97MiB / 256MiB
1790756837,k3d-dev-agent-1-0,4.77%,1.373GiB / 7.757GiB
1790756837,payflow-grafana-1,1.36%,177.3MiB / 512MiB
1790756837,payflow-prometheus-1,0.19%,77.77MiB / 1GiB
1790756837,payflow-tempo-1,9.77%,100.3MiB / 1.5GiB
1790756837,k3d-dev-serverlb,0.00%,2.754MiB / 7.757GiB
1790756837,k3d-dev-agent-0,5.43%,666.7MiB / 7.757GiB
1790756837,k3d-dev-server-0,9.41%,1.982GiB / 7.757GiB
1790756850,nifty_sinoussi,28.95%,75.37MiB / 7.757GiB
1790756850,payflow-payflow-1,211.51%,567MiB / 1.5GiB
1790756850,payflow-postgres-exporter-1,0.00%,11.61MiB / 128MiB
1790756850,payflow-postgres-1,95.88%,284.8MiB / 1GiB
1790756850,payflow-mongo-1,14.62%,141.5MiB / 1GiB
1790756850,payflow-kafka-1,32.36%,371.9MiB / 1.5GiB
1790756850,payflow-keycloak-1,0.19%,462.9MiB / 7.757GiB
1790756850,payflow-settlement-rail-1,2.79%,26.12MiB / 256MiB
1790756850,k3d-dev-agent-1-0,9.81%,1.372GiB / 7.757GiB
1790756850,payflow-grafana-1,1.66%,180.1MiB / 512MiB
1790756850,payflow-prometheus-1,0.20%,77.78MiB / 1GiB
1790756850,payflow-tempo-1,1.93%,88.88MiB / 1.5GiB
1790756850,k3d-dev-serverlb,0.00%,2.754MiB / 7.757GiB
1790756850,k3d-dev-agent-0,5.04%,673.4MiB / 7.757GiB
1790756850,k3d-dev-server-0,9.09%,1.989GiB / 7.757GiB
1790756863,nifty_sinoussi,20.05%,76.71MiB / 7.757GiB
1790756863,payflow-payflow-1,144.81%,561.7MiB / 1.5GiB
1790756863,payflow-postgres-exporter-1,0.00%,11.52MiB / 128MiB
1790756863,payflow-postgres-1,103.39%,383.3MiB / 1GiB
1790756863,payflow-mongo-1,63.88%,133.4MiB / 1GiB
1790756863,payflow-kafka-1,137.30%,434.9MiB / 1.5GiB
1790756863,payflow-keycloak-1,0.20%,449.7MiB / 7.757GiB
1790756863,payflow-settlement-rail-1,1.85%,25.85MiB / 256MiB
1790756863,k3d-dev-agent-1-0,3.47%,1.373GiB / 7.757GiB
1790756863,payflow-grafana-1,0.70%,182.6MiB / 512MiB
1790756863,payflow-prometheus-1,0.47%,78.68MiB / 1GiB
1790756863,payflow-tempo-1,1.47%,100.3MiB / 1.5GiB
1790756863,k3d-dev-serverlb,0.00%,2.738MiB / 7.757GiB
1790756863,k3d-dev-agent-0,9.37%,664.5MiB / 7.757GiB
1790756863,k3d-dev-server-0,12.69%,1.994GiB / 7.757GiB
1790756876,nifty_sinoussi,23.53%,78.08MiB / 7.757GiB
1790756876,payflow-payflow-1,204.03%,561.4MiB / 1.5GiB
1790756876,payflow-postgres-exporter-1,0.00%,11.3MiB / 128MiB
1790756876,payflow-postgres-1,96.49%,380.6MiB / 1GiB
1790756876,payflow-mongo-1,21.84%,147.9MiB / 1GiB
1790756876,payflow-kafka-1,31.57%,376.3MiB / 1.5GiB
1790756876,payflow-keycloak-1,0.19%,449.8MiB / 7.757GiB
1790756876,payflow-settlement-rail-1,2.76%,26.09MiB / 256MiB
1790756876,k3d-dev-agent-1-0,3.06%,1.375GiB / 7.757GiB
1790756876,payflow-grafana-1,0.95%,184.3MiB / 512MiB
1790756876,payflow-prometheus-1,0.18%,78.71MiB / 1GiB
1790756876,payflow-tempo-1,1.82%,91.72MiB / 1.5GiB
1790756876,k3d-dev-serverlb,0.00%,2.738MiB / 7.757GiB
1790756876,k3d-dev-agent-0,5.59%,674.8MiB / 7.757GiB
1790756876,k3d-dev-server-0,7.89%,1.985GiB / 7.757GiB
1790756888,nifty_sinoussi,26.23%,78.88MiB / 7.757GiB
1790756888,payflow-payflow-1,198.44%,559.6MiB / 1.5GiB
1790756888,payflow-postgres-exporter-1,1.83%,11.85MiB / 128MiB
1790756888,payflow-postgres-1,95.09%,370.1MiB / 1GiB
1790756888,payflow-mongo-1,11.60%,147.7MiB / 1GiB
1790756888,payflow-kafka-1,48.78%,385.7MiB / 1.5GiB
1790756888,payflow-keycloak-1,0.19%,449.2MiB / 7.757GiB
1790756888,payflow-settlement-rail-1,1.73%,26.27MiB / 256MiB
1790756888,k3d-dev-agent-1-0,5.98%,1.382GiB / 7.757GiB
1790756888,payflow-grafana-1,0.87%,184.8MiB / 512MiB
1790756888,payflow-prometheus-1,1.67%,78.46MiB / 1GiB
1790756888,payflow-tempo-1,7.17%,102.9MiB / 1.5GiB
1790756888,k3d-dev-serverlb,0.00%,2.734MiB / 7.757GiB
1790756888,k3d-dev-agent-0,2.87%,669.7MiB / 7.757GiB
1790756888,k3d-dev-server-0,7.88%,1.985GiB / 7.757GiB
1790756902,nifty_sinoussi,24.47%,81.02MiB / 7.757GiB
1790756902,payflow-payflow-1,188.46%,555.7MiB / 1.5GiB
1790756902,payflow-postgres-exporter-1,0.00%,12.02MiB / 128MiB
1790756902,payflow-postgres-1,95.42%,368.1MiB / 1GiB
1790756902,payflow-mongo-1,6.71%,140.3MiB / 1GiB
1790756902,payflow-kafka-1,121.34%,425.2MiB / 1.5GiB
1790756902,payflow-keycloak-1,0.18%,449.2MiB / 7.757GiB
1790756902,payflow-settlement-rail-1,1.35%,26.3MiB / 256MiB
1790756902,k3d-dev-agent-1-0,4.39%,1.386GiB / 7.757GiB
1790756902,payflow-grafana-1,0.69%,180.5MiB / 512MiB
1790756902,payflow-prometheus-1,0.15%,77.63MiB / 1GiB
1790756902,payflow-tempo-1,1.46%,106MiB / 1.5GiB
1790756902,k3d-dev-serverlb,0.00%,2.723MiB / 7.757GiB
1790756902,k3d-dev-agent-0,10.58%,668.7MiB / 7.757GiB
1790756902,k3d-dev-server-0,9.61%,1.985GiB / 7.757GiB
1790756914,nifty_sinoussi,33.47%,80.47MiB / 7.757GiB
1790756914,payflow-payflow-1,157.07%,548.8MiB / 1.5GiB
1790756914,payflow-postgres-exporter-1,1.69%,11.72MiB / 128MiB
1790756914,payflow-postgres-1,68.65%,334.5MiB / 1GiB
1790756914,payflow-mongo-1,0.51%,142.7MiB / 1GiB
1790756914,payflow-kafka-1,26.02%,376.6MiB / 1.5GiB
1790756914,payflow-keycloak-1,0.18%,446.9MiB / 7.757GiB
1790756914,payflow-settlement-rail-1,1.21%,25.94MiB / 256MiB
1790756914,k3d-dev-agent-1-0,3.73%,1.378GiB / 7.757GiB
1790756914,payflow-grafana-1,0.79%,171.6MiB / 512MiB
1790756914,payflow-prometheus-1,1.64%,78.99MiB / 1GiB
1790756914,payflow-tempo-1,2.25%,101.1MiB / 1.5GiB
1790756914,k3d-dev-serverlb,0.00%,2.684MiB / 7.757GiB
1790756914,k3d-dev-agent-0,5.70%,659MiB / 7.757GiB
1790756914,k3d-dev-server-0,12.05%,1.975GiB / 7.757GiB
1790756928,nifty_sinoussi,35.11%,80.49MiB / 7.757GiB
1790756928,payflow-payflow-1,155.89%,546.6MiB / 1.5GiB
1790756928,payflow-postgres-exporter-1,0.00%,11.89MiB / 128MiB
1790756928,payflow-postgres-1,62.30%,389.3MiB / 1GiB
1790756928,payflow-mongo-1,41.96%,144.4MiB / 1GiB
1790756928,payflow-kafka-1,16.40%,361MiB / 1.5GiB
1790756928,payflow-keycloak-1,0.24%,445MiB / 7.757GiB
1790756928,payflow-settlement-rail-1,0.79%,32.57MiB / 256MiB
1790756928,k3d-dev-agent-1-0,3.86%,1.375GiB / 7.757GiB
1790756928,payflow-grafana-1,0.89%,163.8MiB / 512MiB
1790756928,payflow-prometheus-1,0.21%,83.64MiB / 1GiB
1790756928,payflow-tempo-1,0.24%,97.12MiB / 1.5GiB
1790756928,k3d-dev-serverlb,0.00%,2.672MiB / 7.757GiB
1790756928,k3d-dev-agent-0,10.50%,659.6MiB / 7.757GiB
1790756928,k3d-dev-server-0,11.45%,1.966GiB / 7.757GiB
1790756940,nifty_sinoussi,31.74%,82.41MiB / 7.757GiB
1790756940,payflow-payflow-1,164.66%,536.9MiB / 1.5GiB
1790756940,payflow-postgres-exporter-1,1.59%,11.41MiB / 128MiB
1790756940,payflow-postgres-1,74.90%,359.3MiB / 1GiB
1790756940,payflow-mongo-1,14.33%,144.7MiB / 1GiB
1790756940,payflow-kafka-1,26.25%,349.8MiB / 1.5GiB
1790756940,payflow-keycloak-1,0.19%,428.7MiB / 7.757GiB
1790756940,payflow-settlement-rail-1,1.48%,25.41MiB / 256MiB
1790756940,k3d-dev-agent-1-0,6.13%,1.37GiB / 7.757GiB
1790756940,payflow-grafana-1,0.80%,156.7MiB / 512MiB
1790756940,payflow-prometheus-1,1.95%,81.77MiB / 1GiB
1790756940,payflow-tempo-1,2.80%,89.18MiB / 1.5GiB
1790756940,k3d-dev-serverlb,0.00%,2.676MiB / 7.757GiB
1790756940,k3d-dev-agent-0,2.38%,660.2MiB / 7.757GiB
1790756940,k3d-dev-server-0,12.43%,1.99GiB / 7.757GiB
1790756953,nifty_sinoussi,30.98%,82.84MiB / 7.757GiB
1790756953,payflow-payflow-1,144.82%,537.6MiB / 1.5GiB
1790756953,payflow-postgres-exporter-1,0.00%,11.35MiB / 128MiB
1790756953,payflow-postgres-1,58.85%,360.8MiB / 1GiB
1790756953,payflow-mongo-1,7.45%,165.1MiB / 1GiB
1790756953,payflow-kafka-1,178.37%,442.7MiB / 1.5GiB
1790756953,payflow-keycloak-1,0.24%,429.2MiB / 7.757GiB
1790756953,payflow-settlement-rail-1,1.60%,25.57MiB / 256MiB
1790756953,k3d-dev-agent-1-0,4.35%,1.381GiB / 7.757GiB
1790756953,payflow-grafana-1,0.63%,156.8MiB / 512MiB
1790756953,payflow-prometheus-1,0.15%,82.42MiB / 1GiB
1790756953,payflow-tempo-1,1.31%,92.26MiB / 1.5GiB
1790756953,k3d-dev-serverlb,0.00%,2.68MiB / 7.757GiB
1790756953,k3d-dev-agent-0,10.02%,663.5MiB / 7.757GiB
1790756953,k3d-dev-server-0,16.38%,1.996GiB / 7.757GiB
1790756967,nifty_sinoussi,30.82%,86.35MiB / 7.757GiB
1790756967,payflow-payflow-1,204.86%,536.8MiB / 1.5GiB
1790756967,payflow-postgres-exporter-1,1.87%,11.28MiB / 128MiB
1790756967,payflow-postgres-1,94.30%,350MiB / 1GiB
1790756967,payflow-mongo-1,16.69%,159.9MiB / 1GiB
1790756967,payflow-kafka-1,38.23%,361.7MiB / 1.5GiB
1790756967,payflow-keycloak-1,0.19%,423.5MiB / 7.757GiB
1790756967,payflow-settlement-rail-1,2.73%,32.34MiB / 256MiB
1790756967,k3d-dev-agent-1-0,3.34%,1.38GiB / 7.757GiB
1790756967,payflow-grafana-1,0.70%,174.8MiB / 512MiB
1790756967,payflow-prometheus-1,1.28%,81.93MiB / 1GiB
1790756967,payflow-tempo-1,0.86%,89.64MiB / 1.5GiB
1790756967,k3d-dev-serverlb,0.00%,2.684MiB / 7.757GiB
1790756967,k3d-dev-agent-0,2.86%,676.3MiB / 7.757GiB
1790756967,k3d-dev-server-0,8.84%,1.998GiB / 7.757GiB
1790756979,nifty_sinoussi,29.47%,86.47MiB / 7.757GiB
1790756979,payflow-payflow-1,200.40%,536MiB / 1.5GiB
1790756979,payflow-postgres-exporter-1,0.00%,12.26MiB / 128MiB
1790756979,payflow-postgres-1,96.14%,333.5MiB / 1GiB
1790756979,payflow-mongo-1,21.09%,215.7MiB / 1GiB
1790756979,payflow-kafka-1,31.43%,372.3MiB / 1.5GiB
1790756979,payflow-keycloak-1,0.18%,416.4MiB / 7.757GiB
1790756979,payflow-settlement-rail-1,2.40%,25.68MiB / 256MiB
1790756979,k3d-dev-agent-1-0,3.75%,1.373GiB / 7.757GiB
1790756979,payflow-grafana-1,0.73%,178.2MiB / 512MiB
1790756979,payflow-prometheus-1,0.16%,81.63MiB / 1GiB
1790756979,payflow-tempo-1,0.82%,92.81MiB / 1.5GiB
1790756979,k3d-dev-serverlb,0.00%,2.672MiB / 7.757GiB
1790756979,k3d-dev-agent-0,7.77%,665.7MiB / 7.757GiB
1790756979,k3d-dev-server-0,27.41%,2.014GiB / 7.757GiB
1790756992,nifty_sinoussi,28.61%,85.43MiB / 7.757GiB
1790756992,payflow-payflow-1,166.05%,523.1MiB / 1.5GiB
1790756992,payflow-postgres-exporter-1,0.00%,11.97MiB / 128MiB
1790756992,payflow-postgres-1,77.89%,380.2MiB / 1GiB
1790756992,payflow-mongo-1,51.57%,143.5MiB / 1GiB
1790756992,payflow-kafka-1,165.15%,446.9MiB / 1.5GiB
1790756992,payflow-keycloak-1,0.18%,399.8MiB / 7.757GiB
1790756992,payflow-settlement-rail-1,1.09%,24.83MiB / 256MiB
1790756992,k3d-dev-agent-1-0,2.84%,1.365GiB / 7.757GiB
1790756992,payflow-grafana-1,0.64%,165.9MiB / 512MiB
1790756992,payflow-prometheus-1,0.34%,79.43MiB / 1GiB
1790756992,payflow-tempo-1,0.93%,89.95MiB / 1.5GiB
1790756992,k3d-dev-serverlb,0.00%,2.621MiB / 7.757GiB
1790756992,k3d-dev-agent-0,2.96%,650.9MiB / 7.757GiB
1790756992,k3d-dev-server-0,8.66%,2.016GiB / 7.757GiB
1790757005,nifty_sinoussi,39.01%,87.04MiB / 7.757GiB
1790757005,payflow-payflow-1,201.55%,523.4MiB / 1.5GiB
1790757005,payflow-postgres-exporter-1,0.00%,12.66MiB / 128MiB
1790757005,payflow-postgres-1,100.17%,377.2MiB / 1GiB
1790757005,payflow-mongo-1,1.67%,156.1MiB / 1GiB
1790757005,payflow-kafka-1,35.81%,366.7MiB / 1.5GiB
1790757005,payflow-keycloak-1,0.19%,398.5MiB / 7.757GiB
1790757005,payflow-settlement-rail-1,2.38%,25.45MiB / 256MiB
1790757005,k3d-dev-agent-1-0,5.78%,1.368GiB / 7.757GiB
1790757005,payflow-grafana-1,0.78%,165MiB / 512MiB
1790757005,payflow-prometheus-1,0.21%,80.16MiB / 1GiB
1790757005,payflow-tempo-1,1.35%,98.67MiB / 1.5GiB
1790757005,k3d-dev-serverlb,0.00%,2.629MiB / 7.757GiB
1790757005,k3d-dev-agent-0,3.17%,662.9MiB / 7.757GiB
1790757005,k3d-dev-server-0,8.04%,2.02GiB / 7.757GiB
1790757017,nifty_sinoussi,36.48%,87.08MiB / 7.757GiB
1790757017,payflow-payflow-1,195.49%,519MiB / 1.5GiB
1790757017,payflow-postgres-exporter-1,0.00%,12.16MiB / 128MiB
1790757017,payflow-postgres-1,99.09%,344.6MiB / 1GiB
1790757017,payflow-mongo-1,16.01%,140.2MiB / 1GiB
1790757017,payflow-kafka-1,34.73%,356.4MiB / 1.5GiB
1790757017,payflow-keycloak-1,0.17%,395.4MiB / 7.757GiB
1790757017,payflow-settlement-rail-1,2.61%,25.07MiB / 256MiB
1790757017,k3d-dev-agent-1-0,7.36%,1.375GiB / 7.757GiB
1790757017,payflow-grafana-1,0.67%,161.7MiB / 512MiB
1790757017,payflow-prometheus-1,0.38%,80.67MiB / 1GiB
1790757017,payflow-tempo-1,3.02%,99.45MiB / 1.5GiB
1790757017,k3d-dev-serverlb,0.00%,2.598MiB / 7.757GiB
1790757017,k3d-dev-agent-0,4.25%,657MiB / 7.757GiB
1790757017,k3d-dev-server-0,7.16%,2.011GiB / 7.757GiB
1790757031,nifty_sinoussi,35.62%,88.74MiB / 7.757GiB
1790757031,payflow-payflow-1,178.57%,519.1MiB / 1.5GiB
1790757031,payflow-postgres-exporter-1,0.00%,12.67MiB / 128MiB
1790757031,payflow-postgres-1,77.56%,348.5MiB / 1GiB
1790757031,payflow-mongo-1,11.73%,155.5MiB / 1GiB
1790757031,payflow-kafka-1,171.54%,456MiB / 1.5GiB
1790757031,payflow-keycloak-1,0.19%,392.9MiB / 7.757GiB
1790757031,payflow-settlement-rail-1,1.02%,25.21MiB / 256MiB
1790757031,k3d-dev-agent-1-0,4.04%,1.386GiB / 7.757GiB
1790757031,payflow-grafana-1,1.16%,168.2MiB / 512MiB
1790757031,payflow-prometheus-1,0.17%,81.61MiB / 1GiB
1790757031,payflow-tempo-1,0.87%,88.37MiB / 1.5GiB
1790757031,k3d-dev-serverlb,0.00%,2.598MiB / 7.757GiB
1790757031,k3d-dev-agent-0,8.10%,663MiB / 7.757GiB
1790757031,k3d-dev-server-0,16.75%,2.016GiB / 7.757GiB
1790757043,nifty_sinoussi,34.75%,88.84MiB / 7.757GiB
1790757043,payflow-payflow-1,39.95%,517.2MiB / 1.5GiB
1790757043,payflow-postgres-exporter-1,0.00%,11.94MiB / 128MiB
1790757043,payflow-postgres-1,6.73%,450.5MiB / 1GiB
1790757043,payflow-mongo-1,2.24%,139MiB / 1GiB
1790757043,payflow-kafka-1,23.00%,414.5MiB / 1.5GiB
1790757043,payflow-keycloak-1,84.83%,433.2MiB / 7.757GiB
1790757043,payflow-settlement-rail-1,0.06%,25.25MiB / 256MiB
1790757043,k3d-dev-agent-1-0,3.18%,1.374GiB / 7.757GiB
1790757043,payflow-grafana-1,0.76%,159.8MiB / 512MiB
1790757043,payflow-prometheus-1,0.18%,80.21MiB / 1GiB
1790757043,payflow-tempo-1,0.79%,99.62MiB / 1.5GiB
1790757043,k3d-dev-serverlb,0.00%,2.84MiB / 7.757GiB
1790757043,k3d-dev-agent-0,4.86%,654.5MiB / 7.757GiB
1790757043,k3d-dev-server-0,9.31%,2.005GiB / 7.757GiB
1790757055,nifty_sinoussi,35.03%,89.12MiB / 7.757GiB
1790757055,payflow-payflow-1,184.93%,513.6MiB / 1.5GiB
1790757055,payflow-postgres-exporter-1,0.00%,12.11MiB / 128MiB
1790757055,payflow-postgres-1,85.86%,534.2MiB / 1GiB
1790757055,payflow-mongo-1,12.37%,147.7MiB / 1GiB
1790757055,payflow-kafka-1,33.95%,410.5MiB / 1.5GiB
1790757055,payflow-keycloak-1,0.16%,411.3MiB / 7.757GiB
1790757055,payflow-settlement-rail-1,1.59%,24.59MiB / 256MiB
1790757055,k3d-dev-agent-1-0,7.20%,1.372GiB / 7.757GiB
1790757055,payflow-grafana-1,0.69%,155.1MiB / 512MiB
1790757055,payflow-prometheus-1,1.21%,78.89MiB / 1GiB
1790757055,payflow-tempo-1,10.88%,97.12MiB / 1.5GiB
1790757055,k3d-dev-serverlb,0.00%,2.777MiB / 7.757GiB
1790757055,k3d-dev-agent-0,6.33%,665.8MiB / 7.757GiB
1790757055,k3d-dev-server-0,11.35%,1.988GiB / 7.757GiB
1790757069,nifty_sinoussi,35.92%,88.65MiB / 7.757GiB
1790757069,payflow-payflow-1,193.79%,510.4MiB / 1.5GiB
1790757069,payflow-postgres-exporter-1,0.00%,12.34MiB / 128MiB
1790757069,payflow-postgres-1,90.25%,481.1MiB / 1GiB
1790757069,payflow-mongo-1,14.69%,149MiB / 1GiB
1790757069,payflow-kafka-1,85.63%,449.2MiB / 1.5GiB
1790757069,payflow-keycloak-1,0.18%,407MiB / 7.757GiB
1790757069,payflow-settlement-rail-1,1.86%,24.23MiB / 256MiB
1790757069,k3d-dev-agent-1-0,3.14%,1.373GiB / 7.757GiB
1790757069,payflow-grafana-1,0.74%,149MiB / 512MiB
1790757069,payflow-prometheus-1,0.19%,78.9MiB / 1GiB
1790757069,payflow-tempo-1,2.19%,102.1MiB / 1.5GiB
1790757069,k3d-dev-serverlb,0.00%,2.742MiB / 7.757GiB
1790757069,k3d-dev-agent-0,5.74%,661.7MiB / 7.757GiB
1790757069,k3d-dev-server-0,12.11%,1.984GiB / 7.757GiB
1790757081,nifty_sinoussi,39.59%,88.8MiB / 7.757GiB
1790757081,payflow-payflow-1,199.93%,507.7MiB / 1.5GiB
1790757081,payflow-postgres-exporter-1,1.45%,13.11MiB / 128MiB
1790757081,payflow-postgres-1,92.05%,444.1MiB / 1GiB
1790757081,payflow-mongo-1,11.28%,141.3MiB / 1GiB
1790757081,payflow-kafka-1,27.75%,412.5MiB / 1.5GiB
1790757081,payflow-keycloak-1,0.17%,404.9MiB / 7.757GiB
1790757081,payflow-settlement-rail-1,2.32%,24.01MiB / 256MiB
1790757081,k3d-dev-agent-1-0,4.88%,1.384GiB / 7.757GiB
1790757081,payflow-grafana-1,0.76%,141.9MiB / 512MiB
1790757081,payflow-prometheus-1,2.04%,78.29MiB / 1GiB
1790757081,payflow-tempo-1,1.51%,94.26MiB / 1.5GiB
1790757081,k3d-dev-serverlb,0.00%,2.73MiB / 7.757GiB
1790757081,k3d-dev-agent-0,3.59%,658.2MiB / 7.757GiB
1790757081,k3d-dev-server-0,8.58%,1.984GiB / 7.757GiB
1790757095,nifty_sinoussi,43.05%,88.39MiB / 7.757GiB
1790757095,payflow-payflow-1,156.42%,502.2MiB / 1.5GiB
1790757095,payflow-postgres-exporter-1,0.00%,11.75MiB / 128MiB
1790757095,payflow-postgres-1,68.52%,392.9MiB / 1GiB
1790757095,payflow-mongo-1,2.83%,146.9MiB / 1GiB
1790757095,payflow-kafka-1,28.79%,413.5MiB / 1.5GiB
1790757095,payflow-keycloak-1,0.15%,396.7MiB / 7.757GiB
1790757095,payflow-settlement-rail-1,1.53%,23.5MiB / 256MiB
1790757095,k3d-dev-agent-1-0,3.07%,1.381GiB / 7.757GiB
1790757095,payflow-grafana-1,0.71%,166.4MiB / 512MiB
1790757095,payflow-prometheus-1,0.16%,77MiB / 1GiB
1790757095,payflow-tempo-1,0.97%,91.21MiB / 1.5GiB
1790757095,k3d-dev-serverlb,0.00%,2.727MiB / 7.757GiB
1790757095,k3d-dev-agent-0,13.49%,667.1MiB / 7.757GiB
1790757095,k3d-dev-server-0,17.22%,1.983GiB / 7.757GiB
1790757107,nifty_sinoussi,38.50%,94.86MiB / 7.757GiB
1790757107,payflow-payflow-1,128.97%,500.3MiB / 1.5GiB
1790757107,payflow-postgres-exporter-1,3.98%,12.64MiB / 128MiB
1790757107,payflow-postgres-1,77.88%,452.7MiB / 1GiB
1790757107,payflow-mongo-1,8.51%,142.8MiB / 1GiB
1790757107,payflow-kafka-1,150.67%,492.6MiB / 1.5GiB
1790757107,payflow-keycloak-1,0.21%,394.6MiB / 7.757GiB
1790757107,payflow-settlement-rail-1,1.39%,23.47MiB / 256MiB
1790757107,k3d-dev-agent-1-0,3.71%,1.377GiB / 7.757GiB
1790757107,payflow-grafana-1,0.73%,188.6MiB / 512MiB
1790757107,payflow-prometheus-1,1.71%,76.39MiB / 1GiB
1790757107,payflow-tempo-1,0.94%,90.58MiB / 1.5GiB
1790757107,k3d-dev-serverlb,0.00%,2.738MiB / 7.757GiB
1790757107,k3d-dev-agent-0,3.12%,663.6MiB / 7.757GiB
1790757107,k3d-dev-server-0,14.09%,1.982GiB / 7.757GiB
1790757119,nifty_sinoussi,40.28%,93.07MiB / 7.757GiB
1790757119,payflow-payflow-1,150.85%,495MiB / 1.5GiB
1790757119,payflow-postgres-exporter-1,0.00%,12.41MiB / 128MiB
1790757119,payflow-postgres-1,68.91%,523MiB / 1GiB
1790757119,payflow-mongo-1,48.63%,302.5MiB / 1GiB
1790757119,payflow-kafka-1,24.78%,404.7MiB / 1.5GiB
1790757119,payflow-keycloak-1,0.17%,386MiB / 7.757GiB
1790757119,payflow-settlement-rail-1,1.48%,23.09MiB / 256MiB
1790757119,k3d-dev-agent-1-0,4.39%,1.375GiB / 7.757GiB
1790757119,payflow-grafana-1,0.81%,177.5MiB / 512MiB
1790757119,payflow-prometheus-1,0.17%,74.79MiB / 1GiB
1790757119,payflow-tempo-1,3.20%,97.38MiB / 1.5GiB
1790757119,k3d-dev-serverlb,0.00%,2.715MiB / 7.757GiB
1790757119,k3d-dev-agent-0,8.43%,665.3MiB / 7.757GiB
1790757119,k3d-dev-server-0,17.41%,1.978GiB / 7.757GiB
1790757133,nifty_sinoussi,37.39%,92.83MiB / 7.757GiB
1790757133,payflow-payflow-1,155.36%,493.8MiB / 1.5GiB
1790757133,payflow-postgres-exporter-1,1.74%,12.77MiB / 128MiB
1790757133,payflow-postgres-1,70.15%,499.9MiB / 1GiB
1790757133,payflow-mongo-1,7.25%,141.3MiB / 1GiB
1790757133,payflow-kafka-1,25.60%,403.6MiB / 1.5GiB
1790757133,payflow-keycloak-1,0.18%,383.8MiB / 7.757GiB
1790757133,payflow-settlement-rail-1,1.38%,22.79MiB / 256MiB
1790757133,k3d-dev-agent-1-0,2.92%,1.371GiB / 7.757GiB
1790757133,payflow-grafana-1,0.79%,176.3MiB / 512MiB
1790757133,payflow-prometheus-1,0.68%,75.09MiB / 1GiB
1790757133,payflow-tempo-1,0.84%,93.86MiB / 1.5GiB
1790757133,k3d-dev-serverlb,0.00%,2.711MiB / 7.757GiB
1790757133,k3d-dev-agent-0,3.17%,666.3MiB / 7.757GiB
1790757133,k3d-dev-server-0,10.57%,1.962GiB / 7.757GiB
1790757145,nifty_sinoussi,28.75%,92.85MiB / 7.757GiB
1790757145,payflow-payflow-1,151.23%,493MiB / 1.5GiB
1790757145,payflow-postgres-exporter-1,0.00%,11.87MiB / 128MiB
1790757145,payflow-postgres-1,64.05%,454.3MiB / 1GiB
1790757145,payflow-mongo-1,7.54%,136.6MiB / 1GiB
1790757145,payflow-kafka-1,28.64%,395.9MiB / 1.5GiB
1790757145,payflow-keycloak-1,0.17%,382MiB / 7.757GiB
1790757145,payflow-settlement-rail-1,0.56%,22.3MiB / 256MiB
1790757145,k3d-dev-agent-1-0,3.83%,1.378GiB / 7.757GiB
1790757145,payflow-grafana-1,9.50%,182MiB / 512MiB
1790757145,payflow-prometheus-1,0.18%,79.33MiB / 1GiB
1790757145,payflow-tempo-1,0.98%,98.02MiB / 1.5GiB
1790757145,k3d-dev-serverlb,0.00%,2.715MiB / 7.757GiB
1790757145,k3d-dev-agent-0,10.87%,664.7MiB / 7.757GiB
1790757145,k3d-dev-server-0,26.55%,1.971GiB / 7.757GiB
1790757158,nifty_sinoussi,23.34%,93.5MiB / 7.757GiB
1790757158,payflow-payflow-1,179.29%,493.1MiB / 1.5GiB
1790757158,payflow-postgres-exporter-1,0.00%,11.3MiB / 128MiB
1790757158,payflow-postgres-1,88.14%,445.6MiB / 1GiB
1790757158,payflow-mongo-1,4.45%,146.5MiB / 1GiB
1790757158,payflow-kafka-1,177.22%,490MiB / 1.5GiB
1790757158,payflow-keycloak-1,0.18%,381.1MiB / 7.757GiB
1790757158,payflow-settlement-rail-1,1.83%,22.33MiB / 256MiB
1790757158,k3d-dev-agent-1-0,4.54%,1.387GiB / 7.757GiB
1790757158,payflow-grafana-1,1.04%,180.3MiB / 512MiB
1790757158,payflow-prometheus-1,0.38%,79.16MiB / 1GiB
1790757158,payflow-tempo-1,1.04%,94.58MiB / 1.5GiB
1790757158,k3d-dev-serverlb,0.00%,2.715MiB / 7.757GiB
1790757158,k3d-dev-agent-0,2.93%,667.3MiB / 7.757GiB
1790757158,k3d-dev-server-0,9.02%,1.974GiB / 7.757GiB
1790757171,nifty_sinoussi,14.81%,93.07MiB / 7.757GiB
1790757171,payflow-payflow-1,195.23%,491.8MiB / 1.5GiB
1790757171,payflow-postgres-exporter-1,0.00%,12.03MiB / 128MiB
1790757171,payflow-postgres-1,122.22%,576.5MiB / 1GiB
1790757171,payflow-mongo-1,12.53%,134.3MiB / 1GiB
1790757171,payflow-kafka-1,37.92%,397.8MiB / 1.5GiB
1790757171,payflow-keycloak-1,0.17%,376.7MiB / 7.757GiB
1790757171,payflow-settlement-rail-1,2.07%,22.05MiB / 256MiB
1790757171,k3d-dev-agent-1-0,3.62%,1.378GiB / 7.757GiB
1790757171,payflow-grafana-1,0.88%,170.3MiB / 512MiB
1790757171,payflow-prometheus-1,0.16%,79.02MiB / 1GiB
1790757171,payflow-tempo-1,1.57%,97.83MiB / 1.5GiB
1790757171,k3d-dev-serverlb,0.00%,2.703MiB / 7.757GiB
1790757171,k3d-dev-agent-0,3.27%,657.5MiB / 7.757GiB
1790757171,k3d-dev-server-0,9.76%,1.964GiB / 7.757GiB
1790757183,payflow-payflow-1,24.42%,488.6MiB / 1.5GiB
1790757183,payflow-postgres-exporter-1,0.00%,11.42MiB / 128MiB
1790757183,payflow-postgres-1,8.15%,524.5MiB / 1GiB
1790757183,payflow-mongo-1,0.43%,133.8MiB / 1GiB
1790757183,payflow-kafka-1,6.39%,388.4MiB / 1.5GiB
1790757183,payflow-keycloak-1,5.49%,373.7MiB / 7.757GiB
1790757183,payflow-settlement-rail-1,0.11%,21.27MiB / 256MiB
1790757183,k3d-dev-agent-1-0,3.16%,1.373GiB / 7.757GiB
1790757183,payflow-grafana-1,0.68%,164.4MiB / 512MiB
1790757183,payflow-prometheus-1,0.16%,81.38MiB / 1GiB
1790757183,payflow-tempo-1,0.20%,93.21MiB / 1.5GiB
1790757183,k3d-dev-serverlb,0.00%,2.664MiB / 7.757GiB
1790757183,k3d-dev-agent-0,6.14%,656.7MiB / 7.757GiB
1790757183,k3d-dev-server-0,8.49%,1.953GiB / 7.757GiB
1790757197,payflow-payflow-1,11.19%,491MiB / 1.5GiB
1790757197,payflow-postgres-exporter-1,0.00%,11.75MiB / 128MiB
1790757197,payflow-postgres-1,1.81%,511MiB / 1GiB
1790757197,payflow-mongo-1,0.76%,146.5MiB / 1GiB
1790757197,payflow-kafka-1,7.34%,387.4MiB / 1.5GiB
1790757197,payflow-keycloak-1,0.22%,372.5MiB / 7.757GiB
1790757197,payflow-settlement-rail-1,0.02%,21.19MiB / 256MiB
1790757197,k3d-dev-agent-1-0,7.43%,1.372GiB / 7.757GiB
1790757197,payflow-grafana-1,1.22%,163.1MiB / 512MiB
1790757197,payflow-prometheus-1,0.50%,81.31MiB / 1GiB
1790757197,payflow-tempo-1,2.00%,82.5MiB / 1.5GiB
1790757197,k3d-dev-serverlb,0.00%,2.664MiB / 7.757GiB
1790757197,k3d-dev-agent-0,13.45%,654.7MiB / 7.757GiB
1790757197,k3d-dev-server-0,13.25%,1.955GiB / 7.757GiB
1790757210,payflow-payflow-1,13.83%,492.3MiB / 1.5GiB
1790757210,payflow-postgres-exporter-1,0.00%,12.2MiB / 128MiB
1790757210,payflow-postgres-1,2.05%,511.9MiB / 1GiB
1790757210,payflow-mongo-1,0.72%,149MiB / 1GiB
1790757210,payflow-kafka-1,10.81%,390MiB / 1.5GiB
1790757210,payflow-keycloak-1,0.24%,372.6MiB / 7.757GiB
1790757210,payflow-settlement-rail-1,0.03%,21.21MiB / 256MiB
1790757210,k3d-dev-agent-1-0,3.86%,1.395GiB / 7.757GiB
1790757210,payflow-grafana-1,8.23%,188MiB / 512MiB
1790757210,payflow-prometheus-1,0.23%,83.47MiB / 1GiB
1790757210,payflow-tempo-1,0.35%,82.64MiB / 1.5GiB
1790757210,k3d-dev-serverlb,0.00%,2.676MiB / 7.757GiB
1790757210,k3d-dev-agent-0,9.68%,677.6MiB / 7.757GiB
1790757210,k3d-dev-server-0,8.33%,1.957GiB / 7.757GiB
