1790661145,payflow-payflow-1,116.66%,574.7MiB / 1.5GiB
1790661145,payflow-postgres-exporter-1,0.00%,9.527MiB / 128MiB
1790661145,payflow-postgres-1,10.50%,722.5MiB / 1GiB
1790661145,payflow-mongo-1,0.47%,248.1MiB / 1GiB
1790661145,payflow-keycloak-1,38.59%,777.8MiB / 10.7GiB
1790661145,payflow-kafka-1,8.42%,590.9MiB / 1.5GiB
1790661145,payflow-settlement-rail-1,0.01%,43.31MiB / 256MiB
1790661145,payflow-tempo-1,0.38%,159.7MiB / 1.5GiB
1790661145,payflow-grafana-1,0.61%,324.7MiB / 512MiB
1790661145,payflow-prometheus-1,0.58%,73.2MiB / 1GiB
1790661145,k3d-tiny-url-serverlb,0.00%,25.91MiB / 10.7GiB
1790661145,k3d-tiny-url-server-0,7.53%,1.039GiB / 10.7GiB
1790661145,priceless_carver,9.04%,17.82MiB / 10.7GiB
1790661157,priceless_carver,4.68%,20.32MiB / 10.7GiB
1790661157,payflow-payflow-1,85.19%,576.3MiB / 1.5GiB
1790661157,payflow-postgres-exporter-1,0.00%,9.621MiB / 128MiB
1790661157,payflow-postgres-1,33.66%,723.1MiB / 1GiB
1790661157,payflow-mongo-1,4.12%,248.1MiB / 1GiB
1790661157,payflow-keycloak-1,0.26%,777.9MiB / 10.7GiB
1790661157,payflow-kafka-1,17.40%,595MiB / 1.5GiB
1790661157,payflow-settlement-rail-1,0.71%,43.6MiB / 256MiB
1790661157,payflow-tempo-1,2.31%,162.5MiB / 1.5GiB
1790661157,payflow-grafana-1,1.10%,324.7MiB / 512MiB
1790661157,payflow-prometheus-1,0.18%,73.2MiB / 1GiB
1790661157,k3d-tiny-url-serverlb,0.00%,25.91MiB / 10.7GiB
1790661157,k3d-tiny-url-server-0,17.00%,1.039GiB / 10.7GiB
1790661169,priceless_carver,3.87%,22.57MiB / 10.7GiB
1790661169,payflow-payflow-1,83.26%,577.4MiB / 1.5GiB
1790661169,payflow-postgres-exporter-1,0.00%,8.898MiB / 128MiB
1790661169,payflow-postgres-1,32.25%,723.5MiB / 1GiB
1790661169,payflow-mongo-1,14.88%,375.2MiB / 1GiB
1790661169,payflow-keycloak-1,0.26%,777.8MiB / 10.7GiB
1790661169,payflow-kafka-1,15.00%,598MiB / 1.5GiB
1790661169,payflow-settlement-rail-1,0.87%,43.67MiB / 256MiB
1790661169,payflow-tempo-1,0.44%,160.3MiB / 1.5GiB
1790661169,payflow-grafana-1,1.09%,324.7MiB / 512MiB
1790661169,payflow-prometheus-1,0.42%,73.21MiB / 1GiB
1790661169,k3d-tiny-url-serverlb,0.00%,25.91MiB / 10.7GiB
1790661169,k3d-tiny-url-server-0,10.94%,1.039GiB / 10.7GiB
1790661181,priceless_carver,3.41%,23.12MiB / 10.7GiB
1790661181,payflow-payflow-1,84.93%,578.3MiB / 1.5GiB
1790661181,payflow-postgres-exporter-1,0.00%,9.723MiB / 128MiB
1790661181,payflow-postgres-1,33.30%,713.1MiB / 1GiB
1790661181,payflow-mongo-1,7.97%,248.1MiB / 1GiB
1790661181,payflow-keycloak-1,0.26%,777.8MiB / 10.7GiB
1790661181,payflow-kafka-1,50.89%,601.5MiB / 1.5GiB
1790661181,payflow-settlement-rail-1,0.89%,43.68MiB / 256MiB
1790661181,payflow-tempo-1,1.01%,161.5MiB / 1.5GiB
1790661181,payflow-grafana-1,1.01%,324.7MiB / 512MiB
1790661181,payflow-prometheus-1,0.22%,73.21MiB / 1GiB
1790661181,k3d-tiny-url-serverlb,0.00%,25.91MiB / 10.7GiB
1790661181,k3d-tiny-url-server-0,9.32%,1.04GiB / 10.7GiB
1790661194,priceless_carver,4.53%,23.27MiB / 10.7GiB
1790661194,payflow-payflow-1,61.15%,578.7MiB / 1.5GiB
1790661194,payflow-postgres-exporter-1,0.00%,9.566MiB / 128MiB
1790661194,payflow-postgres-1,26.99%,696.6MiB / 1GiB
1790661194,payflow-mongo-1,3.65%,248.1MiB / 1GiB
1790661194,payflow-keycloak-1,5.31%,778.5MiB / 10.7GiB
1790661194,payflow-kafka-1,182.33%,695.3MiB / 1.5GiB
1790661194,payflow-settlement-rail-1,0.63%,43.74MiB / 256MiB
1790661194,payflow-tempo-1,0.19%,157.7MiB / 1.5GiB
1790661194,payflow-grafana-1,0.67%,324.7MiB / 512MiB
1790661194,payflow-prometheus-1,0.28%,73.22MiB / 1GiB
1790661194,k3d-tiny-url-serverlb,0.00%,25.91MiB / 10.7GiB
1790661194,k3d-tiny-url-server-0,8.76%,1.039GiB / 10.7GiB
1790661206,priceless_carver,7.05%,24.19MiB / 10.7GiB
1790661206,payflow-postgres-exporter-1,1.83%,9.961MiB / 128MiB
1790661206,payflow-postgres-1,0.32%,610.4MiB / 1GiB
1790661206,payflow-mongo-1,0.52%,248.2MiB / 1GiB
1790661206,payflow-keycloak-1,41.81%,778.7MiB / 10.7GiB
1790661206,payflow-kafka-1,9.45%,612MiB / 1.5GiB
1790661206,payflow-settlement-rail-1,0.19%,43.96MiB / 256MiB
1790661206,payflow-tempo-1,0.26%,161.5MiB / 1.5GiB
1790661206,payflow-grafana-1,1.00%,324.7MiB / 512MiB
1790661206,payflow-prometheus-1,0.55%,73.21MiB / 1GiB
1790661206,k3d-tiny-url-serverlb,0.00%,25.91MiB / 10.7GiB
1790661206,k3d-tiny-url-server-0,10.98%,1.04GiB / 10.7GiB
1790661218,priceless_carver,11.39%,60.4MiB / 10.7GiB
1790661218,payflow-postgres-exporter-1,0.00%,8.574MiB / 128MiB
1790661218,payflow-postgres-1,3.08%,610MiB / 1GiB
1790661218,payflow-mongo-1,0.56%,248.2MiB / 1GiB
1790661218,payflow-keycloak-1,40.67%,779.9MiB / 10.7GiB
1790661218,payflow-kafka-1,1.29%,607.3MiB / 1.5GiB
1790661218,payflow-settlement-rail-1,0.02%,43.79MiB / 256MiB
1790661218,payflow-tempo-1,0.35%,161.5MiB / 1.5GiB
1790661218,payflow-grafana-1,1.27%,324.7MiB / 512MiB
1790661218,payflow-prometheus-1,0.53%,73.22MiB / 1GiB
1790661218,k3d-tiny-url-serverlb,0.00%,25.91MiB / 10.7GiB
1790661218,k3d-tiny-url-server-0,17.89%,1.039GiB / 10.7GiB
1790661230,priceless_carver,4.87%,75.54MiB / 10.7GiB
1790661230,payflow-payflow-1,201.68%,402.1MiB / 1.5GiB
1790661230,payflow-postgres-exporter-1,2.08%,9.141MiB / 128MiB
1790661230,payflow-postgres-1,34.00%,660.2MiB / 1GiB
1790661230,payflow-mongo-1,25.80%,248.3MiB / 1GiB
1790661230,payflow-keycloak-1,0.22%,779.8MiB / 10.7GiB
1790661230,payflow-kafka-1,2.30%,607.6MiB / 1.5GiB
1790661230,payflow-settlement-rail-1,0.01%,43.79MiB / 256MiB
1790661230,payflow-tempo-1,0.36%,161.5MiB / 1.5GiB
1790661230,payflow-grafana-1,1.11%,324.7MiB / 512MiB
1790661230,payflow-prometheus-1,0.62%,73.22MiB / 1GiB
1790661230,k3d-tiny-url-serverlb,0.00%,25.91MiB / 10.7GiB
1790661230,k3d-tiny-url-server-0,10.18%,1.039GiB / 10.7GiB
1790661243,priceless_carver,4.38%,86.59MiB / 10.7GiB
1790661243,payflow-payflow-1,200.20%,516MiB / 1.5GiB
1790661243,payflow-postgres-exporter-1,0.00%,8.801MiB / 128MiB
1790661243,payflow-postgres-1,21.95%,669.7MiB / 1GiB
1790661243,payflow-mongo-1,2.32%,248.6MiB / 1GiB
1790661243,payflow-keycloak-1,0.25%,779.8MiB / 10.7GiB
1790661243,payflow-kafka-1,7.56%,622.1MiB / 1.5GiB
1790661243,payflow-settlement-rail-1,0.30%,43.79MiB / 256MiB
1790661243,payflow-tempo-1,0.22%,161.5MiB / 1.5GiB
1790661243,payflow-grafana-1,1.22%,324.7MiB / 512MiB
1790661243,payflow-prometheus-1,1.36%,73.69MiB / 1GiB
1790661243,k3d-tiny-url-serverlb,0.00%,25.91MiB / 10.7GiB
1790661243,k3d-tiny-url-server-0,11.54%,1.04GiB / 10.7GiB
1790661255,priceless_carver,3.21%,89.9MiB / 10.7GiB
1790661255,payflow-payflow-1,200.67%,535.6MiB / 1.5GiB
1790661255,payflow-postgres-exporter-1,0.00%,10.33MiB / 128MiB
1790661255,payflow-postgres-1,27.68%,668.9MiB / 1GiB
1790661255,payflow-mongo-1,7.48%,248.8MiB / 1GiB
1790661255,payflow-keycloak-1,0.23%,779.8MiB / 10.7GiB
1790661255,payflow-kafka-1,20.72%,612.6MiB / 1.5GiB
1790661255,payflow-settlement-rail-1,0.76%,43.87MiB / 256MiB
1790661255,payflow-tempo-1,1.29%,160.7MiB / 1.5GiB
1790661255,payflow-grafana-1,1.38%,324.7MiB / 512MiB
1790661255,payflow-prometheus-1,1.19%,73.7MiB / 1GiB
1790661255,k3d-tiny-url-serverlb,0.00%,25.91MiB / 10.7GiB
1790661255,k3d-tiny-url-server-0,13.10%,1.04GiB / 10.7GiB
1790661267,priceless_carver,4.63%,96.49MiB / 10.7GiB
1790661267,payflow-payflow-1,192.75%,550.5MiB / 1.5GiB
1790661267,payflow-postgres-exporter-1,0.00%,9.176MiB / 128MiB
1790661267,payflow-postgres-1,31.15%,657.1MiB / 1GiB
1790661267,payflow-mongo-1,7.97%,248.4MiB / 1GiB
1790661267,payflow-keycloak-1,0.18%,779.8MiB / 10.7GiB
1790661267,payflow-kafka-1,188.37%,732.1MiB / 1.5GiB
1790661267,payflow-settlement-rail-1,1.05%,44.57MiB / 256MiB
1790661267,payflow-tempo-1,1.09%,161.6MiB / 1.5GiB
1790661267,payflow-grafana-1,0.75%,324.7MiB / 512MiB
1790661267,payflow-prometheus-1,0.18%,72.7MiB / 1GiB
1790661267,k3d-tiny-url-serverlb,0.00%,25.91MiB / 10.7GiB
1790661267,k3d-tiny-url-server-0,7.93%,1.04GiB / 10.7GiB
1790661279,priceless_carver,4.21%,96.64MiB / 10.7GiB
1790661279,payflow-payflow-1,202.75%,551.5MiB / 1.5GiB
1790661279,payflow-postgres-exporter-1,0.00%,10.02MiB / 128MiB
1790661279,payflow-postgres-1,45.97%,642.4MiB / 1GiB
1790661279,payflow-mongo-1,52.91%,248.4MiB / 1GiB
1790661279,payflow-keycloak-1,0.20%,779.8MiB / 10.7GiB
1790661279,payflow-kafka-1,23.19%,614.9MiB / 1.5GiB
1790661279,payflow-settlement-rail-1,1.19%,44.82MiB / 256MiB
1790661279,payflow-tempo-1,3.16%,156.5MiB / 1.5GiB
1790661279,payflow-grafana-1,1.10%,324.7MiB / 512MiB
1790661279,payflow-prometheus-1,0.67%,72.71MiB / 1GiB
1790661279,k3d-tiny-url-serverlb,0.00%,25.91MiB / 10.7GiB
1790661279,k3d-tiny-url-server-0,15.07%,1.041GiB / 10.7GiB
1790661292,priceless_carver,4.03%,98.06MiB / 10.7GiB
1790661292,payflow-payflow-1,196.60%,566.2MiB / 1.5GiB
1790661292,payflow-postgres-exporter-1,0.00%,9.246MiB / 128MiB
1790661292,payflow-postgres-1,48.22%,629.5MiB / 1GiB
1790661292,payflow-mongo-1,8.40%,248.2MiB / 1GiB
1790661292,payflow-keycloak-1,0.25%,779.7MiB / 10.7GiB
1790661292,payflow-kafka-1,21.78%,616.2MiB / 1.5GiB
1790661292,payflow-settlement-rail-1,1.02%,44.82MiB / 256MiB
1790661292,payflow-tempo-1,2.68%,157.3MiB / 1.5GiB
1790661292,payflow-grafana-1,1.26%,324.7MiB / 512MiB
1790661292,payflow-prometheus-1,0.26%,72.71MiB / 1GiB
1790661292,k3d-tiny-url-serverlb,0.00%,25.91MiB / 10.7GiB
1790661292,k3d-tiny-url-server-0,13.63%,1.041GiB / 10.7GiB
1790661304,priceless_carver,4.99%,98.12MiB / 10.7GiB
1790661304,payflow-payflow-1,197.05%,561.8MiB / 1.5GiB
1790661304,payflow-postgres-exporter-1,0.00%,9.23MiB / 128MiB
1790661304,payflow-postgres-1,57.59%,632.1MiB / 1GiB
1790661304,payflow-mongo-1,5.55%,248.2MiB / 1GiB
1790661304,payflow-keycloak-1,0.26%,779.7MiB / 10.7GiB
1790661304,payflow-kafka-1,22.16%,620.5MiB / 1.5GiB
1790661304,payflow-settlement-rail-1,1.92%,44.89MiB / 256MiB
1790661304,payflow-tempo-1,1.66%,160.7MiB / 1.5GiB
1790661304,payflow-grafana-1,1.25%,324.7MiB / 512MiB
1790661304,payflow-prometheus-1,0.44%,72.71MiB / 1GiB
1790661304,k3d-tiny-url-serverlb,0.00%,25.91MiB / 10.7GiB
1790661304,k3d-tiny-url-server-0,11.88%,1.041GiB / 10.7GiB
1790661316,priceless_carver,6.20%,98.92MiB / 10.7GiB
1790661316,payflow-payflow-1,205.82%,562.9MiB / 1.5GiB
1790661316,payflow-postgres-exporter-1,0.97%,9.918MiB / 128MiB
1790661316,payflow-postgres-1,71.62%,654.3MiB / 1GiB
1790661316,payflow-mongo-1,8.46%,248.2MiB / 1GiB
1790661316,payflow-keycloak-1,0.26%,779.7MiB / 10.7GiB
1790661316,payflow-kafka-1,28.67%,628.9MiB / 1.5GiB
1790661316,payflow-settlement-rail-1,2.97%,44.98MiB / 256MiB
1790661316,payflow-tempo-1,0.57%,158.1MiB / 1.5GiB
1790661316,payflow-grafana-1,1.47%,324.7MiB / 512MiB
1790661316,payflow-prometheus-1,0.58%,72.71MiB / 1GiB
1790661316,k3d-tiny-url-serverlb,0.00%,25.91MiB / 10.7GiB
1790661316,k3d-tiny-url-server-0,12.70%,1.041GiB / 10.7GiB
1790661328,payflow-payflow-1,109.65%,562.6MiB / 1.5GiB
1790661328,payflow-postgres-exporter-1,0.00%,11.21MiB / 128MiB
1790661328,payflow-postgres-1,46.56%,654.9MiB / 1GiB
1790661328,payflow-mongo-1,0.44%,248.4MiB / 1GiB
1790661328,payflow-keycloak-1,0.21%,779.6MiB / 10.7GiB
1790661328,payflow-kafka-1,191.86%,720.8MiB / 1.5GiB
1790661328,payflow-settlement-rail-1,0.92%,45.09MiB / 256MiB
1790661328,payflow-tempo-1,1.70%,162MiB / 1.5GiB
1790661328,payflow-grafana-1,0.71%,324.7MiB / 512MiB
1790661328,payflow-prometheus-1,0.24%,72.71MiB / 1GiB
1790661328,k3d-tiny-url-serverlb,0.00%,25.91MiB / 10.7GiB
1790661328,k3d-tiny-url-server-0,7.37%,1.042GiB / 10.7GiB
1790661341,payflow-payflow-1,7.02%,558.5MiB / 1.5GiB
1790661341,payflow-postgres-exporter-1,1.68%,8.766MiB / 128MiB
1790661341,payflow-postgres-1,4.99%,654.9MiB / 1GiB
1790661341,payflow-mongo-1,19.31%,248.4MiB / 1GiB
1790661341,payflow-keycloak-1,0.17%,779.6MiB / 10.7GiB
1790661341,payflow-kafka-1,33.30%,646.5MiB / 1.5GiB
1790661341,payflow-settlement-rail-1,0.02%,45.09MiB / 256MiB
1790661341,payflow-tempo-1,0.35%,162.2MiB / 1.5GiB
1790661341,payflow-grafana-1,1.37%,324.7MiB / 512MiB
1790661341,payflow-prometheus-1,0.53%,72.72MiB / 1GiB
1790661341,k3d-tiny-url-serverlb,0.00%,25.91MiB / 10.7GiB
1790661341,k3d-tiny-url-server-0,13.62%,1.041GiB / 10.7GiB
1790661353,payflow-payflow-1,11.02%,558.5MiB / 1.5GiB
1790661353,payflow-postgres-exporter-1,0.00%,9.68MiB / 128MiB
1790661353,payflow-postgres-1,1.95%,655.1MiB / 1GiB
1790661353,payflow-mongo-1,0.97%,248.2MiB / 1GiB
1790661353,payflow-keycloak-1,0.24%,779.5MiB / 10.7GiB
1790661353,payflow-kafka-1,4.39%,624.7MiB / 1.5GiB
1790661353,payflow-settlement-rail-1,0.02%,45.09MiB / 256MiB
1790661353,payflow-tempo-1,0.47%,162.2MiB / 1.5GiB
1790661353,payflow-grafana-1,1.58%,324.7MiB / 512MiB
1790661353,payflow-prometheus-1,0.92%,72.72MiB / 1GiB
1790661353,k3d-tiny-url-serverlb,0.00%,25.91MiB / 10.7GiB
1790661353,k3d-tiny-url-server-0,19.64%,1.042GiB / 10.7GiB
