1790755158,payflow-payflow-1,32.49%,456.4MiB / 1.5GiB
1790755158,payflow-postgres-exporter-1,0.00%,9.84MiB / 128MiB
1790755158,payflow-postgres-1,22.25%,56.16MiB / 1GiB
1790755158,payflow-kafka-1,30.09%,298.3MiB / 1.5GiB
1790755158,payflow-mongo-1,78.34%,122.2MiB / 1GiB
1790755158,payflow-keycloak-1,32.16%,641.5MiB / 7.757GiB
1790755158,payflow-settlement-rail-1,0.02%,11.29MiB / 256MiB
1790755158,k3d-dev-agent-1-0,131.95%,728MiB / 7.757GiB
1790755158,payflow-grafana-1,1.20%,85.45MiB / 512MiB
1790755158,payflow-prometheus-1,0.48%,86.67MiB / 1GiB
1790755158,payflow-tempo-1,2.17%,56MiB / 1.5GiB
1790755158,k3d-dev-serverlb,0.11%,3.75MiB / 7.757GiB
1790755158,k3d-dev-agent-0,79.16%,868.5MiB / 7.757GiB
1790755158,k3d-dev-server-0,103.16%,2.34GiB / 7.757GiB
1790755158,zen_heyrovsky,1.13%,18.37MiB / 7.757GiB
1790755171,zen_heyrovsky,3.02%,25.65MiB / 7.757GiB
1790755171,payflow-payflow-1,112.85%,501.7MiB / 1.5GiB
1790755171,payflow-postgres-exporter-1,1.56%,11.27MiB / 128MiB
1790755171,payflow-postgres-1,10.31%,61MiB / 1GiB
1790755171,payflow-kafka-1,100.53%,382.4MiB / 1.5GiB
1790755171,payflow-mongo-1,24.74%,120.8MiB / 1GiB
1790755171,payflow-keycloak-1,46.76%,742.2MiB / 7.757GiB
1790755171,payflow-settlement-rail-1,0.03%,10.95MiB / 256MiB
1790755171,k3d-dev-agent-1-0,227.16%,1.097GiB / 7.757GiB
1790755171,payflow-grafana-1,0.77%,80.13MiB / 512MiB
1790755171,payflow-prometheus-1,1.90%,78.09MiB / 1GiB
1790755171,payflow-tempo-1,1.19%,58.79MiB / 1.5GiB
1790755171,k3d-dev-serverlb,0.00%,3.746MiB / 7.757GiB
1790755171,k3d-dev-agent-0,64.43%,825.9MiB / 7.757GiB
1790755171,k3d-dev-server-0,13.31%,2.259GiB / 7.757GiB
1790755183,zen_heyrovsky,4.06%,26.61MiB / 7.757GiB
1790755183,payflow-payflow-1,163.30%,558.1MiB / 1.5GiB
1790755183,payflow-postgres-exporter-1,0.00%,10.19MiB / 128MiB
1790755183,payflow-postgres-1,26.26%,80.36MiB / 1GiB
1790755183,payflow-kafka-1,59.00%,250.9MiB / 1.5GiB
1790755183,payflow-mongo-1,35.58%,231.5MiB / 1GiB
1790755183,payflow-keycloak-1,0.27%,627.9MiB / 7.757GiB
1790755183,payflow-settlement-rail-1,3.17%,27.27MiB / 256MiB
1790755183,k3d-dev-agent-1-0,97.79%,1.249GiB / 7.757GiB
1790755183,payflow-grafana-1,0.80%,119MiB / 512MiB
1790755183,payflow-prometheus-1,0.23%,50.95MiB / 1GiB
1790755183,payflow-tempo-1,2.13%,52.07MiB / 1.5GiB
1790755183,k3d-dev-serverlb,0.00%,3.379MiB / 7.757GiB
1790755183,k3d-dev-agent-0,93.71%,814.2MiB / 7.757GiB
1790755183,k3d-dev-server-0,113.23%,2.316GiB / 7.757GiB
1790755198,zen_heyrovsky,3.75%,32.66MiB / 7.757GiB
1790755198,payflow-payflow-1,192.19%,587.1MiB / 1.5GiB
1790755198,payflow-postgres-exporter-1,0.01%,11.31MiB / 128MiB
1790755198,payflow-postgres-1,30.86%,102.2MiB / 1GiB
1790755198,payflow-kafka-1,29.50%,342.5MiB / 1.5GiB
1790755198,payflow-mongo-1,4.67%,148.7MiB / 1GiB
1790755198,payflow-keycloak-1,0.24%,377.8MiB / 7.757GiB
1790755198,payflow-settlement-rail-1,0.02%,28.32MiB / 256MiB
1790755198,k3d-dev-agent-1-0,7.89%,1.3GiB / 7.757GiB
1790755198,payflow-grafana-1,0.88%,130.8MiB / 512MiB
1790755198,payflow-prometheus-1,2.14%,68.78MiB / 1GiB
1790755198,payflow-tempo-1,1.51%,77.91MiB / 1.5GiB
1790755198,k3d-dev-serverlb,0.00%,3.648MiB / 7.757GiB
1790755198,k3d-dev-agent-0,158.44%,943.3MiB / 7.757GiB
1790755198,k3d-dev-server-0,10.75%,2.264GiB / 7.757GiB
1790755211,zen_heyrovsky,4.44%,36.14MiB / 7.757GiB
1790755211,payflow-payflow-1,168.77%,584.3MiB / 1.5GiB
1790755211,payflow-postgres-exporter-1,0.00%,11.68MiB / 128MiB
1790755211,payflow-postgres-1,27.60%,107.9MiB / 1GiB
1790755211,payflow-kafka-1,37.31%,346.5MiB / 1.5GiB
1790755211,payflow-mongo-1,4.67%,137.2MiB / 1GiB
1790755211,payflow-keycloak-1,0.28%,402.2MiB / 7.757GiB
1790755211,payflow-settlement-rail-1,0.02%,28.03MiB / 256MiB
1790755211,k3d-dev-agent-1-0,6.92%,1.301GiB / 7.757GiB
1790755211,payflow-grafana-1,0.78%,156.3MiB / 512MiB
1790755211,payflow-prometheus-1,0.71%,70.82MiB / 1GiB
1790755211,payflow-tempo-1,0.92%,75.99MiB / 1.5GiB
1790755211,k3d-dev-serverlb,0.00%,3.613MiB / 7.757GiB
1790755211,k3d-dev-agent-0,124.06%,906.4MiB / 7.757GiB
1790755211,k3d-dev-server-0,10.74%,2.311GiB / 7.757GiB
1790755228,zen_heyrovsky,3.29%,38.23MiB / 7.757GiB
1790755228,payflow-payflow-1,85.20%,588.2MiB / 1.5GiB
1790755228,payflow-postgres-exporter-1,0.00%,11.57MiB / 128MiB
1790755228,payflow-postgres-1,24.15%,112.9MiB / 1GiB
1790755228,payflow-kafka-1,15.22%,344.9MiB / 1.5GiB
1790755228,payflow-mongo-1,4.31%,149.4MiB / 1GiB
1790755228,payflow-keycloak-1,0.19%,403.4MiB / 7.757GiB
1790755228,payflow-settlement-rail-1,0.04%,28.05MiB / 256MiB
1790755228,k3d-dev-agent-1-0,263.36%,1.139GiB / 7.757GiB
1790755228,payflow-grafana-1,0.71%,176.5MiB / 512MiB
1790755228,payflow-prometheus-1,0.22%,71.64MiB / 1GiB
1790755228,payflow-tempo-1,0.18%,75.77MiB / 1.5GiB
1790755228,k3d-dev-serverlb,0.00%,3.809MiB / 7.757GiB
1790755228,k3d-dev-agent-0,5.22%,911.4MiB / 7.757GiB
1790755228,k3d-dev-server-0,14.74%,2.327GiB / 7.757GiB
1790755241,zen_heyrovsky,3.65%,36.66MiB / 7.757GiB
1790755241,payflow-payflow-1,66.91%,586.6MiB / 1.5GiB
1790755241,payflow-postgres-exporter-1,0.00%,10.71MiB / 128MiB
1790755241,payflow-postgres-1,37.29%,112.7MiB / 1GiB
1790755241,payflow-kafka-1,197.46%,418.8MiB / 1.5GiB
1790755241,payflow-mongo-1,4.29%,137.8MiB / 1GiB
1790755241,payflow-keycloak-1,0.23%,397.1MiB / 7.757GiB
1790755241,payflow-settlement-rail-1,0.02%,27.82MiB / 256MiB
1790755241,k3d-dev-agent-1-0,8.81%,1.358GiB / 7.757GiB
1790755241,payflow-grafana-1,0.75%,164.1MiB / 512MiB
1790755241,payflow-prometheus-1,0.20%,69.11MiB / 1GiB
1790755241,payflow-tempo-1,0.65%,76.8MiB / 1.5GiB
1790755241,k3d-dev-serverlb,0.00%,3.773MiB / 7.757GiB
1790755241,k3d-dev-agent-0,8.94%,879.9MiB / 7.757GiB
1790755241,k3d-dev-server-0,11.43%,1.914GiB / 7.757GiB
1790755253,zen_heyrovsky,4.40%,37.04MiB / 7.757GiB
1790755253,payflow-payflow-1,68.91%,588.5MiB / 1.5GiB
1790755253,payflow-postgres-exporter-1,0.00%,11.9MiB / 128MiB
1790755253,payflow-postgres-1,15.82%,116MiB / 1GiB
1790755253,payflow-kafka-1,16.28%,349.9MiB / 1.5GiB
1790755253,payflow-mongo-1,4.33%,152.7MiB / 1GiB
1790755253,payflow-keycloak-1,0.23%,397.6MiB / 7.757GiB
1790755253,payflow-settlement-rail-1,0.03%,27.42MiB / 256MiB
1790755253,k3d-dev-agent-1-0,5.16%,1.357GiB / 7.757GiB
1790755253,payflow-grafana-1,0.80%,164.5MiB / 512MiB
1790755253,payflow-prometheus-1,0.32%,69.25MiB / 1GiB
1790755253,payflow-tempo-1,0.27%,79.62MiB / 1.5GiB
1790755253,k3d-dev-serverlb,0.00%,3.797MiB / 7.757GiB
1790755253,k3d-dev-agent-0,18.29%,875.2MiB / 7.757GiB
1790755253,k3d-dev-server-0,15.50%,1.916GiB / 7.757GiB
1790755268,zen_heyrovsky,3.63%,37.68MiB / 7.757GiB
1790755268,payflow-payflow-1,58.03%,589.5MiB / 1.5GiB
1790755268,payflow-postgres-exporter-1,0.00%,11.31MiB / 128MiB
1790755268,payflow-postgres-1,19.30%,121.3MiB / 1GiB
1790755268,payflow-kafka-1,15.22%,361.1MiB / 1.5GiB
1790755268,payflow-mongo-1,39.08%,306.3MiB / 1GiB
1790755268,payflow-keycloak-1,0.24%,399.1MiB / 7.757GiB
1790755268,payflow-settlement-rail-1,0.02%,27.58MiB / 256MiB
1790755268,k3d-dev-agent-1-0,3.70%,1.38GiB / 7.757GiB
1790755268,payflow-grafana-1,1.58%,177.3MiB / 512MiB
1790755268,payflow-prometheus-1,0.17%,71.48MiB / 1GiB
1790755268,payflow-tempo-1,0.24%,83.61MiB / 1.5GiB
1790755268,k3d-dev-serverlb,0.00%,3.863MiB / 7.757GiB
1790755268,k3d-dev-agent-0,5.36%,891.6MiB / 7.757GiB
1790755268,k3d-dev-server-0,21.29%,1.938GiB / 7.757GiB
1790755280,zen_heyrovsky,7.54%,37.96MiB / 7.757GiB
1790755280,payflow-payflow-1,73.73%,590.9MiB / 1.5GiB
1790755280,payflow-postgres-exporter-1,0.00%,12.56MiB / 128MiB
1790755280,payflow-postgres-1,26.77%,125.2MiB / 1GiB
1790755280,payflow-kafka-1,19.81%,353.7MiB / 1.5GiB
1790755280,payflow-mongo-1,5.28%,154.6MiB / 1GiB
1790755280,payflow-keycloak-1,0.29%,399.4MiB / 7.757GiB
1790755280,payflow-settlement-rail-1,0.03%,27.62MiB / 256MiB
1790755280,k3d-dev-agent-1-0,5.13%,1.381GiB / 7.757GiB
1790755280,payflow-grafana-1,1.14%,177.8MiB / 512MiB
1790755280,payflow-prometheus-1,0.26%,72.83MiB / 1GiB
1790755280,payflow-tempo-1,0.30%,81.77MiB / 1.5GiB
1790755280,k3d-dev-serverlb,0.00%,3.883MiB / 7.757GiB
1790755280,k3d-dev-agent-0,8.76%,896.2MiB / 7.757GiB
1790755280,k3d-dev-server-0,13.87%,1.939GiB / 7.757GiB
1790755295,zen_heyrovsky,3.29%,38.04MiB / 7.757GiB
1790755295,payflow-payflow-1,85.51%,591.6MiB / 1.5GiB
1790755295,payflow-postgres-exporter-1,0.50%,11.16MiB / 128MiB
1790755295,payflow-postgres-1,20.52%,127.1MiB / 1GiB
1790755295,payflow-kafka-1,15.66%,355.5MiB / 1.5GiB
1790755295,payflow-mongo-1,4.31%,161.6MiB / 1GiB
1790755295,payflow-keycloak-1,0.22%,400MiB / 7.757GiB
1790755295,payflow-settlement-rail-1,0.02%,27.68MiB / 256MiB
1790755295,k3d-dev-agent-1-0,5.09%,1.38GiB / 7.757GiB
1790755295,payflow-grafana-1,0.76%,178.3MiB / 512MiB
1790755295,payflow-prometheus-1,0.43%,74.55MiB / 1GiB
1790755295,payflow-tempo-1,1.09%,82.12MiB / 1.5GiB
1790755295,k3d-dev-serverlb,0.00%,3.906MiB / 7.757GiB
1790755295,k3d-dev-agent-0,6.75%,897.7MiB / 7.757GiB
1790755295,k3d-dev-server-0,8.22%,1.94GiB / 7.757GiB
1790755295,suspicious_banzai,122.09%,163.8MiB / 7.757GiB
1790755309,suspicious_banzai,228.57%,719.7MiB / 7.757GiB
1790755309,zen_heyrovsky,2.88%,32.64MiB / 7.757GiB
1790755309,payflow-payflow-1,61.48%,587MiB / 1.5GiB
1790755309,payflow-postgres-exporter-1,1.63%,10.51MiB / 128MiB
1790755309,payflow-postgres-1,23.62%,118.4MiB / 1GiB
1790755309,payflow-kafka-1,11.85%,319.4MiB / 1.5GiB
1790755309,payflow-mongo-1,16.02%,205.3MiB / 1GiB
1790755309,payflow-keycloak-1,0.21%,359.8MiB / 7.757GiB
1790755309,payflow-settlement-rail-1,0.08%,24.61MiB / 256MiB
1790755309,k3d-dev-agent-1-0,5.13%,1.307GiB / 7.757GiB
1790755309,payflow-grafana-1,0.71%,167.2MiB / 512MiB
1790755309,payflow-prometheus-1,1.74%,66.38MiB / 1GiB
1790755309,payflow-tempo-1,0.21%,74.22MiB / 1.5GiB
1790755309,k3d-dev-serverlb,0.00%,3.652MiB / 7.757GiB
1790755309,k3d-dev-agent-0,5.48%,818.1MiB / 7.757GiB
1790755309,k3d-dev-server-0,7.43%,1.866GiB / 7.757GiB
1790755321,suspicious_banzai,35.89%,643.7MiB / 7.757GiB
1790755321,zen_heyrovsky,3.04%,33.8MiB / 7.757GiB
1790755321,payflow-payflow-1,81.78%,569.1MiB / 1.5GiB
1790755321,payflow-postgres-exporter-1,0.00%,10.93MiB / 128MiB
1790755321,payflow-postgres-1,27.04%,119.3MiB / 1GiB
1790755321,payflow-kafka-1,53.01%,313.1MiB / 1.5GiB
1790755321,payflow-mongo-1,27.30%,137MiB / 1GiB
1790755321,payflow-keycloak-1,0.72%,341MiB / 7.757GiB
1790755321,payflow-settlement-rail-1,11.21%,33.17MiB / 256MiB
1790755321,k3d-dev-agent-1-0,3.92%,1.311GiB / 7.757GiB
1790755321,payflow-grafana-1,0.59%,154MiB / 512MiB
1790755321,payflow-prometheus-1,0.17%,72.2MiB / 1GiB
1790755321,payflow-tempo-1,2.08%,76.65MiB / 1.5GiB
1790755321,k3d-dev-serverlb,0.00%,3.523MiB / 7.757GiB
1790755321,k3d-dev-agent-0,2.91%,815.1MiB / 7.757GiB
1790755321,k3d-dev-server-0,16.97%,1.852GiB / 7.757GiB
1790755335,suspicious_banzai,84.93%,679.9MiB / 7.757GiB
1790755335,zen_heyrovsky,4.35%,34.5MiB / 7.757GiB
1790755335,payflow-payflow-1,120.40%,562.5MiB / 1.5GiB
1790755335,payflow-postgres-exporter-1,0.00%,11.45MiB / 128MiB
1790755335,payflow-postgres-1,33.34%,129.5MiB / 1GiB
1790755335,payflow-kafka-1,153.86%,403MiB / 1.5GiB
1790755335,payflow-mongo-1,3.85%,135.8MiB / 1GiB
1790755335,payflow-keycloak-1,0.18%,333.5MiB / 7.757GiB
1790755335,payflow-settlement-rail-1,3.78%,27.59MiB / 256MiB
1790755335,k3d-dev-agent-1-0,3.60%,1.32GiB / 7.757GiB
1790755335,payflow-grafana-1,0.68%,164.4MiB / 512MiB
1790755335,payflow-prometheus-1,0.26%,76.18MiB / 1GiB
1790755335,payflow-tempo-1,0.20%,77MiB / 1.5GiB
1790755335,k3d-dev-serverlb,0.00%,3.441MiB / 7.757GiB
1790755335,k3d-dev-agent-0,11.06%,827.4MiB / 7.757GiB
1790755335,k3d-dev-server-0,12.35%,1.86GiB / 7.757GiB
1790755348,suspicious_banzai,20.91%,739.4MiB / 7.757GiB
1790755348,zen_heyrovsky,4.16%,33.96MiB / 7.757GiB
1790755348,payflow-payflow-1,97.56%,549.9MiB / 1.5GiB
1790755348,payflow-postgres-exporter-1,0.00%,11.67MiB / 128MiB
1790755348,payflow-postgres-1,40.90%,137.5MiB / 1GiB
1790755348,payflow-kafka-1,18.66%,326.6MiB / 1.5GiB
1790755348,payflow-mongo-1,3.62%,136.8MiB / 1GiB
1790755348,payflow-keycloak-1,0.20%,316.5MiB / 7.757GiB
1790755348,payflow-settlement-rail-1,5.84%,30.62MiB / 256MiB
1790755348,k3d-dev-agent-1-0,7.87%,1.312GiB / 7.757GiB
1790755348,payflow-grafana-1,1.00%,188.9MiB / 512MiB
1790755348,payflow-prometheus-1,1.03%,71.54MiB / 1GiB
1790755348,payflow-tempo-1,0.82%,69.52MiB / 1.5GiB
1790755348,k3d-dev-serverlb,0.00%,3.359MiB / 7.757GiB
1790755348,k3d-dev-agent-0,8.75%,830.7MiB / 7.757GiB
1790755348,k3d-dev-server-0,11.76%,1.849GiB / 7.757GiB
1790755360,suspicious_banzai,42.99%,747.4MiB / 7.757GiB
1790755360,zen_heyrovsky,3.45%,33.82MiB / 7.757GiB
1790755360,payflow-payflow-1,96.57%,544.9MiB / 1.5GiB
1790755360,payflow-postgres-exporter-1,0.00%,11.02MiB / 128MiB
1790755360,payflow-postgres-1,40.93%,136.3MiB / 1GiB
1790755360,payflow-kafka-1,19.86%,334.1MiB / 1.5GiB
1790755360,payflow-mongo-1,4.11%,148.5MiB / 1GiB
1790755360,payflow-keycloak-1,0.22%,303.3MiB / 7.757GiB
1790755360,payflow-settlement-rail-1,2.00%,28.01MiB / 256MiB
1790755360,k3d-dev-agent-1-0,4.90%,1.314GiB / 7.757GiB
1790755360,payflow-grafana-1,0.95%,173.2MiB / 512MiB
1790755360,payflow-prometheus-1,0.33%,70.06MiB / 1GiB
1790755360,payflow-tempo-1,1.89%,73MiB / 1.5GiB
1790755360,k3d-dev-serverlb,0.00%,3.277MiB / 7.757GiB
1790755360,k3d-dev-agent-0,13.37%,826MiB / 7.757GiB
1790755360,k3d-dev-server-0,14.08%,1.828GiB / 7.757GiB
1790755374,suspicious_banzai,25.01%,779.8MiB / 7.757GiB
1790755374,zen_heyrovsky,3.75%,33.73MiB / 7.757GiB
1790755374,payflow-payflow-1,95.20%,544.6MiB / 1.5GiB
1790755374,payflow-postgres-exporter-1,0.00%,12.05MiB / 128MiB
1790755374,payflow-postgres-1,41.90%,143.9MiB / 1GiB
1790755374,payflow-kafka-1,17.52%,333.7MiB / 1.5GiB
1790755374,payflow-mongo-1,3.09%,142.3MiB / 1GiB
1790755374,payflow-keycloak-1,0.20%,291.8MiB / 7.757GiB
1790755374,payflow-settlement-rail-1,3.33%,34MiB / 256MiB
1790755374,k3d-dev-agent-1-0,6.75%,1.312GiB / 7.757GiB
1790755374,payflow-grafana-1,0.77%,167.4MiB / 512MiB
1790755374,payflow-prometheus-1,0.16%,67.36MiB / 1GiB
1790755374,payflow-tempo-1,0.87%,75.26MiB / 1.5GiB
1790755374,k3d-dev-serverlb,0.00%,3.223MiB / 7.757GiB
1790755374,k3d-dev-agent-0,4.47%,842.1MiB / 7.757GiB
1790755374,k3d-dev-server-0,14.21%,1.84GiB / 7.757GiB
1790755387,suspicious_banzai,1.35%,792.8MiB / 7.757GiB
1790755387,zen_heyrovsky,3.61%,31.99MiB / 7.757GiB
1790755387,payflow-payflow-1,52.85%,533MiB / 1.5GiB
1790755387,payflow-postgres-exporter-1,0.00%,11.23MiB / 128MiB
1790755387,payflow-postgres-1,20.03%,142.7MiB / 1GiB
1790755387,payflow-kafka-1,138.52%,413.8MiB / 1.5GiB
1790755387,payflow-mongo-1,5.87%,136.9MiB / 1GiB
1790755387,payflow-keycloak-1,0.24%,257MiB / 7.757GiB
1790755387,payflow-settlement-rail-1,0.68%,27.24MiB / 256MiB
1790755387,k3d-dev-agent-1-0,4.23%,1.307GiB / 7.757GiB
1790755387,payflow-grafana-1,0.78%,145.5MiB / 512MiB
1790755387,payflow-prometheus-1,0.25%,63.99MiB / 1GiB
1790755387,payflow-tempo-1,0.31%,73.25MiB / 1.5GiB
1790755387,k3d-dev-serverlb,0.00%,3.027MiB / 7.757GiB
1790755387,k3d-dev-agent-0,10.27%,814.9MiB / 7.757GiB
1790755387,k3d-dev-server-0,14.45%,1.862GiB / 7.757GiB
1790755401,suspicious_banzai,4.69%,786.7MiB / 7.757GiB
1790755401,zen_heyrovsky,3.83%,32.91MiB / 7.757GiB
1790755401,payflow-payflow-1,143.07%,541.6MiB / 1.5GiB
1790755401,payflow-postgres-exporter-1,2.23%,11.82MiB / 128MiB
1790755401,payflow-postgres-1,49.88%,157.7MiB / 1GiB
1790755401,payflow-kafka-1,22.55%,327.5MiB / 1.5GiB
1790755401,payflow-mongo-1,35.03%,292.7MiB / 1GiB
1790755401,payflow-keycloak-1,0.21%,254.4MiB / 7.757GiB
1790755401,payflow-settlement-rail-1,1.35%,32.89MiB / 256MiB
1790755401,k3d-dev-agent-1-0,7.67%,1.32GiB / 7.757GiB
1790755401,payflow-grafana-1,2.24%,177.1MiB / 512MiB
1790755401,payflow-prometheus-1,1.62%,65.42MiB / 1GiB
1790755401,payflow-tempo-1,3.59%,73.02MiB / 1.5GiB
1790755401,k3d-dev-serverlb,0.00%,3.012MiB / 7.757GiB
1790755401,k3d-dev-agent-0,10.97%,823.8MiB / 7.757GiB
1790755401,k3d-dev-server-0,13.49%,1.876GiB / 7.757GiB
1790755412,suspicious_banzai,98.55%,758.7MiB / 7.757GiB
1790755412,zen_heyrovsky,2.74%,33.4MiB / 7.757GiB
1790755412,payflow-payflow-1,83.19%,534MiB / 1.5GiB
1790755412,payflow-postgres-exporter-1,0.00%,11.64MiB / 128MiB
1790755412,payflow-postgres-1,32.89%,160.7MiB / 1GiB
1790755412,payflow-kafka-1,18.21%,317.3MiB / 1.5GiB
1790755412,payflow-mongo-1,16.18%,126MiB / 1GiB
1790755412,payflow-keycloak-1,67.09%,336.4MiB / 7.757GiB
1790755412,payflow-settlement-rail-1,2.33%,44.24MiB / 256MiB
1790755412,k3d-dev-agent-1-0,5.36%,1.315GiB / 7.757GiB
1790755412,payflow-grafana-1,0.87%,159.8MiB / 512MiB
1790755412,payflow-prometheus-1,0.19%,65.43MiB / 1GiB
1790755412,payflow-tempo-1,0.39%,73.59MiB / 1.5GiB
1790755412,k3d-dev-serverlb,0.00%,3.242MiB / 7.757GiB
1790755412,k3d-dev-agent-0,10.93%,820.7MiB / 7.757GiB
1790755412,k3d-dev-server-0,15.85%,1.872GiB / 7.757GiB
1790755425,zen_heyrovsky,4.43%,34.49MiB / 7.757GiB
1790755425,payflow-payflow-1,111.00%,536.3MiB / 1.5GiB
1790755425,payflow-postgres-exporter-1,1.96%,11.33MiB / 128MiB
1790755425,payflow-postgres-1,45.46%,165.1MiB / 1GiB
1790755425,payflow-kafka-1,20.35%,340.2MiB / 1.5GiB
1790755425,payflow-mongo-1,3.53%,152.2MiB / 1GiB
1790755425,payflow-keycloak-1,0.22%,470.4MiB / 7.757GiB
1790755425,payflow-settlement-rail-1,2.54%,29.24MiB / 256MiB
1790755425,k3d-dev-agent-1-0,34.86%,1.32GiB / 7.757GiB
1790755425,payflow-grafana-1,0.98%,156MiB / 512MiB
1790755425,payflow-prometheus-1,1.70%,68.35MiB / 1GiB
1790755425,payflow-tempo-1,0.27%,77.98MiB / 1.5GiB
1790755425,k3d-dev-serverlb,0.16%,3.66MiB / 7.757GiB
1790755425,k3d-dev-agent-0,58.56%,834MiB / 7.757GiB
1790755425,k3d-dev-server-0,19.27%,1.907GiB / 7.757GiB
1790755439,payflow-payflow-1,25.35%,536.4MiB / 1.5GiB
1790755439,payflow-postgres-exporter-1,0.00%,11.8MiB / 128MiB
1790755439,payflow-postgres-1,10.94%,164.8MiB / 1GiB
1790755439,payflow-kafka-1,157.46%,412.3MiB / 1.5GiB
1790755439,payflow-mongo-1,0.51%,134.7MiB / 1GiB
1790755439,payflow-keycloak-1,0.18%,463.5MiB / 7.757GiB
1790755439,payflow-settlement-rail-1,0.54%,27.87MiB / 256MiB
1790755439,k3d-dev-agent-1-0,2.73%,1.322GiB / 7.757GiB
1790755439,payflow-grafana-1,1.17%,186.1MiB / 512MiB
1790755439,payflow-prometheus-1,0.17%,76.29MiB / 1GiB
1790755439,payflow-tempo-1,0.43%,78.47MiB / 1.5GiB
1790755439,k3d-dev-serverlb,0.00%,3.664MiB / 7.757GiB
1790755439,k3d-dev-agent-0,4.39%,835.7MiB / 7.757GiB
1790755439,k3d-dev-server-0,11.65%,1.933GiB / 7.757GiB
1790755451,payflow-payflow-1,44.11%,518.3MiB / 1.5GiB
1790755451,payflow-postgres-exporter-1,1.92%,11.19MiB / 128MiB
1790755451,payflow-postgres-1,23.42%,165.2MiB / 1GiB
1790755451,payflow-kafka-1,74.28%,315MiB / 1.5GiB
1790755451,payflow-mongo-1,30.36%,258.5MiB / 1GiB
1790755451,payflow-keycloak-1,0.19%,406.4MiB / 7.757GiB
1790755451,payflow-settlement-rail-1,0.42%,25.85MiB / 256MiB
1790755451,k3d-dev-agent-1-0,4.08%,1.308GiB / 7.757GiB
1790755451,payflow-grafana-1,0.79%,134.3MiB / 512MiB
1790755451,payflow-prometheus-1,2.44%,70.79MiB / 1GiB
1790755451,payflow-tempo-1,0.45%,73.88MiB / 1.5GiB
1790755451,k3d-dev-serverlb,0.00%,3.477MiB / 7.757GiB
1790755451,k3d-dev-agent-0,6.64%,797.7MiB / 7.757GiB
1790755451,k3d-dev-server-0,12.55%,1.851GiB / 7.757GiB
1790755467,payflow-payflow-1,17.52%,518.7MiB / 1.5GiB
1790755467,payflow-postgres-exporter-1,0.00%,11.83MiB / 128MiB
1790755467,payflow-postgres-1,6.37%,161.1MiB / 1GiB
1790755467,payflow-kafka-1,118.78%,390MiB / 1.5GiB
1790755467,payflow-mongo-1,36.21%,142.6MiB / 1GiB
1790755467,payflow-keycloak-1,0.17%,406.7MiB / 7.757GiB
1790755467,payflow-settlement-rail-1,0.71%,26.66MiB / 256MiB
1790755467,k3d-dev-agent-1-0,2.64%,1.327GiB / 7.757GiB
1790755467,payflow-grafana-1,0.76%,162.7MiB / 512MiB
1790755467,payflow-prometheus-1,0.14%,71.7MiB / 1GiB
1790755467,payflow-tempo-1,0.20%,70.46MiB / 1.5GiB
1790755467,k3d-dev-serverlb,0.00%,3.477MiB / 7.757GiB
1790755467,k3d-dev-agent-0,3.07%,824.8MiB / 7.757GiB
1790755467,k3d-dev-server-0,18.69%,1.878GiB / 7.757GiB
1790755480,payflow-payflow-1,38.60%,508.5MiB / 1.5GiB
1790755480,payflow-postgres-exporter-1,1.78%,11.78MiB / 128MiB
1790755480,payflow-postgres-1,11.42%,156.5MiB / 1GiB
1790755480,payflow-kafka-1,5.88%,300.8MiB / 1.5GiB
1790755480,payflow-mongo-1,0.48%,140.9MiB / 1GiB
1790755480,payflow-keycloak-1,0.17%,394.4MiB / 7.757GiB
1790755480,payflow-settlement-rail-1,0.44%,24.95MiB / 256MiB
1790755480,k3d-dev-agent-1-0,4.66%,1.312GiB / 7.757GiB
1790755480,payflow-grafana-1,0.72%,180.2MiB / 512MiB
1790755480,payflow-prometheus-1,1.59%,68.77MiB / 1GiB
1790755480,payflow-tempo-1,0.22%,70.69MiB / 1.5GiB
1790755480,k3d-dev-serverlb,0.00%,3.426MiB / 7.757GiB
1790755480,k3d-dev-agent-0,5.22%,806.9MiB / 7.757GiB
1790755480,k3d-dev-server-0,6.80%,1.805GiB / 7.757GiB
1790755492,k3d-dev-tools,0.00%,81.79MiB / 7.757GiB
1790755492,payflow-payflow-1,43.70%,489.3MiB / 1.5GiB
1790755492,payflow-postgres-exporter-1,0.00%,11.36MiB / 128MiB
1790755492,payflow-postgres-1,12.73%,145.8MiB / 1GiB
1790755492,payflow-kafka-1,10.58%,293.7MiB / 1.5GiB
1790755492,payflow-mongo-1,2.81%,124.5MiB / 1GiB
1790755492,payflow-keycloak-1,0.28%,343.9MiB / 7.757GiB
1790755492,payflow-settlement-rail-1,0.78%,23.39MiB / 256MiB
1790755492,k3d-dev-agent-1-0,94.24%,1.485GiB / 7.757GiB
1790755492,payflow-grafana-1,0.92%,137.1MiB / 512MiB
1790755492,payflow-prometheus-1,0.26%,63.59MiB / 1GiB
1790755492,payflow-tempo-1,1.44%,67.39MiB / 1.5GiB
1790755492,k3d-dev-serverlb,0.00%,3.34MiB / 7.757GiB
1790755492,k3d-dev-agent-0,103.95%,905.4MiB / 7.757GiB
1790755492,k3d-dev-server-0,129.21%,1.882GiB / 7.757GiB
1790755506,payflow-payflow-1,31.36%,491.1MiB / 1.5GiB
1790755506,payflow-postgres-exporter-1,1.55%,11.91MiB / 128MiB
1790755506,payflow-postgres-1,16.10%,145.9MiB / 1GiB
1790755506,payflow-kafka-1,17.44%,313.2MiB / 1.5GiB
1790755506,payflow-mongo-1,0.56%,139.8MiB / 1GiB
1790755506,payflow-keycloak-1,0.24%,338.8MiB / 7.757GiB
1790755506,payflow-settlement-rail-1,0.37%,23.34MiB / 256MiB
1790755506,k3d-dev-agent-1-0,9.59%,1.362GiB / 7.757GiB
1790755506,payflow-grafana-1,1.10%,134.8MiB / 512MiB
1790755506,payflow-prometheus-1,1.65%,64.8MiB / 1GiB
1790755506,payflow-tempo-1,0.34%,67.12MiB / 1.5GiB
1790755506,k3d-dev-serverlb,0.00%,3.355MiB / 7.757GiB
1790755506,k3d-dev-agent-0,12.97%,851.5MiB / 7.757GiB
1790755506,k3d-dev-server-0,8.75%,1.832GiB / 7.757GiB
1790755518,payflow-payflow-1,23.14%,493.7MiB / 1.5GiB
1790755518,payflow-postgres-exporter-1,0.00%,11.7MiB / 128MiB
1790755518,payflow-postgres-1,9.44%,145MiB / 1GiB
1790755518,payflow-kafka-1,21.54%,311.6MiB / 1.5GiB
1790755518,payflow-mongo-1,36.56%,282.6MiB / 1GiB
1790755518,payflow-keycloak-1,0.14%,332.8MiB / 7.757GiB
1790755518,payflow-settlement-rail-1,0.37%,23.29MiB / 256MiB
1790755518,k3d-dev-agent-1-0,11.40%,1.363GiB / 7.757GiB
1790755518,payflow-grafana-1,0.96%,129.4MiB / 512MiB
1790755518,payflow-prometheus-1,0.19%,64.84MiB / 1GiB
1790755518,payflow-tempo-1,0.22%,71.14MiB / 1.5GiB
1790755518,k3d-dev-serverlb,0.00%,3.398MiB / 7.757GiB
1790755518,k3d-dev-agent-0,6.23%,870.5MiB / 7.757GiB
1790755518,k3d-dev-server-0,6.82%,1.952GiB / 7.757GiB
1790755531,payflow-payflow-1,21.19%,494.3MiB / 1.5GiB
1790755531,payflow-postgres-exporter-1,0.00%,11.08MiB / 128MiB
1790755531,payflow-postgres-1,8.90%,146.9MiB / 1GiB
1790755531,payflow-kafka-1,14.26%,308.5MiB / 1.5GiB
1790755531,payflow-mongo-1,0.53%,138MiB / 1GiB
1790755531,payflow-keycloak-1,0.20%,322.1MiB / 7.757GiB
1790755531,payflow-settlement-rail-1,0.41%,23.24MiB / 256MiB
1790755531,k3d-dev-agent-1-0,5.98%,1.365GiB / 7.757GiB
1790755531,payflow-grafana-1,0.73%,148.7MiB / 512MiB
1790755531,payflow-prometheus-1,0.41%,65.46MiB / 1GiB
1790755531,payflow-tempo-1,0.24%,72.22MiB / 1.5GiB
1790755531,k3d-dev-serverlb,0.01%,3.371MiB / 7.757GiB
1790755531,k3d-dev-agent-0,16.38%,880.6MiB / 7.757GiB
1790755531,k3d-dev-server-0,10.38%,1.933GiB / 7.757GiB
1790755545,k3d-dev-tools,0.00%,13.33MiB / 7.757GiB
1790755545,payflow-payflow-1,28.59%,485.5MiB / 1.5GiB
1790755545,payflow-postgres-exporter-1,0.00%,12.05MiB / 128MiB
1790755545,payflow-postgres-1,9.88%,138.7MiB / 1GiB
1790755545,payflow-kafka-1,8.69%,278.9MiB / 1.5GiB
1790755545,payflow-mongo-1,0.47%,104.2MiB / 1GiB
1790755545,payflow-keycloak-1,0.26%,281MiB / 7.757GiB
1790755545,payflow-settlement-rail-1,0.37%,22.29MiB / 256MiB
1790755545,k3d-dev-agent-1-0,70.35%,1.409GiB / 7.757GiB
1790755545,payflow-grafana-1,0.95%,120.2MiB / 512MiB
1790755545,payflow-prometheus-1,0.48%,62.86MiB / 1GiB
1790755545,payflow-tempo-1,1.00%,69.05MiB / 1.5GiB
1790755545,k3d-dev-serverlb,0.00%,3.355MiB / 7.757GiB
1790755545,k3d-dev-agent-0,67.91%,913.1MiB / 7.757GiB
1790755545,k3d-dev-server-0,80.21%,1.952GiB / 7.757GiB
1790755557,payflow-payflow-1,19.36%,480.6MiB / 1.5GiB
1790755557,payflow-postgres-exporter-1,0.00%,10.79MiB / 128MiB
1790755557,payflow-postgres-1,8.09%,138.4MiB / 1GiB
1790755557,payflow-kafka-1,6.14%,303.5MiB / 1.5GiB
1790755557,payflow-mongo-1,0.51%,140.1MiB / 1GiB
1790755557,payflow-keycloak-1,0.19%,254.4MiB / 7.757GiB
1790755557,payflow-settlement-rail-1,0.59%,21.56MiB / 256MiB
1790755557,k3d-dev-agent-1-0,69.13%,955MiB / 7.757GiB
1790755557,payflow-grafana-1,0.67%,112MiB / 512MiB
1790755557,payflow-prometheus-1,0.42%,70.61MiB / 1GiB
1790755557,payflow-tempo-1,0.17%,70.59MiB / 1.5GiB
1790755557,k3d-dev-serverlb,0.32%,3.34MiB / 7.757GiB
1790755557,k3d-dev-agent-0,197.84%,941.8MiB / 7.757GiB
1790755557,k3d-dev-server-0,81.99%,1.931GiB / 7.757GiB
1790755571,payflow-payflow-1,19.49%,481.2MiB / 1.5GiB
1790755571,payflow-postgres-exporter-1,0.00%,11.6MiB / 128MiB
1790755571,payflow-postgres-1,8.97%,137.7MiB / 1GiB
1790755571,payflow-kafka-1,58.54%,333.7MiB / 1.5GiB
1790755571,payflow-mongo-1,0.55%,132.6MiB / 1GiB
1790755571,payflow-keycloak-1,0.19%,241.5MiB / 7.757GiB
1790755571,payflow-settlement-rail-1,0.10%,21.64MiB / 256MiB
1790755571,k3d-dev-agent-1-0,156.39%,1.376GiB / 7.757GiB
1790755571,payflow-grafana-1,0.77%,157.2MiB / 512MiB
1790755571,payflow-prometheus-1,0.20%,70.07MiB / 1GiB
1790755571,payflow-tempo-1,0.37%,70.68MiB / 1.5GiB
1790755571,k3d-dev-serverlb,0.00%,3.336MiB / 7.757GiB
1790755571,k3d-dev-agent-0,6.53%,1.13GiB / 7.757GiB
1790755571,k3d-dev-server-0,364.56%,1.889GiB / 7.757GiB
1790755584,payflow-payflow-1,10.71%,482.3MiB / 1.5GiB
1790755584,payflow-postgres-exporter-1,0.00%,11.36MiB / 128MiB
1790755584,payflow-postgres-1,1.56%,137.1MiB / 1GiB
1790755584,payflow-kafka-1,11.19%,307.6MiB / 1.5GiB
1790755584,payflow-mongo-1,3.59%,144.6MiB / 1GiB
1790755584,payflow-keycloak-1,0.25%,256.6MiB / 7.757GiB
1790755584,payflow-settlement-rail-1,0.04%,21.42MiB / 256MiB
1790755584,k3d-dev-agent-1-0,4.59%,1.146GiB / 7.757GiB
1790755584,payflow-grafana-1,3.99%,161.1MiB / 512MiB
1790755584,payflow-prometheus-1,0.49%,70.23MiB / 1GiB
1790755584,payflow-tempo-1,0.37%,73.77MiB / 1.5GiB
1790755584,k3d-dev-serverlb,0.00%,3.371MiB / 7.757GiB
1790755584,k3d-dev-agent-0,14.22%,1.118GiB / 7.757GiB
1790755584,k3d-dev-server-0,20.69%,2.005GiB / 7.757GiB
1790755596,payflow-payflow-1,32.58%,482MiB / 1.5GiB
1790755596,payflow-postgres-exporter-1,0.00%,11.46MiB / 128MiB
1790755596,payflow-postgres-1,1.12%,147.8MiB / 1GiB
1790755596,payflow-kafka-1,5.08%,309.7MiB / 1.5GiB
1790755596,payflow-mongo-1,45.84%,145.4MiB / 1GiB
1790755596,payflow-keycloak-1,0.19%,250.9MiB / 7.757GiB
1790755596,payflow-settlement-rail-1,0.02%,21.43MiB / 256MiB
1790755596,k3d-dev-agent-1-0,6.69%,1.134GiB / 7.757GiB
1790755596,payflow-grafana-1,0.88%,165MiB / 512MiB
1790755596,payflow-prometheus-1,1.15%,69.64MiB / 1GiB
1790755596,payflow-tempo-1,0.28%,74.32MiB / 1.5GiB
1790755596,k3d-dev-serverlb,0.00%,3.359MiB / 7.757GiB
1790755596,k3d-dev-agent-0,46.97%,751.4MiB / 7.757GiB
1790755596,k3d-dev-server-0,55.94%,2.386GiB / 7.757GiB
