1790748808,payflow-payflow-1,87.38%,598.5MiB / 1.5GiB
1790748808,payflow-postgres-exporter-1,0.00%,13.33MiB / 128MiB
1790748808,payflow-postgres-1,27.60%,111.1MiB / 1GiB
1790748808,payflow-mongo-1,41.45%,170.1MiB / 1GiB
1790748808,payflow-kafka-1,15.05%,512.8MiB / 1.5GiB
1790748808,payflow-keycloak-1,77.43%,686.8MiB / 7.757GiB
1790748808,payflow-settlement-rail-1,0.02%,31.77MiB / 256MiB
1790748808,k3d-dev-agent-1-0,2.72%,1.042GiB / 7.757GiB
1790748808,payflow-grafana-1,0.70%,174.3MiB / 512MiB
1790748808,payflow-prometheus-1,0.27%,91.33MiB / 1GiB
1790748808,payflow-tempo-1,0.20%,92.86MiB / 1.5GiB
1790748808,k3d-dev-serverlb,0.00%,3.594MiB / 7.757GiB
1790748808,k3d-dev-agent-0,2.21%,716.7MiB / 7.757GiB
1790748808,k3d-dev-server-0,7.70%,1.668GiB / 7.757GiB
1790748808,musing_satoshi,7.42%,33.92MiB / 7.757GiB
1790748823,musing_satoshi,2.92%,49.57MiB / 7.757GiB
1790748823,payflow-payflow-1,95.75%,601.6MiB / 1.5GiB
1790748823,payflow-postgres-exporter-1,0.57%,13.04MiB / 128MiB
1790748823,payflow-postgres-1,31.39%,123.8MiB / 1GiB
1790748823,payflow-mongo-1,4.27%,171MiB / 1GiB
1790748823,payflow-kafka-1,160.78%,602.7MiB / 1.5GiB
1790748823,payflow-keycloak-1,0.16%,691.9MiB / 7.757GiB
1790748823,payflow-settlement-rail-1,2.31%,33.8MiB / 256MiB
1790748823,k3d-dev-agent-1-0,2.39%,1.046GiB / 7.757GiB
1790748823,payflow-grafana-1,0.67%,174.3MiB / 512MiB
1790748823,payflow-prometheus-1,2.56%,88.87MiB / 1GiB
1790748823,payflow-tempo-1,1.02%,96.69MiB / 1.5GiB
1790748823,k3d-dev-serverlb,0.01%,3.605MiB / 7.757GiB
1790748823,k3d-dev-agent-0,4.21%,718.3MiB / 7.757GiB
1790748823,k3d-dev-server-0,11.41%,1.671GiB / 7.757GiB
1790748835,musing_satoshi,3.22%,56.59MiB / 7.757GiB
1790748835,payflow-payflow-1,92.39%,602.9MiB / 1.5GiB
1790748835,payflow-postgres-exporter-1,0.00%,13.68MiB / 128MiB
1790748835,payflow-postgres-1,25.55%,129.4MiB / 1GiB
1790748835,payflow-mongo-1,3.28%,170.5MiB / 1GiB
1790748835,payflow-kafka-1,16.23%,521.2MiB / 1.5GiB
1790748835,payflow-keycloak-1,0.20%,691.4MiB / 7.757GiB
1790748835,payflow-settlement-rail-1,1.90%,35.45MiB / 256MiB
1790748835,k3d-dev-agent-1-0,3.35%,1.044GiB / 7.757GiB
1790748835,payflow-grafana-1,0.78%,174MiB / 512MiB
1790748835,payflow-prometheus-1,0.21%,88.72MiB / 1GiB
1790748835,payflow-tempo-1,0.75%,97.57MiB / 1.5GiB
1790748835,k3d-dev-serverlb,0.00%,3.609MiB / 7.757GiB
1790748835,k3d-dev-agent-0,3.63%,721MiB / 7.757GiB
1790748835,k3d-dev-server-0,12.05%,1.672GiB / 7.757GiB
1790748849,musing_satoshi,3.27%,57.79MiB / 7.757GiB
1790748849,payflow-payflow-1,90.65%,601.8MiB / 1.5GiB
1790748849,payflow-postgres-exporter-1,1.49%,12.81MiB / 128MiB
1790748849,payflow-postgres-1,33.26%,133.9MiB / 1GiB
1790748849,payflow-mongo-1,4.30%,161MiB / 1GiB
1790748849,payflow-kafka-1,16.85%,523.7MiB / 1.5GiB
1790748849,payflow-keycloak-1,0.17%,688.5MiB / 7.757GiB
1790748849,payflow-settlement-rail-1,3.04%,33.63MiB / 256MiB
1790748849,k3d-dev-agent-1-0,4.38%,1.042GiB / 7.757GiB
1790748849,payflow-grafana-1,0.76%,170.1MiB / 512MiB
1790748849,payflow-prometheus-1,1.27%,85.82MiB / 1GiB
1790748849,payflow-tempo-1,0.50%,97.71MiB / 1.5GiB
1790748849,k3d-dev-serverlb,0.00%,3.59MiB / 7.757GiB
1790748849,k3d-dev-agent-0,12.16%,718.6MiB / 7.757GiB
1790748849,k3d-dev-server-0,12.47%,1.628GiB / 7.757GiB
1790748861,musing_satoshi,2.97%,58.34MiB / 7.757GiB
1790748861,payflow-payflow-1,68.59%,602.4MiB / 1.5GiB
1790748861,payflow-postgres-exporter-1,0.00%,12.35MiB / 128MiB
1790748861,payflow-postgres-1,25.27%,139.8MiB / 1GiB
1790748861,payflow-mongo-1,48.52%,163.2MiB / 1GiB
1790748861,payflow-kafka-1,19.41%,530.9MiB / 1.5GiB
1790748861,payflow-keycloak-1,0.20%,688.5MiB / 7.757GiB
1790748861,payflow-settlement-rail-1,1.07%,34.34MiB / 256MiB
1790748861,k3d-dev-agent-1-0,3.17%,1.041GiB / 7.757GiB
1790748861,payflow-grafana-1,0.71%,170.1MiB / 512MiB
1790748861,payflow-prometheus-1,0.17%,85.82MiB / 1GiB
1790748861,payflow-tempo-1,0.82%,100.9MiB / 1.5GiB
1790748861,k3d-dev-serverlb,0.00%,3.59MiB / 7.757GiB
1790748861,k3d-dev-agent-0,10.09%,714.5MiB / 7.757GiB
1790748861,k3d-dev-server-0,13.84%,1.629GiB / 7.757GiB
1790748873,musing_satoshi,4.47%,58.71MiB / 7.757GiB
1790748873,payflow-payflow-1,78.62%,602.9MiB / 1.5GiB
1790748873,payflow-postgres-exporter-1,0.00%,12.52MiB / 128MiB
1790748873,payflow-postgres-1,30.28%,144.8MiB / 1GiB
1790748873,payflow-mongo-1,3.93%,164.5MiB / 1GiB
1790748873,payflow-kafka-1,18.87%,532MiB / 1.5GiB
1790748873,payflow-keycloak-1,0.19%,688.4MiB / 7.757GiB
1790748873,payflow-settlement-rail-1,1.12%,33.3MiB / 256MiB
1790748873,k3d-dev-agent-1-0,11.02%,1.042GiB / 7.757GiB
1790748873,payflow-grafana-1,0.80%,171.4MiB / 512MiB
1790748873,payflow-prometheus-1,0.31%,85.83MiB / 1GiB
1790748873,payflow-tempo-1,0.75%,101.1MiB / 1.5GiB
1790748873,k3d-dev-serverlb,0.00%,3.59MiB / 7.757GiB
1790748873,k3d-dev-agent-0,5.04%,718.6MiB / 7.757GiB
1790748873,k3d-dev-server-0,8.37%,1.628GiB / 7.757GiB
1790748887,musing_satoshi,20.58%,65.59MiB / 7.757GiB
1790748887,payflow-payflow-1,197.08%,605.2MiB / 1.5GiB
1790748887,payflow-postgres-exporter-1,0.01%,13.06MiB / 128MiB
1790748887,payflow-postgres-1,68.85%,172.4MiB / 1GiB
1790748887,payflow-mongo-1,3.36%,164.5MiB / 1GiB
1790748887,payflow-kafka-1,191.95%,635.7MiB / 1.5GiB
1790748887,payflow-keycloak-1,0.17%,687.6MiB / 7.757GiB
1790748887,payflow-settlement-rail-1,3.47%,34.63MiB / 256MiB
1790748887,k3d-dev-agent-1-0,3.99%,1.044GiB / 7.757GiB
1790748887,payflow-grafana-1,0.63%,171.3MiB / 512MiB
1790748887,payflow-prometheus-1,0.14%,85.59MiB / 1GiB
1790748887,payflow-tempo-1,1.30%,102.3MiB / 1.5GiB
1790748887,k3d-dev-serverlb,0.00%,3.586MiB / 7.757GiB
1790748887,k3d-dev-agent-0,9.25%,718.9MiB / 7.757GiB
1790748887,k3d-dev-server-0,13.09%,1.638GiB / 7.757GiB
1790748900,musing_satoshi,20.72%,66.29MiB / 7.757GiB
1790748900,payflow-payflow-1,204.63%,605MiB / 1.5GiB
1790748900,payflow-postgres-exporter-1,0.00%,13.65MiB / 128MiB
1790748900,payflow-postgres-1,66.31%,188.8MiB / 1GiB
1790748900,payflow-mongo-1,13.12%,157.8MiB / 1GiB
1790748900,payflow-kafka-1,29.63%,542.8MiB / 1.5GiB
1790748900,payflow-keycloak-1,0.21%,684.4MiB / 7.757GiB
1790748900,payflow-settlement-rail-1,3.45%,33.84MiB / 256MiB
1790748900,k3d-dev-agent-1-0,3.52%,1.044GiB / 7.757GiB
1790748900,payflow-grafana-1,0.94%,170.9MiB / 512MiB
1790748900,payflow-prometheus-1,0.36%,84.33MiB / 1GiB
1790748900,payflow-tempo-1,3.19%,107.7MiB / 1.5GiB
1790748900,k3d-dev-serverlb,0.00%,3.59MiB / 7.757GiB
1790748900,k3d-dev-agent-0,2.79%,711.6MiB / 7.757GiB
1790748900,k3d-dev-server-0,11.58%,1.634GiB / 7.757GiB
1790748912,musing_satoshi,12.75%,66.81MiB / 7.757GiB
1790748912,payflow-payflow-1,201.07%,597MiB / 1.5GiB
1790748912,payflow-postgres-exporter-1,0.00%,12.76MiB / 128MiB
1790748912,payflow-postgres-1,69.46%,205.2MiB / 1GiB
1790748912,payflow-mongo-1,14.04%,153.7MiB / 1GiB
1790748912,payflow-kafka-1,26.90%,538.4MiB / 1.5GiB
1790748912,payflow-keycloak-1,0.21%,679.8MiB / 7.757GiB
1790748912,payflow-settlement-rail-1,7.47%,38.5MiB / 256MiB
1790748912,k3d-dev-agent-1-0,4.32%,1.044GiB / 7.757GiB
1790748912,payflow-grafana-1,0.83%,175.5MiB / 512MiB
1790748912,payflow-prometheus-1,0.20%,85.2MiB / 1GiB
1790748912,payflow-tempo-1,2.24%,102.8MiB / 1.5GiB
1790748912,k3d-dev-serverlb,0.00%,3.578MiB / 7.757GiB
1790748912,k3d-dev-agent-0,7.55%,711.8MiB / 7.757GiB
1790748912,k3d-dev-server-0,13.81%,1.641GiB / 7.757GiB
1790748926,musing_satoshi,2.88%,66.81MiB / 7.757GiB
1790748926,payflow-payflow-1,96.62%,597.8MiB / 1.5GiB
1790748926,payflow-postgres-exporter-1,0.00%,12.38MiB / 128MiB
1790748926,payflow-postgres-1,25.14%,210.5MiB / 1GiB
1790748926,payflow-mongo-1,48.96%,258.6MiB / 1GiB
1790748926,payflow-kafka-1,120.00%,525.5MiB / 1.5GiB
1790748926,payflow-keycloak-1,0.16%,669.1MiB / 7.757GiB
1790748926,payflow-settlement-rail-1,1.65%,34.01MiB / 256MiB
1790748926,k3d-dev-agent-1-0,1.86%,1.042GiB / 7.757GiB
1790748926,payflow-grafana-1,0.70%,172.4MiB / 512MiB
1790748926,payflow-prometheus-1,0.14%,83.62MiB / 1GiB
1790748926,payflow-tempo-1,0.22%,109MiB / 1.5GiB
1790748926,k3d-dev-serverlb,0.00%,3.562MiB / 7.757GiB
1790748926,k3d-dev-agent-0,2.02%,704.7MiB / 7.757GiB
1790748926,k3d-dev-server-0,8.03%,1.64GiB / 7.757GiB
1790748938,musing_satoshi,2.97%,66.86MiB / 7.757GiB
1790748938,payflow-payflow-1,92.42%,596.8MiB / 1.5GiB
1790748938,payflow-postgres-exporter-1,1.45%,12.36MiB / 128MiB
1790748938,payflow-postgres-1,32.18%,213.8MiB / 1GiB
1790748938,payflow-mongo-1,4.20%,149.5MiB / 1GiB
1790748938,payflow-kafka-1,106.67%,586.5MiB / 1.5GiB
1790748938,payflow-keycloak-1,0.15%,669.1MiB / 7.757GiB
1790748938,payflow-settlement-rail-1,0.95%,32.83MiB / 256MiB
1790748938,k3d-dev-agent-1-0,4.42%,1.042GiB / 7.757GiB
1790748938,payflow-grafana-1,0.90%,172.7MiB / 512MiB
1790748938,payflow-prometheus-1,1.71%,85.62MiB / 1GiB
1790748938,payflow-tempo-1,3.87%,105.6MiB / 1.5GiB
1790748938,k3d-dev-serverlb,0.00%,3.57MiB / 7.757GiB
1790748938,k3d-dev-agent-0,6.54%,711MiB / 7.757GiB
1790748938,k3d-dev-server-0,9.14%,1.636GiB / 7.757GiB
1790748952,musing_satoshi,4.09%,66.71MiB / 7.757GiB
1790748952,payflow-payflow-1,80.78%,597MiB / 1.5GiB
1790748952,payflow-postgres-exporter-1,0.00%,12.29MiB / 128MiB
1790748952,payflow-postgres-1,29.22%,215.1MiB / 1GiB
1790748952,payflow-mongo-1,4.63%,149.9MiB / 1GiB
1790748952,payflow-kafka-1,16.74%,534.2MiB / 1.5GiB
1790748952,payflow-keycloak-1,0.20%,669.1MiB / 7.757GiB
1790748952,payflow-settlement-rail-1,1.24%,33.72MiB / 256MiB
1790748952,k3d-dev-agent-1-0,2.69%,1.044GiB / 7.757GiB
1790748952,payflow-grafana-1,0.83%,172.7MiB / 512MiB
1790748952,payflow-prometheus-1,0.17%,85.76MiB / 1GiB
1790748952,payflow-tempo-1,0.96%,103.8MiB / 1.5GiB
1790748952,k3d-dev-serverlb,0.00%,3.574MiB / 7.757GiB
1790748952,k3d-dev-agent-0,5.66%,711MiB / 7.757GiB
1790748952,k3d-dev-server-0,11.80%,1.639GiB / 7.757GiB
1790748964,musing_satoshi,3.65%,67.27MiB / 7.757GiB
1790748964,payflow-payflow-1,85.11%,598.7MiB / 1.5GiB
1790748964,payflow-postgres-exporter-1,1.44%,12.18MiB / 128MiB
1790748964,payflow-postgres-1,29.76%,215MiB / 1GiB
1790748964,payflow-mongo-1,3.36%,146.1MiB / 1GiB
1790748964,payflow-kafka-1,15.39%,543.7MiB / 1.5GiB
1790748964,payflow-keycloak-1,0.20%,666.1MiB / 7.757GiB
1790748964,payflow-settlement-rail-1,0.87%,32.86MiB / 256MiB
1790748964,k3d-dev-agent-1-0,5.03%,1.042GiB / 7.757GiB
1790748964,payflow-grafana-1,1.01%,173.1MiB / 512MiB
1790748964,payflow-prometheus-1,1.14%,86.27MiB / 1GiB
1790748964,payflow-tempo-1,0.86%,101.3MiB / 1.5GiB
1790748964,k3d-dev-serverlb,0.00%,3.57MiB / 7.757GiB
1790748964,k3d-dev-agent-0,9.47%,708.3MiB / 7.757GiB
1790748964,k3d-dev-server-0,13.75%,1.639GiB / 7.757GiB
1790748977,musing_satoshi,6.69%,67.11MiB / 7.757GiB
1790748977,payflow-payflow-1,86.30%,597.5MiB / 1.5GiB
1790748977,payflow-postgres-exporter-1,0.00%,12.21MiB / 128MiB
1790748977,payflow-postgres-1,30.11%,216.9MiB / 1GiB
1790748977,payflow-mongo-1,3.79%,148MiB / 1GiB
1790748977,payflow-kafka-1,19.61%,541.3MiB / 1.5GiB
1790748977,payflow-keycloak-1,0.18%,666.1MiB / 7.757GiB
1790748977,payflow-settlement-rail-1,0.86%,32.93MiB / 256MiB
1790748977,k3d-dev-agent-1-0,2.65%,1.046GiB / 7.757GiB
1790748977,payflow-grafana-1,0.82%,173.3MiB / 512MiB
1790748977,payflow-prometheus-1,0.20%,87.85MiB / 1GiB
1790748977,payflow-tempo-1,2.05%,96.41MiB / 1.5GiB
1790748977,k3d-dev-serverlb,0.00%,3.57MiB / 7.757GiB
1790748977,k3d-dev-agent-0,10.52%,715.2MiB / 7.757GiB
1790748977,k3d-dev-server-0,13.91%,1.631GiB / 7.757GiB
1790748991,musing_satoshi,3.62%,67.12MiB / 7.757GiB
1790748991,payflow-payflow-1,63.30%,598.1MiB / 1.5GiB
1790748991,payflow-postgres-exporter-1,0.00%,12.27MiB / 128MiB
1790748991,payflow-postgres-1,28.53%,218.9MiB / 1GiB
1790748991,payflow-mongo-1,31.45%,148.2MiB / 1GiB
1790748991,payflow-kafka-1,18.15%,555.2MiB / 1.5GiB
1790748991,payflow-keycloak-1,0.19%,666.1MiB / 7.757GiB
1790748991,payflow-settlement-rail-1,0.94%,33.16MiB / 256MiB
1790748991,k3d-dev-agent-1-0,9.26%,1.045GiB / 7.757GiB
1790748991,payflow-grafana-1,0.73%,173.3MiB / 512MiB
1790748991,payflow-prometheus-1,0.34%,88.01MiB / 1GiB
1790748991,payflow-tempo-1,0.26%,95.38MiB / 1.5GiB
1790748991,k3d-dev-serverlb,0.00%,3.57MiB / 7.757GiB
1790748991,k3d-dev-agent-0,3.52%,711.8MiB / 7.757GiB
1790748991,k3d-dev-server-0,8.73%,1.63GiB / 7.757GiB
1790749003,musing_satoshi,3.41%,67.21MiB / 7.757GiB
1790749003,payflow-payflow-1,76.47%,597.6MiB / 1.5GiB
1790749003,payflow-postgres-exporter-1,0.00%,12.53MiB / 128MiB
1790749003,payflow-postgres-1,33.06%,220.1MiB / 1GiB
1790749003,payflow-mongo-1,3.94%,148.7MiB / 1GiB
1790749003,payflow-kafka-1,59.31%,544.4MiB / 1.5GiB
1790749003,payflow-keycloak-1,0.18%,662.6MiB / 7.757GiB
1790749003,payflow-settlement-rail-1,1.05%,39.84MiB / 256MiB
1790749003,k3d-dev-agent-1-0,4.43%,1.047GiB / 7.757GiB
1790749003,payflow-grafana-1,0.79%,173MiB / 512MiB
1790749003,payflow-prometheus-1,0.21%,89.43MiB / 1GiB
1790749003,payflow-tempo-1,0.96%,97.88MiB / 1.5GiB
1790749003,k3d-dev-serverlb,0.00%,3.566MiB / 7.757GiB
1790749003,k3d-dev-agent-0,10.80%,714.4MiB / 7.757GiB
1790749003,k3d-dev-server-0,10.66%,1.638GiB / 7.757GiB
1790749015,musing_satoshi,3.05%,67.21MiB / 7.757GiB
1790749015,payflow-payflow-1,71.62%,598.8MiB / 1.5GiB
1790749015,payflow-postgres-exporter-1,0.00%,12.81MiB / 128MiB
1790749015,payflow-postgres-1,31.05%,221.4MiB / 1GiB
1790749015,payflow-mongo-1,5.15%,148.8MiB / 1GiB
1790749015,payflow-kafka-1,169.86%,628.1MiB / 1.5GiB
1790749015,payflow-keycloak-1,0.19%,662.6MiB / 7.757GiB
1790749015,payflow-settlement-rail-1,0.87%,33.21MiB / 256MiB
1790749015,k3d-dev-agent-1-0,3.45%,1.046GiB / 7.757GiB
1790749015,payflow-grafana-1,0.70%,173.3MiB / 512MiB
1790749015,payflow-prometheus-1,0.21%,89.46MiB / 1GiB
1790749015,payflow-tempo-1,0.22%,99.52MiB / 1.5GiB
1790749015,k3d-dev-serverlb,0.00%,3.566MiB / 7.757GiB
1790749015,k3d-dev-agent-0,7.35%,715.4MiB / 7.757GiB
1790749015,k3d-dev-server-0,19.99%,1.636GiB / 7.757GiB
1790749029,musing_satoshi,3.93%,67.35MiB / 7.757GiB
1790749029,payflow-payflow-1,67.20%,599.1MiB / 1.5GiB
1790749029,payflow-postgres-exporter-1,0.00%,12.21MiB / 128MiB
1790749029,payflow-postgres-1,26.76%,226.5MiB / 1GiB
1790749029,payflow-mongo-1,3.19%,149.2MiB / 1GiB
1790749029,payflow-kafka-1,16.89%,551.2MiB / 1.5GiB
1790749029,payflow-keycloak-1,0.20%,662.8MiB / 7.757GiB
1790749029,payflow-settlement-rail-1,0.73%,33.35MiB / 256MiB
1790749029,k3d-dev-agent-1-0,3.45%,1.048GiB / 7.757GiB
1790749029,payflow-grafana-1,1.64%,174.4MiB / 512MiB
1790749029,payflow-prometheus-1,0.78%,89.48MiB / 1GiB
1790749029,payflow-tempo-1,0.31%,103.1MiB / 1.5GiB
1790749029,k3d-dev-serverlb,0.00%,3.566MiB / 7.757GiB
1790749029,k3d-dev-agent-0,4.87%,714MiB / 7.757GiB
1790749029,k3d-dev-server-0,13.91%,1.633GiB / 7.757GiB
1790749041,musing_satoshi,3.20%,67.53MiB / 7.757GiB
1790749041,payflow-payflow-1,84.79%,598.5MiB / 1.5GiB
1790749041,payflow-postgres-exporter-1,0.00%,11.92MiB / 128MiB
1790749041,payflow-postgres-1,24.56%,229.5MiB / 1GiB
1790749041,payflow-mongo-1,47.63%,141.5MiB / 1GiB
1790749041,payflow-kafka-1,17.91%,551.5MiB / 1.5GiB
1790749041,payflow-keycloak-1,0.18%,652.3MiB / 7.757GiB
1790749041,payflow-settlement-rail-1,0.71%,33.2MiB / 256MiB
1790749041,k3d-dev-agent-1-0,2.35%,1.048GiB / 7.757GiB
1790749041,payflow-grafana-1,0.70%,172.5MiB / 512MiB
1790749041,payflow-prometheus-1,0.14%,90.91MiB / 1GiB
1790749041,payflow-tempo-1,0.23%,98.98MiB / 1.5GiB
1790749041,k3d-dev-serverlb,0.00%,3.555MiB / 7.757GiB
1790749041,k3d-dev-agent-0,2.70%,714MiB / 7.757GiB
1790749041,k3d-dev-server-0,9.16%,1.635GiB / 7.757GiB
1790749056,musing_satoshi,20.14%,69.17MiB / 7.757GiB
1790749056,payflow-payflow-1,186.52%,594.4MiB / 1.5GiB
1790749056,payflow-postgres-exporter-1,1.82%,11.84MiB / 128MiB
1790749056,payflow-postgres-1,113.77%,238.2MiB / 1GiB
1790749056,payflow-mongo-1,11.78%,120.7MiB / 1GiB
1790749056,payflow-kafka-1,30.81%,530.1MiB / 1.5GiB
1790749056,payflow-keycloak-1,108.19%,817.5MiB / 7.757GiB
1790749056,payflow-settlement-rail-1,8.56%,40.62MiB / 256MiB
1790749056,k3d-dev-agent-1-0,6.31%,1.043GiB / 7.757GiB
1790749056,payflow-grafana-1,0.68%,165.9MiB / 512MiB
1790749056,payflow-prometheus-1,1.82%,85.49MiB / 1GiB
1790749056,payflow-tempo-1,5.09%,99.13MiB / 1.5GiB
1790749056,k3d-dev-serverlb,0.00%,3.52MiB / 7.757GiB
1790749056,k3d-dev-agent-0,3.14%,696.5MiB / 7.757GiB
1790749056,k3d-dev-server-0,9.03%,1.639GiB / 7.757GiB
1790749068,musing_satoshi,20.39%,69.66MiB / 7.757GiB
1790749068,payflow-payflow-1,148.37%,591.8MiB / 1.5GiB
1790749068,payflow-postgres-exporter-1,0.00%,12.77MiB / 128MiB
1790749068,payflow-postgres-1,82.33%,239.9MiB / 1GiB
1790749068,payflow-mongo-1,4.32%,111.6MiB / 1GiB
1790749068,payflow-kafka-1,30.30%,532.6MiB / 1.5GiB
1790749068,payflow-keycloak-1,0.15%,1000MiB / 7.757GiB
1790749068,payflow-settlement-rail-1,2.22%,33.7MiB / 256MiB
1790749068,k3d-dev-agent-1-0,3.11%,1.04GiB / 7.757GiB
1790749068,payflow-grafana-1,1.21%,160MiB / 512MiB
1790749068,payflow-prometheus-1,0.17%,83.26MiB / 1GiB
1790749068,payflow-tempo-1,2.99%,103.1MiB / 1.5GiB
1790749068,k3d-dev-serverlb,0.00%,3.5MiB / 7.757GiB
1790749068,k3d-dev-agent-0,9.00%,698.7MiB / 7.757GiB
1790749068,k3d-dev-server-0,8.24%,1.64GiB / 7.757GiB
1790749080,musing_satoshi,16.52%,70.05MiB / 7.757GiB
1790749080,payflow-payflow-1,171.66%,591.3MiB / 1.5GiB
1790749080,payflow-postgres-exporter-1,4.91%,11.21MiB / 128MiB
1790749080,payflow-postgres-1,70.13%,246.1MiB / 1GiB
1790749080,payflow-mongo-1,8.31%,97.04MiB / 1GiB
1790749080,payflow-kafka-1,26.01%,520.1MiB / 1.5GiB
1790749080,payflow-keycloak-1,0.17%,980.1MiB / 7.757GiB
1790749080,payflow-settlement-rail-1,2.83%,33.24MiB / 256MiB
1790749080,k3d-dev-agent-1-0,5.59%,1.038GiB / 7.757GiB
1790749080,payflow-grafana-1,1.24%,155MiB / 512MiB
1790749080,payflow-prometheus-1,2.00%,79.96MiB / 1GiB
1790749080,payflow-tempo-1,1.16%,104.4MiB / 1.5GiB
1790749080,k3d-dev-serverlb,0.00%,3.465MiB / 7.757GiB
1790749080,k3d-dev-agent-0,20.36%,691.4MiB / 7.757GiB
1790749080,k3d-dev-server-0,12.56%,1.645GiB / 7.757GiB
1790749094,musing_satoshi,3.61%,70.52MiB / 7.757GiB
1790749094,payflow-payflow-1,116.56%,591.5MiB / 1.5GiB
1790749094,payflow-postgres-exporter-1,0.00%,11.44MiB / 128MiB
1790749094,payflow-postgres-1,52.02%,247.3MiB / 1GiB
1790749094,payflow-mongo-1,3.95%,105.9MiB / 1GiB
1790749094,payflow-kafka-1,122.56%,525.8MiB / 1.5GiB
1790749094,payflow-keycloak-1,0.15%,983.6MiB / 7.757GiB
1790749094,payflow-settlement-rail-1,1.05%,31.32MiB / 256MiB
1790749094,k3d-dev-agent-1-0,2.85%,1.043GiB / 7.757GiB
1790749094,payflow-grafana-1,0.71%,159.6MiB / 512MiB
1790749094,payflow-prometheus-1,0.21%,80.12MiB / 1GiB
1790749094,payflow-tempo-1,0.82%,99.83MiB / 1.5GiB
1790749094,k3d-dev-serverlb,0.00%,3.465MiB / 7.757GiB
1790749094,k3d-dev-agent-0,10.61%,698.9MiB / 7.757GiB
1790749094,k3d-dev-server-0,9.16%,1.662GiB / 7.757GiB
1790749107,musing_satoshi,4.21%,70.21MiB / 7.757GiB
1790749107,payflow-payflow-1,77.29%,590.7MiB / 1.5GiB
1790749107,payflow-postgres-exporter-1,0.00%,11.94MiB / 128MiB
1790749107,payflow-postgres-1,35.81%,247.6MiB / 1GiB
1790749107,payflow-mongo-1,4.44%,100.7MiB / 1GiB
1790749107,payflow-kafka-1,116.55%,578.5MiB / 1.5GiB
1790749107,payflow-keycloak-1,0.18%,970MiB / 7.757GiB
1790749107,payflow-settlement-rail-1,0.65%,30.98MiB / 256MiB
1790749107,k3d-dev-agent-1-0,8.74%,1.046GiB / 7.757GiB
1790749107,payflow-grafana-1,0.84%,159.4MiB / 512MiB
1790749107,payflow-prometheus-1,0.37%,80.17MiB / 1GiB
1790749107,payflow-tempo-1,2.54%,101.1MiB / 1.5GiB
1790749107,k3d-dev-serverlb,0.00%,3.453MiB / 7.757GiB
1790749107,k3d-dev-agent-0,4.16%,708.4MiB / 7.757GiB
1790749107,k3d-dev-server-0,12.17%,1.67GiB / 7.757GiB
1790749119,musing_satoshi,3.95%,69.69MiB / 7.757GiB
1790749119,payflow-payflow-1,76.62%,589.6MiB / 1.5GiB
1790749119,payflow-postgres-exporter-1,0.00%,11.65MiB / 128MiB
1790749119,payflow-postgres-1,26.18%,257.9MiB / 1GiB
1790749119,payflow-mongo-1,3.52%,85.24MiB / 1GiB
1790749119,payflow-kafka-1,15.77%,506.5MiB / 1.5GiB
1790749119,payflow-keycloak-1,0.24%,956MiB / 7.757GiB
1790749119,payflow-settlement-rail-1,0.54%,33.62MiB / 256MiB
1790749119,k3d-dev-agent-1-0,6.28%,1.041GiB / 7.757GiB
1790749119,payflow-grafana-1,0.93%,156MiB / 512MiB
1790749119,payflow-prometheus-1,0.19%,77.35MiB / 1GiB
1790749119,payflow-tempo-1,0.79%,95.64MiB / 1.5GiB
1790749119,k3d-dev-serverlb,0.00%,3.41MiB / 7.757GiB
1790749119,k3d-dev-agent-0,8.56%,700.7MiB / 7.757GiB
1790749119,k3d-dev-server-0,12.18%,1.663GiB / 7.757GiB
1790749133,musing_satoshi,3.59%,69.7MiB / 7.757GiB
1790749133,payflow-payflow-1,65.84%,590MiB / 1.5GiB
1790749133,payflow-postgres-exporter-1,0.00%,10.83MiB / 128MiB
1790749133,payflow-postgres-1,31.31%,258.9MiB / 1GiB
1790749133,payflow-mongo-1,49.00%,87.06MiB / 1GiB
1790749133,payflow-kafka-1,16.99%,512MiB / 1.5GiB
1790749133,payflow-keycloak-1,0.15%,956.1MiB / 7.757GiB
1790749133,payflow-settlement-rail-1,0.72%,30.79MiB / 256MiB
1790749133,k3d-dev-agent-1-0,4.55%,1.045GiB / 7.757GiB
1790749133,payflow-grafana-1,0.90%,156.1MiB / 512MiB
1790749133,payflow-prometheus-1,0.44%,78.02MiB / 1GiB
1790749133,payflow-tempo-1,0.27%,96.42MiB / 1.5GiB
1790749133,k3d-dev-serverlb,0.00%,3.41MiB / 7.757GiB
1790749133,k3d-dev-agent-0,3.24%,705.5MiB / 7.757GiB
1790749133,k3d-dev-server-0,11.06%,1.669GiB / 7.757GiB
1790749145,musing_satoshi,4.04%,69.7MiB / 7.757GiB
1790749145,payflow-payflow-1,66.86%,590MiB / 1.5GiB
1790749145,payflow-postgres-exporter-1,0.00%,11.21MiB / 128MiB
1790749145,payflow-postgres-1,30.88%,259.2MiB / 1GiB
1790749145,payflow-mongo-1,4.18%,87.41MiB / 1GiB
1790749145,payflow-kafka-1,18.70%,516.4MiB / 1.5GiB
1790749145,payflow-keycloak-1,0.18%,956.1MiB / 7.757GiB
1790749145,payflow-settlement-rail-1,0.69%,30.85MiB / 256MiB
1790749145,k3d-dev-agent-1-0,2.60%,1.045GiB / 7.757GiB
1790749145,payflow-grafana-1,1.17%,156.2MiB / 512MiB
1790749145,payflow-prometheus-1,0.23%,78.34MiB / 1GiB
1790749145,payflow-tempo-1,0.32%,93.62MiB / 1.5GiB
1790749145,k3d-dev-serverlb,0.00%,3.41MiB / 7.757GiB
1790749145,k3d-dev-agent-0,3.66%,703.7MiB / 7.757GiB
1790749145,k3d-dev-server-0,17.86%,1.67GiB / 7.757GiB
1790749159,musing_satoshi,4.24%,70.3MiB / 7.757GiB
1790749159,payflow-payflow-1,97.75%,588.8MiB / 1.5GiB
1790749159,payflow-postgres-exporter-1,0.00%,11.33MiB / 128MiB
1790749159,payflow-postgres-1,40.10%,258.6MiB / 1GiB
1790749159,payflow-mongo-1,5.57%,84.54MiB / 1GiB
1790749159,payflow-kafka-1,164.86%,619.9MiB / 1.5GiB
1790749159,payflow-keycloak-1,0.21%,953.3MiB / 7.757GiB
1790749159,payflow-settlement-rail-1,0.98%,30.84MiB / 256MiB
1790749159,k3d-dev-agent-1-0,3.28%,1.058GiB / 7.757GiB
1790749159,payflow-grafana-1,1.11%,156MiB / 512MiB
1790749159,payflow-prometheus-1,0.34%,78.11MiB / 1GiB
1790749159,payflow-tempo-1,0.27%,94.81MiB / 1.5GiB
1790749159,k3d-dev-serverlb,0.00%,3.406MiB / 7.757GiB
1790749159,k3d-dev-agent-0,3.33%,716.4MiB / 7.757GiB
1790749159,k3d-dev-server-0,12.03%,1.669GiB / 7.757GiB
1790749171,musing_satoshi,3.82%,70.47MiB / 7.757GiB
1790749171,payflow-payflow-1,99.10%,588.6MiB / 1.5GiB
1790749171,payflow-postgres-exporter-1,0.00%,10.83MiB / 128MiB
1790749171,payflow-postgres-1,34.47%,258.3MiB / 1GiB
1790749171,payflow-mongo-1,4.34%,94.61MiB / 1GiB
1790749171,payflow-kafka-1,52.17%,529.2MiB / 1.5GiB
1790749171,payflow-keycloak-1,0.21%,947.7MiB / 7.757GiB
1790749171,payflow-settlement-rail-1,0.81%,30.65MiB / 256MiB
1790749171,k3d-dev-agent-1-0,3.26%,1.059GiB / 7.757GiB
1790749171,payflow-grafana-1,0.90%,162.4MiB / 512MiB
1790749171,payflow-prometheus-1,1.35%,78MiB / 1GiB
1790749171,payflow-tempo-1,2.52%,94.92MiB / 1.5GiB
1790749171,k3d-dev-serverlb,0.00%,3.379MiB / 7.757GiB
1790749171,k3d-dev-agent-0,5.39%,715MiB / 7.757GiB
1790749171,k3d-dev-server-0,12.67%,1.671GiB / 7.757GiB
1790749184,musing_satoshi,7.51%,69.77MiB / 7.757GiB
1790749184,payflow-payflow-1,89.71%,586.7MiB / 1.5GiB
1790749184,payflow-postgres-exporter-1,0.00%,12.42MiB / 128MiB
1790749184,payflow-postgres-1,34.24%,267.9MiB / 1GiB
1790749184,payflow-mongo-1,3.93%,97.25MiB / 1GiB
1790749184,payflow-kafka-1,19.88%,490.7MiB / 1.5GiB
1790749184,payflow-keycloak-1,0.46%,932MiB / 7.757GiB
1790749184,payflow-settlement-rail-1,0.79%,30.29MiB / 256MiB
1790749184,k3d-dev-agent-1-0,5.05%,1.053GiB / 7.757GiB
1790749184,payflow-grafana-1,0.90%,162.7MiB / 512MiB
1790749184,payflow-prometheus-1,0.19%,77.92MiB / 1GiB
1790749184,payflow-tempo-1,0.22%,94.2MiB / 1.5GiB
1790749184,k3d-dev-serverlb,0.00%,3.336MiB / 7.757GiB
1790749184,k3d-dev-agent-0,3.51%,708.1MiB / 7.757GiB
1790749184,k3d-dev-server-0,11.20%,1.665GiB / 7.757GiB
1790749198,musing_satoshi,3.17%,71.5MiB / 7.757GiB
1790749198,payflow-payflow-1,87.81%,586.6MiB / 1.5GiB
1790749198,payflow-postgres-exporter-1,2.09%,11.22MiB / 128MiB
1790749198,payflow-postgres-1,31.28%,268.2MiB / 1GiB
1790749198,payflow-mongo-1,50.39%,97.86MiB / 1GiB
1790749198,payflow-kafka-1,14.51%,495.7MiB / 1.5GiB
1790749198,payflow-keycloak-1,0.15%,931.9MiB / 7.757GiB
1790749198,payflow-settlement-rail-1,0.64%,30.34MiB / 256MiB
1790749198,k3d-dev-agent-1-0,3.97%,1.057GiB / 7.757GiB
1790749198,payflow-grafana-1,0.93%,162.7MiB / 512MiB
1790749198,payflow-prometheus-1,1.48%,78MiB / 1GiB
1790749198,payflow-tempo-1,1.13%,93.37MiB / 1.5GiB
1790749198,k3d-dev-serverlb,0.00%,3.34MiB / 7.757GiB
1790749198,k3d-dev-agent-0,6.95%,713.1MiB / 7.757GiB
1790749198,k3d-dev-server-0,14.83%,1.666GiB / 7.757GiB
1790749211,musing_satoshi,4.69%,71.88MiB / 7.757GiB
1790749211,payflow-payflow-1,85.59%,583.9MiB / 1.5GiB
1790749211,payflow-postgres-exporter-1,0.00%,10.99MiB / 128MiB
1790749211,payflow-postgres-1,39.40%,261.3MiB / 1GiB
1790749211,payflow-mongo-1,5.30%,90.15MiB / 1GiB
1790749211,payflow-kafka-1,23.64%,481.7MiB / 1.5GiB
1790749211,payflow-keycloak-1,0.97%,916.7MiB / 7.757GiB
1790749211,payflow-settlement-rail-1,0.85%,30.27MiB / 256MiB
1790749211,k3d-dev-agent-1-0,5.83%,1.052GiB / 7.757GiB
1790749211,payflow-grafana-1,1.12%,161.3MiB / 512MiB
1790749211,payflow-prometheus-1,0.23%,76.55MiB / 1GiB
1790749211,payflow-tempo-1,0.34%,94.05MiB / 1.5GiB
1790749211,k3d-dev-serverlb,0.00%,3.297MiB / 7.757GiB
1790749211,k3d-dev-agent-0,7.76%,704.2MiB / 7.757GiB
1790749211,k3d-dev-server-0,13.76%,1.662GiB / 7.757GiB
1790749225,payflow-payflow-1,12.64%,583.6MiB / 1.5GiB
1790749225,payflow-postgres-exporter-1,2.19%,11.6MiB / 128MiB
1790749225,payflow-postgres-1,6.98%,268.6MiB / 1GiB
1790749225,payflow-mongo-1,0.67%,96.53MiB / 1GiB
1790749225,payflow-kafka-1,44.72%,488.7MiB / 1.5GiB
1790749225,payflow-keycloak-1,0.21%,917MiB / 7.757GiB
1790749225,payflow-settlement-rail-1,0.01%,30.29MiB / 256MiB
1790749225,k3d-dev-agent-1-0,7.69%,1.052GiB / 7.757GiB
1790749225,payflow-grafana-1,1.19%,165.7MiB / 512MiB
1790749225,payflow-prometheus-1,0.36%,77.95MiB / 1GiB
1790749225,payflow-tempo-1,0.39%,100.3MiB / 1.5GiB
1790749225,k3d-dev-serverlb,0.00%,3.301MiB / 7.757GiB
1790749225,k3d-dev-agent-0,3.79%,707.6MiB / 7.757GiB
1790749225,k3d-dev-server-0,7.92%,1.66GiB / 7.757GiB
1790749237,payflow-payflow-1,9.47%,583.6MiB / 1.5GiB
1790749237,payflow-postgres-exporter-1,0.00%,11.29MiB / 128MiB
1790749237,payflow-postgres-1,59.25%,278.1MiB / 1GiB
1790749237,payflow-mongo-1,0.36%,96.6MiB / 1GiB
1790749237,payflow-kafka-1,185.32%,594.2MiB / 1.5GiB
1790749237,payflow-keycloak-1,0.15%,917MiB / 7.757GiB
1790749237,payflow-settlement-rail-1,0.01%,30.29MiB / 256MiB
1790749237,k3d-dev-agent-1-0,3.65%,1.055GiB / 7.757GiB
1790749237,payflow-grafana-1,0.72%,165.7MiB / 512MiB
1790749237,payflow-prometheus-1,0.17%,80.16MiB / 1GiB
1790749237,payflow-tempo-1,0.21%,94.43MiB / 1.5GiB
1790749237,k3d-dev-serverlb,0.00%,3.301MiB / 7.757GiB
1790749237,k3d-dev-agent-0,7.33%,712.5MiB / 7.757GiB
1790749237,k3d-dev-server-0,19.26%,1.615GiB / 7.757GiB
