1790492773,payflow-payflow-1,104.69%,527.6MiB / 1.5GiB
1790492773,payflow-postgres-exporter-1,0.00%,8.559MiB / 128MiB
1790492773,payflow-postgres-1,17.24%,108MiB / 1GiB
1790492773,payflow-mongo-1,10.82%,325MiB / 1GiB
1790492773,payflow-keycloak-1,50.50%,751.3MiB / 10.7GiB
1790492773,payflow-kafka-1,68.95%,539MiB / 1.5GiB
1790492773,payflow-grafana-1,0.81%,338.7MiB / 512MiB
1790492773,payflow-prometheus-1,0.69%,76.35MiB / 1GiB
1790492773,payflow-tempo-1,0.90%,988.4MiB / 1GiB
1790492773,k3d-tiny-url-serverlb,0.00%,25.91MiB / 10.7GiB
1790492773,k3d-tiny-url-server-0,12.06%,1.063GiB / 10.7GiB
1790492773,intelligent_turing,9.38%,31.76MiB / 10.7GiB
1790492780,intelligent_turing,4.66%,39.94MiB / 10.7GiB
1790492780,payflow-payflow-1,83.83%,529.6MiB / 1.5GiB
1790492780,payflow-postgres-exporter-1,1.85%,8.277MiB / 128MiB
1790492780,payflow-postgres-1,20.33%,108.5MiB / 1GiB
1790492780,payflow-mongo-1,3.32%,214MiB / 1GiB
1790492780,payflow-keycloak-1,66.81%,757.4MiB / 10.7GiB
1790492780,payflow-kafka-1,126.72%,554.1MiB / 1.5GiB
1790492780,payflow-grafana-1,0.89%,338.7MiB / 512MiB
1790492780,payflow-prometheus-1,0.45%,76.36MiB / 1GiB
1790492780,payflow-tempo-1,0.25%,987.6MiB / 1GiB
1790492780,k3d-tiny-url-serverlb,0.00%,25.91MiB / 10.7GiB
1790492780,k3d-tiny-url-server-0,8.83%,1.063GiB / 10.7GiB
1790492788,intelligent_turing,3.27%,46.75MiB / 10.7GiB
1790492788,payflow-payflow-1,83.74%,533.3MiB / 1.5GiB
1790492788,payflow-postgres-exporter-1,0.00%,8.746MiB / 128MiB
1790492788,payflow-postgres-1,18.11%,110.6MiB / 1GiB
1790492788,payflow-mongo-1,2.89%,214.2MiB / 1GiB
1790492788,payflow-keycloak-1,0.20%,757.6MiB / 10.7GiB
1790492788,payflow-kafka-1,157.67%,590.6MiB / 1.5GiB
1790492788,payflow-grafana-1,5.94%,338.7MiB / 512MiB
1790492788,payflow-prometheus-1,0.76%,76.37MiB / 1GiB
1790492788,payflow-tempo-1,1.99%,987.5MiB / 1GiB
1790492788,k3d-tiny-url-serverlb,0.02%,25.91MiB / 10.7GiB
1790492788,k3d-tiny-url-server-0,7.64%,1.064GiB / 10.7GiB
1790492795,intelligent_turing,3.82%,54.15MiB / 10.7GiB
1790492795,payflow-payflow-1,82.84%,535.9MiB / 1.5GiB
1790492795,payflow-postgres-exporter-1,0.00%,8.723MiB / 128MiB
1790492795,payflow-postgres-1,18.34%,112.8MiB / 1GiB
1790492795,payflow-mongo-1,3.42%,214.2MiB / 1GiB
1790492795,payflow-keycloak-1,0.24%,757.6MiB / 10.7GiB
1790492795,payflow-kafka-1,190.49%,607.1MiB / 1.5GiB
1790492795,payflow-grafana-1,0.97%,338.7MiB / 512MiB
1790492795,payflow-prometheus-1,0.59%,76.37MiB / 1GiB
1790492795,payflow-tempo-1,0.38%,986.9MiB / 1GiB
1790492795,k3d-tiny-url-serverlb,0.00%,25.91MiB / 10.7GiB
1790492795,k3d-tiny-url-server-0,7.19%,1.062GiB / 10.7GiB
1790492802,intelligent_turing,4.01%,55.28MiB / 10.7GiB
1790492802,payflow-payflow-1,86.78%,537.3MiB / 1.5GiB
1790492802,payflow-postgres-exporter-1,0.00%,7.75MiB / 128MiB
1790492802,payflow-postgres-1,24.03%,115.9MiB / 1GiB
1790492802,payflow-mongo-1,44.13%,214MiB / 1GiB
1790492802,payflow-keycloak-1,0.23%,757.6MiB / 10.7GiB
1790492802,payflow-kafka-1,137.66%,611.8MiB / 1.5GiB
1790492802,payflow-grafana-1,1.15%,338.7MiB / 512MiB
1790492802,payflow-prometheus-1,0.15%,76.37MiB / 1GiB
1790492802,payflow-tempo-1,2.17%,988.4MiB / 1GiB
1790492802,k3d-tiny-url-serverlb,0.00%,25.91MiB / 10.7GiB
1790492802,k3d-tiny-url-server-0,9.30%,1.062GiB / 10.7GiB
1790492809,intelligent_turing,4.46%,56.05MiB / 10.7GiB
1790492809,payflow-payflow-1,75.16%,538.3MiB / 1.5GiB
1790492809,payflow-postgres-exporter-1,0.00%,8.668MiB / 128MiB
1790492809,payflow-postgres-1,22.13%,118.1MiB / 1GiB
1790492809,payflow-mongo-1,4.82%,214.2MiB / 1GiB
1790492809,payflow-keycloak-1,0.21%,757.6MiB / 10.7GiB
1790492809,payflow-kafka-1,44.42%,501.6MiB / 1.5GiB
1790492809,payflow-grafana-1,0.82%,338.7MiB / 512MiB
1790492809,payflow-prometheus-1,0.24%,76.37MiB / 1GiB
1790492809,payflow-tempo-1,3.70%,782.9MiB / 1GiB
1790492809,k3d-tiny-url-serverlb,0.00%,25.91MiB / 10.7GiB
1790492809,k3d-tiny-url-server-0,8.09%,1.063GiB / 10.7GiB
1790492816,intelligent_turing,5.10%,61.85MiB / 10.7GiB
1790492816,payflow-payflow-1,82.10%,539MiB / 1.5GiB
1790492816,payflow-postgres-exporter-1,0.00%,8.367MiB / 128MiB
1790492816,payflow-postgres-1,26.46%,121.2MiB / 1GiB
1790492816,payflow-mongo-1,3.89%,214.3MiB / 1GiB
1790492816,payflow-keycloak-1,0.20%,757.5MiB / 10.7GiB
1790492816,payflow-kafka-1,18.36%,506.6MiB / 1.5GiB
1790492816,payflow-grafana-1,0.71%,338.7MiB / 512MiB
1790492816,payflow-prometheus-1,0.15%,76.37MiB / 1GiB
1790492816,payflow-tempo-1,0.23%,583.5MiB / 1GiB
1790492816,k3d-tiny-url-serverlb,0.00%,25.91MiB / 10.7GiB
1790492816,k3d-tiny-url-server-0,8.54%,1.063GiB / 10.7GiB
1790492824,intelligent_turing,6.43%,62.75MiB / 10.7GiB
1790492824,payflow-payflow-1,84.25%,540.2MiB / 1.5GiB
1790492824,payflow-postgres-exporter-1,0.00%,7.676MiB / 128MiB
1790492824,payflow-postgres-1,22.39%,124.4MiB / 1GiB
1790492824,payflow-mongo-1,48.25%,214.4MiB / 1GiB
1790492824,payflow-keycloak-1,0.23%,757.5MiB / 10.7GiB
1790492824,payflow-kafka-1,21.02%,509.4MiB / 1.5GiB
1790492824,payflow-grafana-1,0.80%,338.7MiB / 512MiB
1790492824,payflow-prometheus-1,0.17%,76.38MiB / 1GiB
1790492824,payflow-tempo-1,0.31%,587.8MiB / 1GiB
1790492824,k3d-tiny-url-serverlb,0.00%,25.91MiB / 10.7GiB
1790492824,k3d-tiny-url-server-0,7.51%,1.062GiB / 10.7GiB
1790492831,intelligent_turing,11.03%,63.14MiB / 10.7GiB
1790492831,payflow-payflow-1,67.01%,541.6MiB / 1.5GiB
1790492831,payflow-postgres-exporter-1,1.56%,8.609MiB / 128MiB
1790492831,payflow-postgres-1,24.28%,127MiB / 1GiB
1790492831,payflow-mongo-1,1.85%,214.7MiB / 1GiB
1790492831,payflow-keycloak-1,0.19%,757.5MiB / 10.7GiB
1790492831,payflow-kafka-1,14.41%,513.3MiB / 1.5GiB
1790492831,payflow-grafana-1,0.79%,338.7MiB / 512MiB
1790492831,payflow-prometheus-1,0.37%,76.39MiB / 1GiB
1790492831,payflow-tempo-1,0.21%,596.4MiB / 1GiB
1790492831,k3d-tiny-url-serverlb,0.00%,25.91MiB / 10.7GiB
1790492831,k3d-tiny-url-server-0,6.83%,1.062GiB / 10.7GiB
1790492838,intelligent_turing,7.05%,63.84MiB / 10.7GiB
1790492838,payflow-payflow-1,99.47%,542.8MiB / 1.5GiB
1790492838,payflow-postgres-exporter-1,0.00%,8.359MiB / 128MiB
1790492838,payflow-postgres-1,30.42%,129.7MiB / 1GiB
1790492838,payflow-mongo-1,4.53%,214.7MiB / 1GiB
1790492838,payflow-keycloak-1,0.94%,757.5MiB / 10.7GiB
1790492838,payflow-kafka-1,30.67%,520.9MiB / 1.5GiB
1790492838,payflow-grafana-1,0.96%,338.7MiB / 512MiB
1790492838,payflow-prometheus-1,0.69%,76.39MiB / 1GiB
1790492838,payflow-tempo-1,4.45%,603.5MiB / 1GiB
1790492838,k3d-tiny-url-serverlb,0.01%,25.91MiB / 10.7GiB
1790492838,k3d-tiny-url-server-0,8.92%,1.063GiB / 10.7GiB
1790492845,intelligent_turing,7.81%,63.9MiB / 10.7GiB
1790492845,payflow-payflow-1,93.09%,545.5MiB / 1.5GiB
1790492845,payflow-postgres-exporter-1,1.48%,9.004MiB / 128MiB
1790492845,payflow-postgres-1,34.02%,132.4MiB / 1GiB
1790492845,payflow-mongo-1,3.83%,214.8MiB / 1GiB
1790492845,payflow-keycloak-1,0.21%,757.4MiB / 10.7GiB
1790492845,payflow-kafka-1,22.79%,514.1MiB / 1.5GiB
1790492845,payflow-grafana-1,0.86%,338.7MiB / 512MiB
1790492845,payflow-prometheus-1,1.04%,76.4MiB / 1GiB
1790492845,payflow-tempo-1,1.54%,609.4MiB / 1GiB
1790492845,k3d-tiny-url-serverlb,0.00%,25.91MiB / 10.7GiB
1790492845,k3d-tiny-url-server-0,7.75%,1.063GiB / 10.7GiB
1790492852,intelligent_turing,7.19%,64.47MiB / 10.7GiB
1790492852,payflow-payflow-1,113.54%,544.3MiB / 1.5GiB
1790492852,payflow-postgres-exporter-1,0.00%,8.5MiB / 128MiB
1790492852,payflow-postgres-1,28.16%,132.6MiB / 1GiB
1790492852,payflow-mongo-1,4.76%,214.8MiB / 1GiB
1790492852,payflow-keycloak-1,0.18%,757.4MiB / 10.7GiB
1790492852,payflow-kafka-1,18.67%,514.7MiB / 1.5GiB
1790492852,payflow-grafana-1,1.16%,338.7MiB / 512MiB
1790492852,payflow-prometheus-1,0.66%,76.41MiB / 1GiB
1790492852,payflow-tempo-1,1.03%,615.8MiB / 1GiB
1790492852,k3d-tiny-url-serverlb,0.00%,25.91MiB / 10.7GiB
1790492852,k3d-tiny-url-server-0,7.14%,1.062GiB / 10.7GiB
1790492860,intelligent_turing,7.85%,64.57MiB / 10.7GiB
1790492860,payflow-payflow-1,84.57%,545.7MiB / 1.5GiB
1790492860,payflow-postgres-exporter-1,0.00%,8.691MiB / 128MiB
1790492860,payflow-postgres-1,32.42%,137.3MiB / 1GiB
1790492860,payflow-mongo-1,5.96%,215.1MiB / 1GiB
1790492860,payflow-keycloak-1,0.19%,757.4MiB / 10.7GiB
1790492860,payflow-kafka-1,17.37%,516.1MiB / 1.5GiB
1790492860,payflow-grafana-1,1.26%,338.7MiB / 512MiB
1790492860,payflow-prometheus-1,0.58%,76.4MiB / 1GiB
1790492860,payflow-tempo-1,0.29%,635.9MiB / 1GiB
1790492860,k3d-tiny-url-serverlb,0.00%,25.91MiB / 10.7GiB
1790492860,k3d-tiny-url-server-0,7.41%,1.063GiB / 10.7GiB
1790492867,intelligent_turing,11.67%,64.88MiB / 10.7GiB
1790492867,payflow-payflow-1,129.70%,548.2MiB / 1.5GiB
1790492867,payflow-postgres-exporter-1,1.45%,9.309MiB / 128MiB
1790492867,payflow-postgres-1,25.38%,147.1MiB / 1GiB
1790492867,payflow-mongo-1,3.83%,215.1MiB / 1GiB
1790492867,payflow-keycloak-1,0.15%,757.4MiB / 10.7GiB
1790492867,payflow-kafka-1,16.95%,516.8MiB / 1.5GiB
1790492867,payflow-grafana-1,0.73%,338.7MiB / 512MiB
1790492867,payflow-prometheus-1,0.14%,76.4MiB / 1GiB
1790492867,payflow-tempo-1,0.96%,653MiB / 1GiB
1790492867,k3d-tiny-url-serverlb,0.00%,25.91MiB / 10.7GiB
1790492867,k3d-tiny-url-server-0,8.03%,1.064GiB / 10.7GiB
1790492874,intelligent_turing,8.66%,64.94MiB / 10.7GiB
1790492874,payflow-payflow-1,94.91%,548.7MiB / 1.5GiB
1790492874,payflow-postgres-exporter-1,0.00%,8.504MiB / 128MiB
1790492874,payflow-postgres-1,30.16%,150.9MiB / 1GiB
1790492874,payflow-mongo-1,3.36%,215.1MiB / 1GiB
1790492874,payflow-keycloak-1,9.06%,757.5MiB / 10.7GiB
1790492874,payflow-kafka-1,57.45%,549.5MiB / 1.5GiB
1790492874,payflow-grafana-1,1.29%,338.7MiB / 512MiB
1790492874,payflow-prometheus-1,0.15%,76.41MiB / 1GiB
1790492874,payflow-tempo-1,0.95%,674.2MiB / 1GiB
1790492874,k3d-tiny-url-serverlb,0.02%,25.91MiB / 10.7GiB
1790492874,k3d-tiny-url-server-0,7.78%,1.064GiB / 10.7GiB
1790492881,intelligent_turing,8.29%,65MiB / 10.7GiB
1790492881,payflow-payflow-1,97.49%,549.3MiB / 1.5GiB
1790492881,payflow-postgres-exporter-1,0.00%,8.844MiB / 128MiB
1790492881,payflow-postgres-1,29.59%,154.9MiB / 1GiB
1790492881,payflow-mongo-1,5.37%,215.2MiB / 1GiB
1790492881,payflow-keycloak-1,0.17%,757.5MiB / 10.7GiB
1790492881,payflow-kafka-1,138.33%,592.6MiB / 1.5GiB
1790492881,payflow-grafana-1,0.75%,338.7MiB / 512MiB
1790492881,payflow-prometheus-1,0.17%,76.41MiB / 1GiB
1790492881,payflow-tempo-1,0.24%,699MiB / 1GiB
1790492881,k3d-tiny-url-serverlb,0.00%,25.91MiB / 10.7GiB
1790492881,k3d-tiny-url-server-0,7.77%,1.063GiB / 10.7GiB
1790492889,intelligent_turing,8.77%,65.15MiB / 10.7GiB
1790492889,payflow-payflow-1,134.72%,557.2MiB / 1.5GiB
1790492889,payflow-postgres-exporter-1,0.00%,8.785MiB / 128MiB
1790492889,payflow-postgres-1,25.92%,158.1MiB / 1GiB
1790492889,payflow-mongo-1,3.26%,215MiB / 1GiB
1790492889,payflow-keycloak-1,0.15%,757.5MiB / 10.7GiB
1790492889,payflow-kafka-1,192.85%,631MiB / 1.5GiB
1790492889,payflow-grafana-1,0.69%,338.7MiB / 512MiB
1790492889,payflow-prometheus-1,0.16%,76.41MiB / 1GiB
1790492889,payflow-tempo-1,4.64%,727.5MiB / 1GiB
1790492889,k3d-tiny-url-serverlb,0.02%,25.91MiB / 10.7GiB
1790492889,k3d-tiny-url-server-0,7.53%,1.064GiB / 10.7GiB
1790492896,intelligent_turing,8.70%,65.68MiB / 10.7GiB
1790492896,payflow-payflow-1,87.84%,550.9MiB / 1.5GiB
1790492896,payflow-postgres-exporter-1,1.34%,8.914MiB / 128MiB
1790492896,payflow-postgres-1,28.91%,161.8MiB / 1GiB
1790492896,payflow-mongo-1,34.91%,215MiB / 1GiB
1790492896,payflow-keycloak-1,0.19%,757.5MiB / 10.7GiB
1790492896,payflow-kafka-1,118.73%,525.1MiB / 1.5GiB
1790492896,payflow-grafana-1,0.82%,338.7MiB / 512MiB
1790492896,payflow-prometheus-1,0.35%,76.42MiB / 1GiB
1790492896,payflow-tempo-1,0.20%,740.6MiB / 1GiB
1790492896,k3d-tiny-url-serverlb,0.00%,25.91MiB / 10.7GiB
1790492896,k3d-tiny-url-server-0,6.88%,1.064GiB / 10.7GiB
1790492903,intelligent_turing,13.31%,65.81MiB / 10.7GiB
1790492903,payflow-payflow-1,99.33%,551.3MiB / 1.5GiB
1790492903,payflow-postgres-exporter-1,0.00%,8.801MiB / 128MiB
1790492903,payflow-postgres-1,33.43%,164.2MiB / 1GiB
1790492903,payflow-mongo-1,6.01%,215MiB / 1GiB
1790492903,payflow-keycloak-1,0.19%,757.5MiB / 10.7GiB
1790492903,payflow-kafka-1,42.81%,523.7MiB / 1.5GiB
1790492903,payflow-grafana-1,1.21%,338.7MiB / 512MiB
1790492903,payflow-prometheus-1,0.65%,76.42MiB / 1GiB
1790492903,payflow-tempo-1,0.33%,768.8MiB / 1GiB
1790492903,k3d-tiny-url-serverlb,0.01%,25.91MiB / 10.7GiB
1790492903,k3d-tiny-url-server-0,8.60%,1.064GiB / 10.7GiB
1790492910,intelligent_turing,9.47%,65.83MiB / 10.7GiB
1790492910,payflow-payflow-1,82.74%,551.7MiB / 1.5GiB
1790492910,payflow-postgres-exporter-1,1.61%,8.863MiB / 128MiB
1790492910,payflow-postgres-1,30.28%,165.5MiB / 1GiB
1790492910,payflow-mongo-1,4.45%,215.1MiB / 1GiB
1790492910,payflow-keycloak-1,0.15%,757.4MiB / 10.7GiB
1790492910,payflow-kafka-1,17.26%,525.6MiB / 1.5GiB
1790492910,payflow-grafana-1,0.69%,338.7MiB / 512MiB
1790492910,payflow-prometheus-1,0.76%,76.43MiB / 1GiB
1790492910,payflow-tempo-1,0.19%,608.6MiB / 1GiB
1790492910,k3d-tiny-url-serverlb,0.00%,25.91MiB / 10.7GiB
1790492910,k3d-tiny-url-server-0,6.61%,1.063GiB / 10.7GiB
1790492917,intelligent_turing,10.41%,66.45MiB / 10.7GiB
1790492917,payflow-payflow-1,99.18%,553.3MiB / 1.5GiB
1790492917,payflow-postgres-exporter-1,0.00%,8.453MiB / 128MiB
1790492917,payflow-postgres-1,33.80%,167.3MiB / 1GiB
1790492917,payflow-mongo-1,47.43%,215.2MiB / 1GiB
1790492917,payflow-keycloak-1,0.17%,757.4MiB / 10.7GiB
1790492917,payflow-kafka-1,18.78%,526.9MiB / 1.5GiB
1790492917,payflow-grafana-1,0.78%,338.7MiB / 512MiB
1790492917,payflow-prometheus-1,0.99%,76.43MiB / 1GiB
1790492917,payflow-tempo-1,0.76%,134.5MiB / 1GiB
1790492917,k3d-tiny-url-serverlb,0.00%,25.91MiB / 10.7GiB
1790492917,k3d-tiny-url-server-0,6.74%,1.064GiB / 10.7GiB
1790492925,intelligent_turing,14.45%,66.68MiB / 10.7GiB
1790492925,payflow-payflow-1,84.13%,553.9MiB / 1.5GiB
1790492925,payflow-postgres-exporter-1,0.00%,8.145MiB / 128MiB
1790492925,payflow-postgres-1,27.73%,172MiB / 1GiB
1790492925,payflow-mongo-1,3.76%,215.2MiB / 1GiB
1790492925,payflow-keycloak-1,0.18%,757.4MiB / 10.7GiB
1790492925,payflow-kafka-1,17.15%,527.2MiB / 1.5GiB
1790492925,payflow-grafana-1,0.69%,338.7MiB / 512MiB
1790492925,payflow-prometheus-1,0.57%,76.44MiB / 1GiB
1790492925,payflow-tempo-1,2.24%,130.4MiB / 1GiB
1790492925,k3d-tiny-url-serverlb,0.00%,25.91MiB / 10.7GiB
1790492925,k3d-tiny-url-server-0,6.28%,1.064GiB / 10.7GiB
1790492932,intelligent_turing,10.27%,66.71MiB / 10.7GiB
1790492932,payflow-payflow-1,92.42%,560.7MiB / 1.5GiB
1790492932,payflow-postgres-exporter-1,0.00%,8.75MiB / 128MiB
1790492932,payflow-postgres-1,32.44%,175.4MiB / 1GiB
1790492932,payflow-mongo-1,5.58%,215.3MiB / 1GiB
1790492932,payflow-keycloak-1,0.17%,757.4MiB / 10.7GiB
1790492932,payflow-kafka-1,19.56%,530.5MiB / 1.5GiB
1790492932,payflow-grafana-1,0.72%,338.7MiB / 512MiB
1790492932,payflow-prometheus-1,0.16%,76.45MiB / 1GiB
1790492932,payflow-tempo-1,0.75%,128.2MiB / 1GiB
1790492932,k3d-tiny-url-serverlb,0.00%,25.91MiB / 10.7GiB
1790492932,k3d-tiny-url-server-0,7.76%,1.064GiB / 10.7GiB
1790492939,intelligent_turing,10.06%,66.79MiB / 10.7GiB
1790492939,payflow-payflow-1,94.20%,555.1MiB / 1.5GiB
1790492939,payflow-postgres-exporter-1,0.00%,8.664MiB / 128MiB
1790492939,payflow-postgres-1,29.65%,180.1MiB / 1GiB
1790492939,payflow-mongo-1,5.77%,219.5MiB / 1GiB
1790492939,payflow-keycloak-1,0.15%,757.5MiB / 10.7GiB
1790492939,payflow-kafka-1,16.10%,528.8MiB / 1.5GiB
1790492939,payflow-grafana-1,0.75%,338.7MiB / 512MiB
1790492939,payflow-prometheus-1,0.14%,76.45MiB / 1GiB
1790492939,payflow-tempo-1,0.22%,125.6MiB / 1GiB
1790492939,k3d-tiny-url-serverlb,0.01%,25.91MiB / 10.7GiB
1790492939,k3d-tiny-url-server-0,9.23%,1.063GiB / 10.7GiB
1790492946,intelligent_turing,10.63%,66.8MiB / 10.7GiB
1790492946,payflow-payflow-1,96.15%,555.8MiB / 1.5GiB
1790492946,payflow-postgres-exporter-1,1.32%,8.598MiB / 128MiB
1790492946,payflow-postgres-1,37.56%,184.1MiB / 1GiB
1790492946,payflow-mongo-1,4.82%,216.8MiB / 1GiB
1790492946,payflow-keycloak-1,0.15%,757.5MiB / 10.7GiB
1790492946,payflow-kafka-1,19.54%,531.5MiB / 1.5GiB
1790492946,payflow-grafana-1,0.73%,338.7MiB / 512MiB
1790492946,payflow-prometheus-1,0.40%,76.45MiB / 1GiB
1790492946,payflow-tempo-1,0.88%,128.7MiB / 1GiB
1790492946,k3d-tiny-url-serverlb,0.01%,25.91MiB / 10.7GiB
1790492946,k3d-tiny-url-server-0,6.87%,1.064GiB / 10.7GiB
1790492953,intelligent_turing,14.49%,67.26MiB / 10.7GiB
1790492953,payflow-payflow-1,93.65%,556.2MiB / 1.5GiB
1790492953,payflow-postgres-exporter-1,0.00%,8.664MiB / 128MiB
1790492953,payflow-postgres-1,32.89%,188.9MiB / 1GiB
1790492953,payflow-mongo-1,4.30%,216.9MiB / 1GiB
1790492953,payflow-keycloak-1,0.16%,757.5MiB / 10.7GiB
1790492953,payflow-kafka-1,15.70%,532.2MiB / 1.5GiB
1790492953,payflow-grafana-1,0.77%,338.7MiB / 512MiB
1790492953,payflow-prometheus-1,0.22%,76.46MiB / 1GiB
1790492953,payflow-tempo-1,0.93%,132.3MiB / 1GiB
1790492953,k3d-tiny-url-serverlb,0.00%,25.91MiB / 10.7GiB
1790492953,k3d-tiny-url-server-0,6.73%,1.064GiB / 10.7GiB
1790492961,intelligent_turing,19.75%,67.29MiB / 10.7GiB
1790492961,payflow-payflow-1,104.48%,556.8MiB / 1.5GiB
1790492961,payflow-postgres-exporter-1,0.00%,8.516MiB / 128MiB
1790492961,payflow-postgres-1,40.40%,190.8MiB / 1GiB
1790492961,payflow-mongo-1,4.21%,216.9MiB / 1GiB
1790492961,payflow-keycloak-1,0.17%,757.5MiB / 10.7GiB
1790492961,payflow-kafka-1,20.67%,534MiB / 1.5GiB
1790492961,payflow-grafana-1,0.80%,338.7MiB / 512MiB
1790492961,payflow-prometheus-1,0.70%,76.46MiB / 1GiB
1790492961,payflow-tempo-1,0.21%,126.1MiB / 1GiB
1790492961,k3d-tiny-url-serverlb,0.01%,25.91MiB / 10.7GiB
1790492961,k3d-tiny-url-server-0,7.81%,1.064GiB / 10.7GiB
1790492968,intelligent_turing,15.52%,67.28MiB / 10.7GiB
1790492968,payflow-payflow-1,105.24%,557.2MiB / 1.5GiB
1790492968,payflow-postgres-exporter-1,0.00%,8.453MiB / 128MiB
1790492968,payflow-postgres-1,35.96%,192.4MiB / 1GiB
1790492968,payflow-mongo-1,47.73%,216.9MiB / 1GiB
1790492968,payflow-keycloak-1,0.17%,757.4MiB / 10.7GiB
1790492968,payflow-kafka-1,18.58%,545.3MiB / 1.5GiB
1790492968,payflow-grafana-1,0.93%,338.7MiB / 512MiB
1790492968,payflow-prometheus-1,0.95%,76.46MiB / 1GiB
1790492968,payflow-tempo-1,0.70%,129.1MiB / 1GiB
1790492968,k3d-tiny-url-serverlb,0.01%,25.91MiB / 10.7GiB
1790492968,k3d-tiny-url-server-0,8.90%,1.063GiB / 10.7GiB
1790492975,intelligent_turing,13.48%,67.42MiB / 10.7GiB
1790492975,payflow-payflow-1,101.04%,557.2MiB / 1.5GiB
1790492975,payflow-postgres-exporter-1,0.00%,9.027MiB / 128MiB
1790492975,payflow-postgres-1,34.66%,195.1MiB / 1GiB
1790492975,payflow-mongo-1,5.38%,216.7MiB / 1GiB
1790492975,payflow-keycloak-1,0.18%,757.4MiB / 10.7GiB
1790492975,payflow-kafka-1,45.39%,559.1MiB / 1.5GiB
1790492975,payflow-grafana-1,0.82%,338.7MiB / 512MiB
1790492975,payflow-prometheus-1,0.61%,76.47MiB / 1GiB
1790492975,payflow-tempo-1,0.84%,125.1MiB / 1GiB
1790492975,k3d-tiny-url-serverlb,0.00%,25.91MiB / 10.7GiB
1790492975,k3d-tiny-url-server-0,6.63%,1.064GiB / 10.7GiB
1790492982,intelligent_turing,15.40%,67.45MiB / 10.7GiB
1790492982,payflow-payflow-1,116.83%,558.1MiB / 1.5GiB
1790492982,payflow-postgres-exporter-1,0.00%,8.719MiB / 128MiB
1790492982,payflow-postgres-1,40.98%,199.8MiB / 1GiB
1790492982,payflow-mongo-1,5.75%,216.7MiB / 1GiB
1790492982,payflow-keycloak-1,0.17%,757.4MiB / 10.7GiB
1790492982,payflow-kafka-1,130.03%,592.1MiB / 1.5GiB
1790492982,payflow-grafana-1,0.91%,338.7MiB / 512MiB
1790492982,payflow-prometheus-1,0.16%,76.47MiB / 1GiB
1790492982,payflow-tempo-1,1.12%,126.9MiB / 1GiB
1790492982,k3d-tiny-url-serverlb,0.00%,25.91MiB / 10.7GiB
1790492982,k3d-tiny-url-server-0,6.69%,1.063GiB / 10.7GiB
1790492989,intelligent_turing,18.49%,68.83MiB / 10.7GiB
1790492989,payflow-payflow-1,111.63%,564.3MiB / 1.5GiB
1790492989,payflow-postgres-exporter-1,0.00%,9.117MiB / 128MiB
1790492989,payflow-postgres-1,43.46%,206.2MiB / 1GiB
1790492989,payflow-mongo-1,59.52%,219.1MiB / 1GiB
1790492989,payflow-keycloak-1,0.16%,757.4MiB / 10.7GiB
1790492989,payflow-kafka-1,195.33%,623.4MiB / 1.5GiB
1790492989,payflow-grafana-1,0.90%,338.7MiB / 512MiB
1790492989,payflow-prometheus-1,0.72%,76.48MiB / 1GiB
1790492989,payflow-tempo-1,0.89%,129.1MiB / 1GiB
1790492989,k3d-tiny-url-serverlb,0.00%,25.91MiB / 10.7GiB
1790492989,k3d-tiny-url-server-0,8.39%,1.064GiB / 10.7GiB
1790492997,intelligent_turing,15.85%,68.93MiB / 10.7GiB
1790492997,payflow-payflow-1,120.29%,565.2MiB / 1.5GiB
1790492997,payflow-postgres-exporter-1,0.00%,8.977MiB / 128MiB
1790492997,payflow-postgres-1,43.26%,211.2MiB / 1GiB
1790492997,payflow-mongo-1,5.15%,219.1MiB / 1GiB
1790492997,payflow-keycloak-1,0.16%,757.5MiB / 10.7GiB
1790492997,payflow-kafka-1,173.66%,646MiB / 1.5GiB
1790492997,payflow-grafana-1,0.75%,338.7MiB / 512MiB
1790492997,payflow-prometheus-1,0.15%,76.48MiB / 1GiB
1790492997,payflow-tempo-1,1.29%,127.8MiB / 1GiB
1790492997,k3d-tiny-url-serverlb,0.04%,25.91MiB / 10.7GiB
1790492997,k3d-tiny-url-server-0,9.20%,1.064GiB / 10.7GiB
1790493004,intelligent_turing,16.80%,68.95MiB / 10.7GiB
1790493004,payflow-payflow-1,124.30%,565.8MiB / 1.5GiB
1790493004,payflow-postgres-exporter-1,0.00%,8.797MiB / 128MiB
1790493004,payflow-postgres-1,44.70%,216.4MiB / 1GiB
1790493004,payflow-mongo-1,6.00%,219.4MiB / 1GiB
1790493004,payflow-keycloak-1,0.15%,757.5MiB / 10.7GiB
1790493004,payflow-kafka-1,105.99%,546.4MiB / 1.5GiB
1790493004,payflow-grafana-1,0.82%,338.7MiB / 512MiB
1790493004,payflow-prometheus-1,0.14%,76.48MiB / 1GiB
1790493004,payflow-tempo-1,0.21%,129.5MiB / 1GiB
1790493004,k3d-tiny-url-serverlb,0.00%,25.91MiB / 10.7GiB
1790493004,k3d-tiny-url-server-0,6.80%,1.064GiB / 10.7GiB
1790493011,intelligent_turing,15.72%,68.96MiB / 10.7GiB
1790493011,payflow-payflow-1,113.44%,565.2MiB / 1.5GiB
1790493011,payflow-postgres-exporter-1,1.86%,8.926MiB / 128MiB
1790493011,payflow-postgres-1,39.92%,221.3MiB / 1GiB
1790493011,payflow-mongo-1,9.63%,256.2MiB / 1GiB
1790493011,payflow-keycloak-1,0.19%,757.5MiB / 10.7GiB
1790493011,payflow-kafka-1,31.07%,542.4MiB / 1.5GiB
1790493011,payflow-grafana-1,0.82%,338.7MiB / 512MiB
1790493011,payflow-prometheus-1,0.83%,76.49MiB / 1GiB
1790493011,payflow-tempo-1,0.90%,130.2MiB / 1GiB
1790493011,k3d-tiny-url-serverlb,0.00%,25.91MiB / 10.7GiB
1790493011,k3d-tiny-url-server-0,7.11%,1.063GiB / 10.7GiB
1790493018,intelligent_turing,17.83%,69.79MiB / 10.7GiB
1790493018,payflow-payflow-1,120.96%,565.3MiB / 1.5GiB
1790493018,payflow-postgres-exporter-1,0.00%,8.332MiB / 128MiB
1790493018,payflow-postgres-1,97.98%,227MiB / 1GiB
1790493018,payflow-mongo-1,5.61%,219.5MiB / 1GiB
1790493018,payflow-keycloak-1,77.33%,759.2MiB / 10.7GiB
1790493018,payflow-kafka-1,18.53%,548.2MiB / 1.5GiB
1790493018,payflow-grafana-1,0.96%,338.7MiB / 512MiB
1790493018,payflow-prometheus-1,0.82%,76.5MiB / 1GiB
1790493018,payflow-tempo-1,5.53%,130.6MiB / 1GiB
1790493018,k3d-tiny-url-serverlb,0.00%,25.91MiB / 10.7GiB
1790493018,k3d-tiny-url-server-0,7.14%,1.064GiB / 10.7GiB
1790493025,intelligent_turing,20.81%,70.03MiB / 10.7GiB
1790493025,payflow-payflow-1,111.31%,565.9MiB / 1.5GiB
1790493025,payflow-postgres-exporter-1,1.65%,8.25MiB / 128MiB
1790493025,payflow-postgres-1,48.88%,231.1MiB / 1GiB
1790493025,payflow-mongo-1,5.62%,219.5MiB / 1GiB
1790493025,payflow-keycloak-1,0.25%,759.9MiB / 10.7GiB
1790493025,payflow-kafka-1,16.70%,544.8MiB / 1.5GiB
1790493025,payflow-grafana-1,0.76%,338.9MiB / 512MiB
1790493025,payflow-prometheus-1,0.43%,76.5MiB / 1GiB
1790493025,payflow-tempo-1,1.43%,131.5MiB / 1GiB
1790493025,k3d-tiny-url-serverlb,0.00%,25.91MiB / 10.7GiB
1790493025,k3d-tiny-url-server-0,6.95%,1.064GiB / 10.7GiB
1790493033,intelligent_turing,23.05%,70.07MiB / 10.7GiB
1790493033,payflow-payflow-1,130.45%,565.8MiB / 1.5GiB
1790493033,payflow-postgres-exporter-1,0.00%,8.648MiB / 128MiB
1790493033,payflow-postgres-1,48.49%,236.8MiB / 1GiB
1790493033,payflow-mongo-1,4.36%,219.3MiB / 1GiB
1790493033,payflow-keycloak-1,0.23%,759.9MiB / 10.7GiB
1790493033,payflow-kafka-1,18.57%,547.7MiB / 1.5GiB
1790493033,payflow-grafana-1,0.91%,338.9MiB / 512MiB
1790493033,payflow-prometheus-1,0.81%,76.5MiB / 1GiB
1790493033,payflow-tempo-1,1.07%,132.5MiB / 1GiB
1790493033,k3d-tiny-url-serverlb,0.00%,25.91MiB / 10.7GiB
1790493033,k3d-tiny-url-server-0,8.88%,1.063GiB / 10.7GiB
1790493040,intelligent_turing,21.68%,70.09MiB / 10.7GiB
1790493040,payflow-payflow-1,145.76%,568.1MiB / 1.5GiB
1790493040,payflow-postgres-exporter-1,0.00%,8.73MiB / 128MiB
1790493040,payflow-postgres-1,50.16%,246.5MiB / 1GiB
1790493040,payflow-mongo-1,33.36%,219.4MiB / 1GiB
1790493040,payflow-keycloak-1,0.25%,759.9MiB / 10.7GiB
1790493040,payflow-kafka-1,18.02%,547.5MiB / 1.5GiB
1790493040,payflow-grafana-1,0.94%,338.9MiB / 512MiB
1790493040,payflow-prometheus-1,0.52%,76.51MiB / 1GiB
1790493040,payflow-tempo-1,2.86%,134.6MiB / 1GiB
1790493040,k3d-tiny-url-serverlb,0.01%,25.91MiB / 10.7GiB
1790493040,k3d-tiny-url-server-0,7.56%,1.064GiB / 10.7GiB
1790493047,intelligent_turing,21.13%,72.41MiB / 10.7GiB
1790493047,payflow-payflow-1,120.76%,566.6MiB / 1.5GiB
1790493047,payflow-postgres-exporter-1,0.00%,8.762MiB / 128MiB
1790493047,payflow-postgres-1,44.73%,253MiB / 1GiB
1790493047,payflow-mongo-1,5.57%,219.4MiB / 1GiB
1790493047,payflow-keycloak-1,0.22%,759.9MiB / 10.7GiB
1790493047,payflow-kafka-1,17.95%,548.2MiB / 1.5GiB
1790493047,payflow-grafana-1,0.75%,338.9MiB / 512MiB
1790493047,payflow-prometheus-1,0.15%,76.51MiB / 1GiB
1790493047,payflow-tempo-1,0.82%,131.7MiB / 1GiB
1790493047,k3d-tiny-url-serverlb,0.00%,25.91MiB / 10.7GiB
1790493047,k3d-tiny-url-server-0,7.55%,1.064GiB / 10.7GiB
1790493054,intelligent_turing,25.74%,72.41MiB / 10.7GiB
1790493054,payflow-payflow-1,157.93%,567.9MiB / 1.5GiB
1790493054,payflow-postgres-exporter-1,0.00%,8.891MiB / 128MiB
1790493054,payflow-postgres-1,52.46%,254.6MiB / 1GiB
1790493054,payflow-mongo-1,3.29%,219.5MiB / 1GiB
1790493054,payflow-keycloak-1,1.09%,759.4MiB / 10.7GiB
1790493054,payflow-kafka-1,21.00%,553.7MiB / 1.5GiB
1790493054,payflow-grafana-1,1.19%,338.9MiB / 512MiB
1790493054,payflow-prometheus-1,0.61%,76.77MiB / 1GiB
1790493054,payflow-tempo-1,2.48%,130.4MiB / 1GiB
1790493054,k3d-tiny-url-serverlb,0.00%,25.91MiB / 10.7GiB
1790493054,k3d-tiny-url-server-0,7.21%,1.065GiB / 10.7GiB
1790493062,intelligent_turing,18.46%,72.45MiB / 10.7GiB
1790493062,payflow-payflow-1,123.07%,569MiB / 1.5GiB
1790493062,payflow-postgres-exporter-1,0.00%,9.613MiB / 128MiB
1790493062,payflow-postgres-1,49.39%,257.1MiB / 1GiB
1790493062,payflow-mongo-1,52.63%,219.8MiB / 1GiB
1790493062,payflow-keycloak-1,0.21%,759.4MiB / 10.7GiB
1790493062,payflow-kafka-1,17.60%,550.8MiB / 1.5GiB
1790493062,payflow-grafana-1,0.74%,338.9MiB / 512MiB
1790493062,payflow-prometheus-1,0.14%,76.52MiB / 1GiB
1790493062,payflow-tempo-1,0.69%,133.9MiB / 1GiB
1790493062,k3d-tiny-url-serverlb,0.00%,25.91MiB / 10.7GiB
1790493062,k3d-tiny-url-server-0,12.43%,1.064GiB / 10.7GiB
1790493069,intelligent_turing,22.02%,72.49MiB / 10.7GiB
1790493069,payflow-payflow-1,125.38%,569.6MiB / 1.5GiB
1790493069,payflow-postgres-exporter-1,0.00%,10.14MiB / 128MiB
1790493069,payflow-postgres-1,47.81%,257.7MiB / 1GiB
1790493069,payflow-mongo-1,4.87%,219.8MiB / 1GiB
1790493069,payflow-keycloak-1,0.19%,759.4MiB / 10.7GiB
1790493069,payflow-kafka-1,26.04%,560.5MiB / 1.5GiB
1790493069,payflow-grafana-1,0.67%,338.9MiB / 512MiB
1790493069,payflow-prometheus-1,0.14%,76.52MiB / 1GiB
1790493069,payflow-tempo-1,4.56%,133.8MiB / 1GiB
1790493069,k3d-tiny-url-serverlb,0.00%,25.91MiB / 10.7GiB
1790493069,k3d-tiny-url-server-0,7.69%,1.064GiB / 10.7GiB
1790493076,intelligent_turing,18.83%,75.01MiB / 10.7GiB
1790493076,payflow-payflow-1,123.64%,571.9MiB / 1.5GiB
1790493076,payflow-postgres-exporter-1,1.71%,8.406MiB / 128MiB
1790493076,payflow-postgres-1,54.63%,260.7MiB / 1GiB
1790493076,payflow-mongo-1,5.74%,219.9MiB / 1GiB
1790493076,payflow-keycloak-1,0.19%,759.4MiB / 10.7GiB
1790493076,payflow-kafka-1,17.22%,553.3MiB / 1.5GiB
1790493076,payflow-grafana-1,0.65%,338.9MiB / 512MiB
1790493076,payflow-prometheus-1,0.38%,76.52MiB / 1GiB
1790493076,payflow-tempo-1,0.90%,130.4MiB / 1GiB
1790493076,k3d-tiny-url-serverlb,0.00%,25.91MiB / 10.7GiB
1790493076,k3d-tiny-url-server-0,10.43%,1.065GiB / 10.7GiB
1790493083,intelligent_turing,23.22%,75.05MiB / 10.7GiB
1790493083,payflow-payflow-1,132.54%,572MiB / 1.5GiB
1790493083,payflow-postgres-exporter-1,0.00%,8.203MiB / 128MiB
1790493083,payflow-postgres-1,53.50%,263.7MiB / 1GiB
1790493083,payflow-mongo-1,31.79%,364.8MiB / 1GiB
1790493083,payflow-keycloak-1,0.19%,759.4MiB / 10.7GiB
1790493083,payflow-kafka-1,20.24%,555.2MiB / 1.5GiB
1790493083,payflow-grafana-1,1.03%,338.9MiB / 512MiB
1790493083,payflow-prometheus-1,0.23%,76.53MiB / 1GiB
1790493083,payflow-tempo-1,2.80%,131.3MiB / 1GiB
1790493083,k3d-tiny-url-serverlb,0.02%,25.91MiB / 10.7GiB
1790493083,k3d-tiny-url-server-0,6.71%,1.065GiB / 10.7GiB
1790493091,intelligent_turing,20.76%,75.03MiB / 10.7GiB
1790493091,payflow-payflow-1,134.36%,571.8MiB / 1.5GiB
1790493091,payflow-postgres-exporter-1,0.00%,8.906MiB / 128MiB
1790493091,payflow-postgres-1,61.33%,265.5MiB / 1GiB
1790493091,payflow-mongo-1,5.15%,220.7MiB / 1GiB
1790493091,payflow-keycloak-1,0.28%,759.3MiB / 10.7GiB
1790493091,payflow-kafka-1,19.40%,557.9MiB / 1.5GiB
1790493091,payflow-grafana-1,0.70%,338.9MiB / 512MiB
1790493091,payflow-prometheus-1,0.36%,76.53MiB / 1GiB
1790493091,payflow-tempo-1,0.84%,134.5MiB / 1GiB
1790493091,k3d-tiny-url-serverlb,0.00%,25.91MiB / 10.7GiB
1790493091,k3d-tiny-url-server-0,6.88%,1.064GiB / 10.7GiB
1790493098,intelligent_turing,25.03%,75.06MiB / 10.7GiB
1790493098,payflow-payflow-1,133.98%,573.4MiB / 1.5GiB
1790493098,payflow-postgres-exporter-1,0.00%,8.891MiB / 128MiB
1790493098,payflow-postgres-1,53.05%,265.6MiB / 1GiB
1790493098,payflow-mongo-1,2.85%,220.8MiB / 1GiB
1790493098,payflow-keycloak-1,0.18%,759.3MiB / 10.7GiB
1790493098,payflow-kafka-1,56.94%,588.9MiB / 1.5GiB
1790493098,payflow-grafana-1,0.90%,338.9MiB / 512MiB
1790493098,payflow-prometheus-1,0.13%,76.54MiB / 1GiB
1790493098,payflow-tempo-1,2.59%,133.1MiB / 1GiB
1790493098,k3d-tiny-url-serverlb,0.00%,25.91MiB / 10.7GiB
1790493098,k3d-tiny-url-server-0,6.80%,1.064GiB / 10.7GiB
1790493105,intelligent_turing,26.29%,75.07MiB / 10.7GiB
1790493105,payflow-payflow-1,146.26%,581.6MiB / 1.5GiB
1790493105,payflow-postgres-exporter-1,0.00%,8.523MiB / 128MiB
1790493105,payflow-postgres-1,58.79%,266.9MiB / 1GiB
1790493105,payflow-mongo-1,5.72%,220.8MiB / 1GiB
1790493105,payflow-keycloak-1,0.18%,759.3MiB / 10.7GiB
1790493105,payflow-kafka-1,144.06%,628.5MiB / 1.5GiB
1790493105,payflow-grafana-1,0.85%,338.9MiB / 512MiB
1790493105,payflow-prometheus-1,0.57%,76.54MiB / 1GiB
1790493105,payflow-tempo-1,5.42%,130.4MiB / 1GiB
1790493105,k3d-tiny-url-serverlb,0.03%,25.91MiB / 10.7GiB
1790493105,k3d-tiny-url-server-0,7.50%,1.065GiB / 10.7GiB
1790493112,intelligent_turing,26.96%,78.3MiB / 10.7GiB
1790493112,payflow-payflow-1,142.75%,581.8MiB / 1.5GiB
1790493112,payflow-postgres-exporter-1,0.00%,8.828MiB / 128MiB
1790493112,payflow-postgres-1,58.93%,269.7MiB / 1GiB
1790493112,payflow-mongo-1,10.29%,222.6MiB / 1GiB
1790493112,payflow-keycloak-1,0.20%,759.3MiB / 10.7GiB
1790493112,payflow-kafka-1,191.37%,650.3MiB / 1.5GiB
1790493112,payflow-grafana-1,0.73%,338.9MiB / 512MiB
1790493112,payflow-prometheus-1,0.16%,76.54MiB / 1GiB
1790493112,payflow-tempo-1,2.04%,136.2MiB / 1GiB
1790493112,k3d-tiny-url-serverlb,0.01%,25.91MiB / 10.7GiB
1790493112,k3d-tiny-url-server-0,7.13%,1.065GiB / 10.7GiB
1790493119,intelligent_turing,23.30%,78.3MiB / 10.7GiB
1790493119,payflow-payflow-1,149.79%,582.1MiB / 1.5GiB
1790493119,payflow-postgres-exporter-1,0.00%,9.574MiB / 128MiB
1790493119,payflow-postgres-1,58.80%,270.8MiB / 1GiB
1790493119,payflow-mongo-1,6.05%,222.9MiB / 1GiB
1790493119,payflow-keycloak-1,0.20%,759.4MiB / 10.7GiB
1790493119,payflow-kafka-1,166.48%,667.3MiB / 1.5GiB
1790493119,payflow-grafana-1,0.94%,338.9MiB / 512MiB
1790493119,payflow-prometheus-1,2.20%,77.49MiB / 1GiB
1790493119,payflow-tempo-1,0.91%,137.2MiB / 1GiB
1790493119,k3d-tiny-url-serverlb,0.00%,25.91MiB / 10.7GiB
1790493119,k3d-tiny-url-server-0,9.90%,1.064GiB / 10.7GiB
1790493127,intelligent_turing,23.24%,78.3MiB / 10.7GiB
1790493127,payflow-payflow-1,137.37%,582.7MiB / 1.5GiB
1790493127,payflow-postgres-exporter-1,1.81%,8.621MiB / 128MiB
1790493127,payflow-postgres-1,57.15%,282.1MiB / 1GiB
1790493127,payflow-mongo-1,4.07%,222.9MiB / 1GiB
1790493127,payflow-keycloak-1,0.18%,759.4MiB / 10.7GiB
1790493127,payflow-kafka-1,94.27%,561.5MiB / 1.5GiB
1790493127,payflow-grafana-1,0.80%,338.9MiB / 512MiB
1790493127,payflow-prometheus-1,0.18%,77.63MiB / 1GiB
1790493127,payflow-tempo-1,2.60%,130.2MiB / 1GiB
1790493127,k3d-tiny-url-serverlb,0.01%,25.91MiB / 10.7GiB
1790493127,k3d-tiny-url-server-0,7.35%,1.065GiB / 10.7GiB
1790493134,intelligent_turing,27.47%,78.37MiB / 10.7GiB
1790493134,payflow-payflow-1,174.70%,584.8MiB / 1.5GiB
1790493134,payflow-postgres-exporter-1,0.00%,8.586MiB / 128MiB
1790493134,payflow-postgres-1,63.13%,284.4MiB / 1GiB
1790493134,payflow-mongo-1,73.72%,222.9MiB / 1GiB
1790493134,payflow-keycloak-1,0.27%,759.4MiB / 10.7GiB
1790493134,payflow-kafka-1,26.19%,561.9MiB / 1.5GiB
1790493134,payflow-grafana-1,0.89%,338.9MiB / 512MiB
1790493134,payflow-prometheus-1,0.23%,77.66MiB / 1GiB
1790493134,payflow-tempo-1,2.29%,133.6MiB / 1GiB
1790493134,k3d-tiny-url-serverlb,0.00%,25.91MiB / 10.7GiB
1790493134,k3d-tiny-url-server-0,8.85%,1.065GiB / 10.7GiB
1790493141,intelligent_turing,24.19%,78.38MiB / 10.7GiB
1790493141,payflow-payflow-1,143.75%,584.8MiB / 1.5GiB
1790493141,payflow-postgres-exporter-1,1.81%,8.918MiB / 128MiB
1790493141,payflow-postgres-1,74.40%,332.6MiB / 1GiB
1790493141,payflow-mongo-1,5.41%,223MiB / 1GiB
1790493141,payflow-keycloak-1,0.22%,759.4MiB / 10.7GiB
1790493141,payflow-kafka-1,159.01%,668.7MiB / 1.5GiB
1790493141,payflow-grafana-1,0.80%,338.9MiB / 512MiB
1790493141,payflow-prometheus-1,0.47%,77.71MiB / 1GiB
1790493141,payflow-tempo-1,2.56%,134.1MiB / 1GiB
1790493141,k3d-tiny-url-serverlb,0.00%,25.91MiB / 10.7GiB
1790493141,k3d-tiny-url-server-0,7.55%,1.065GiB / 10.7GiB
1790493148,intelligent_turing,29.07%,78.39MiB / 10.7GiB
1790493148,payflow-payflow-1,141.19%,585.6MiB / 1.5GiB
1790493148,payflow-postgres-exporter-1,0.00%,8.699MiB / 128MiB
1790493148,payflow-postgres-1,59.88%,336.4MiB / 1GiB
1790493148,payflow-mongo-1,5.68%,222.8MiB / 1GiB
1790493148,payflow-keycloak-1,0.19%,759.3MiB / 10.7GiB
1790493148,payflow-kafka-1,15.35%,564.1MiB / 1.5GiB
1790493148,payflow-grafana-1,2.24%,338.9MiB / 512MiB
1790493148,payflow-prometheus-1,0.20%,77.74MiB / 1GiB
1790493148,payflow-tempo-1,9.61%,129.9MiB / 1GiB
1790493148,k3d-tiny-url-serverlb,0.01%,25.91MiB / 10.7GiB
1790493148,k3d-tiny-url-server-0,6.88%,1.065GiB / 10.7GiB
1790493156,intelligent_turing,28.50%,82.46MiB / 10.7GiB
1790493156,payflow-payflow-1,151.15%,586.2MiB / 1.5GiB
1790493156,payflow-postgres-exporter-1,0.00%,8.754MiB / 128MiB
1790493156,payflow-postgres-1,70.39%,349MiB / 1GiB
1790493156,payflow-mongo-1,26.50%,368.2MiB / 1GiB
1790493156,payflow-keycloak-1,0.25%,759.3MiB / 10.7GiB
1790493156,payflow-kafka-1,17.25%,564.8MiB / 1.5GiB
1790493156,payflow-grafana-1,0.70%,338.9MiB / 512MiB
1790493156,payflow-prometheus-1,0.44%,77.73MiB / 1GiB
1790493156,payflow-tempo-1,2.23%,132.2MiB / 1GiB
1790493156,k3d-tiny-url-serverlb,0.00%,25.91MiB / 10.7GiB
1790493156,k3d-tiny-url-server-0,6.94%,1.065GiB / 10.7GiB
1790493163,intelligent_turing,37.97%,82.46MiB / 10.7GiB
1790493163,payflow-payflow-1,186.58%,587.4MiB / 1.5GiB
1790493163,payflow-postgres-exporter-1,0.03%,8.84MiB / 128MiB
1790493163,payflow-postgres-1,78.75%,355.3MiB / 1GiB
1790493163,payflow-mongo-1,7.44%,222.9MiB / 1GiB
1790493163,payflow-keycloak-1,0.24%,759.3MiB / 10.7GiB
1790493163,payflow-kafka-1,21.40%,571.4MiB / 1.5GiB
1790493163,payflow-grafana-1,0.93%,338.9MiB / 512MiB
1790493163,payflow-prometheus-1,1.29%,77.74MiB / 1GiB
1790493163,payflow-tempo-1,2.57%,132.8MiB / 1GiB
1790493163,k3d-tiny-url-serverlb,0.00%,25.91MiB / 10.7GiB
1790493163,k3d-tiny-url-server-0,11.24%,1.065GiB / 10.7GiB
1790493170,intelligent_turing,26.16%,82.47MiB / 10.7GiB
1790493170,payflow-payflow-1,151.90%,587.6MiB / 1.5GiB
1790493170,payflow-postgres-exporter-1,0.00%,9.043MiB / 128MiB
1790493170,payflow-postgres-1,62.93%,369.6MiB / 1GiB
1790493170,payflow-mongo-1,6.38%,222.9MiB / 1GiB
1790493170,payflow-keycloak-1,0.19%,759.3MiB / 10.7GiB
1790493170,payflow-kafka-1,15.27%,568.1MiB / 1.5GiB
1790493170,payflow-grafana-1,0.70%,338.9MiB / 512MiB
1790493170,payflow-prometheus-1,0.69%,77.75MiB / 1GiB
1790493170,payflow-tempo-1,0.74%,136.2MiB / 1GiB
1790493170,k3d-tiny-url-serverlb,0.00%,25.91MiB / 10.7GiB
1790493170,k3d-tiny-url-server-0,7.02%,1.065GiB / 10.7GiB
1790493177,intelligent_turing,34.47%,82.47MiB / 10.7GiB
1790493177,payflow-payflow-1,162.67%,588.4MiB / 1.5GiB
1790493177,payflow-postgres-exporter-1,0.00%,8.277MiB / 128MiB
1790493177,payflow-postgres-1,76.14%,371.4MiB / 1GiB
1790493177,payflow-mongo-1,6.29%,222.9MiB / 1GiB
1790493177,payflow-keycloak-1,0.58%,759.4MiB / 10.7GiB
1790493177,payflow-kafka-1,15.64%,569.9MiB / 1.5GiB
1790493177,payflow-grafana-1,0.87%,338.9MiB / 512MiB
1790493177,payflow-prometheus-1,0.88%,77.76MiB / 1GiB
1790493177,payflow-tempo-1,1.60%,132.6MiB / 1GiB
1790493177,k3d-tiny-url-serverlb,0.03%,25.91MiB / 10.7GiB
1790493177,k3d-tiny-url-server-0,7.89%,1.065GiB / 10.7GiB
1790493184,intelligent_turing,26.98%,82.47MiB / 10.7GiB
1790493184,payflow-payflow-1,169.59%,590.1MiB / 1.5GiB
1790493184,payflow-postgres-exporter-1,0.00%,8.234MiB / 128MiB
1790493184,payflow-postgres-1,77.47%,377.5MiB / 1GiB
1790493184,payflow-mongo-1,81.22%,222.6MiB / 1GiB
1790493184,payflow-keycloak-1,0.21%,759.4MiB / 10.7GiB
1790493184,payflow-kafka-1,17.99%,570.9MiB / 1.5GiB
1790493184,payflow-grafana-1,0.84%,338.9MiB / 512MiB
1790493184,payflow-prometheus-1,0.72%,77.76MiB / 1GiB
1790493184,payflow-tempo-1,1.35%,142.9MiB / 1GiB
1790493184,k3d-tiny-url-serverlb,0.00%,25.91MiB / 10.7GiB
1790493184,k3d-tiny-url-server-0,8.45%,1.064GiB / 10.7GiB
1790493192,intelligent_turing,30.09%,82.5MiB / 10.7GiB
1790493192,payflow-payflow-1,156.50%,589.9MiB / 1.5GiB
1790493192,payflow-postgres-exporter-1,0.00%,9.344MiB / 128MiB
1790493192,payflow-postgres-1,73.73%,387.4MiB / 1GiB
1790493192,payflow-mongo-1,6.03%,222.6MiB / 1GiB
1790493192,payflow-keycloak-1,0.22%,759.4MiB / 10.7GiB
1790493192,payflow-kafka-1,18.64%,571.4MiB / 1.5GiB
1790493192,payflow-grafana-1,0.68%,338.9MiB / 512MiB
1790493192,payflow-prometheus-1,0.20%,77.77MiB / 1GiB
1790493192,payflow-tempo-1,1.40%,138MiB / 1GiB
1790493192,k3d-tiny-url-serverlb,0.00%,25.91MiB / 10.7GiB
1790493192,k3d-tiny-url-server-0,7.59%,1.064GiB / 10.7GiB
1790493199,intelligent_turing,29.89%,85.91MiB / 10.7GiB
1790493199,payflow-payflow-1,166.21%,590.6MiB / 1.5GiB
1790493199,payflow-postgres-exporter-1,0.00%,9.004MiB / 128MiB
1790493199,payflow-postgres-1,154.05%,432.1MiB / 1GiB
1790493199,payflow-mongo-1,6.59%,222.6MiB / 1GiB
1790493199,payflow-keycloak-1,0.21%,759.4MiB / 10.7GiB
1790493199,payflow-kafka-1,16.54%,573.1MiB / 1.5GiB
1790493199,payflow-grafana-1,0.68%,338.9MiB / 512MiB
1790493199,payflow-prometheus-1,0.15%,77.77MiB / 1GiB
1790493199,payflow-tempo-1,3.20%,138.7MiB / 1GiB
1790493199,k3d-tiny-url-serverlb,0.00%,25.91MiB / 10.7GiB
1790493199,k3d-tiny-url-server-0,6.54%,1.064GiB / 10.7GiB
1790493206,intelligent_turing,39.16%,85.92MiB / 10.7GiB
1790493206,payflow-payflow-1,193.16%,592.5MiB / 1.5GiB
1790493206,payflow-postgres-exporter-1,1.77%,9.121MiB / 128MiB
1790493206,payflow-postgres-1,78.74%,440MiB / 1GiB
1790493206,payflow-mongo-1,3.27%,223.2MiB / 1GiB
1790493206,payflow-keycloak-1,0.27%,759.3MiB / 10.7GiB
1790493206,payflow-kafka-1,12.54%,573.9MiB / 1.5GiB
1790493206,payflow-grafana-1,0.95%,338.8MiB / 512MiB
1790493206,payflow-prometheus-1,0.51%,77.77MiB / 1GiB
1790493206,payflow-tempo-1,2.44%,129.4MiB / 1GiB
1790493206,k3d-tiny-url-serverlb,0.00%,25.91MiB / 10.7GiB
1790493206,k3d-tiny-url-server-0,9.21%,1.065GiB / 10.7GiB
1790493213,intelligent_turing,28.58%,85.92MiB / 10.7GiB
1790493213,payflow-payflow-1,156.56%,592.6MiB / 1.5GiB
1790493213,payflow-postgres-exporter-1,0.00%,8.402MiB / 128MiB
1790493213,payflow-postgres-1,75.50%,445.4MiB / 1GiB
1790493213,payflow-mongo-1,5.52%,223.6MiB / 1GiB
1790493213,payflow-keycloak-1,0.25%,759.3MiB / 10.7GiB
1790493213,payflow-kafka-1,16.14%,575.7MiB / 1.5GiB
1790493213,payflow-grafana-1,0.74%,338.8MiB / 512MiB
1790493213,payflow-prometheus-1,0.20%,77.77MiB / 1GiB
1790493213,payflow-tempo-1,0.95%,140.8MiB / 1GiB
1790493213,k3d-tiny-url-serverlb,0.00%,25.91MiB / 10.7GiB
1790493213,k3d-tiny-url-server-0,8.96%,1.064GiB / 10.7GiB
1790493221,intelligent_turing,34.77%,85.93MiB / 10.7GiB
1790493221,payflow-payflow-1,164.51%,593.1MiB / 1.5GiB
1790493221,payflow-postgres-exporter-1,1.84%,8.68MiB / 128MiB
1790493221,payflow-postgres-1,86.22%,459.5MiB / 1GiB
1790493221,payflow-mongo-1,6.60%,224.3MiB / 1GiB
1790493221,payflow-keycloak-1,0.20%,759.3MiB / 10.7GiB
1790493221,payflow-kafka-1,17.71%,576.4MiB / 1.5GiB
1790493221,payflow-grafana-1,0.77%,338.8MiB / 512MiB
1790493221,payflow-prometheus-1,0.49%,77.77MiB / 1GiB
1790493221,payflow-tempo-1,2.88%,142.4MiB / 1GiB
1790493221,k3d-tiny-url-serverlb,0.01%,25.91MiB / 10.7GiB
1790493221,k3d-tiny-url-server-0,7.21%,1.064GiB / 10.7GiB
1790493228,intelligent_turing,35.21%,85.94MiB / 10.7GiB
1790493228,payflow-payflow-1,169.22%,594.3MiB / 1.5GiB
1790493228,payflow-postgres-exporter-1,0.00%,8.582MiB / 128MiB
1790493228,payflow-postgres-1,90.09%,467.4MiB / 1GiB
1790493228,payflow-mongo-1,5.09%,224.6MiB / 1GiB
1790493228,payflow-keycloak-1,0.20%,759.3MiB / 10.7GiB
1790493228,payflow-kafka-1,18.05%,577.2MiB / 1.5GiB
1790493228,payflow-grafana-1,1.35%,338.8MiB / 512MiB
1790493228,payflow-prometheus-1,0.83%,77.78MiB / 1GiB
1790493228,payflow-tempo-1,1.61%,141.7MiB / 1GiB
1790493228,k3d-tiny-url-serverlb,0.00%,25.91MiB / 10.7GiB
1790493228,k3d-tiny-url-server-0,8.49%,1.064GiB / 10.7GiB
1790493235,intelligent_turing,31.74%,85.94MiB / 10.7GiB
1790493235,payflow-payflow-1,170.59%,594.8MiB / 1.5GiB
1790493235,payflow-postgres-exporter-1,0.00%,8.879MiB / 128MiB
1790493235,payflow-postgres-1,85.37%,477.4MiB / 1GiB
1790493235,payflow-mongo-1,52.97%,227.6MiB / 1GiB
1790493235,payflow-keycloak-1,0.21%,759.4MiB / 10.7GiB
1790493235,payflow-kafka-1,19.27%,580MiB / 1.5GiB
1790493235,payflow-grafana-1,1.20%,338.8MiB / 512MiB
1790493235,payflow-prometheus-1,0.78%,77.93MiB / 1GiB
1790493235,payflow-tempo-1,1.63%,134.8MiB / 1GiB
1790493235,k3d-tiny-url-serverlb,0.03%,25.91MiB / 10.7GiB
1790493235,k3d-tiny-url-server-0,7.54%,1.065GiB / 10.7GiB
1790493242,intelligent_turing,32.36%,91.3MiB / 10.7GiB
1790493242,payflow-payflow-1,169.15%,595.6MiB / 1.5GiB
1790493242,payflow-postgres-exporter-1,0.95%,9.684MiB / 128MiB
1790493242,payflow-postgres-1,84.24%,483MiB / 1GiB
1790493242,payflow-mongo-1,6.54%,227.9MiB / 1GiB
1790493242,payflow-keycloak-1,0.18%,759.4MiB / 10.7GiB
1790493242,payflow-kafka-1,36.88%,583MiB / 1.5GiB
1790493242,payflow-grafana-1,0.70%,338.8MiB / 512MiB
1790493242,payflow-prometheus-1,0.19%,78.64MiB / 1GiB
1790493242,payflow-tempo-1,0.83%,142.4MiB / 1GiB
1790493242,k3d-tiny-url-serverlb,0.00%,25.91MiB / 10.7GiB
1790493242,k3d-tiny-url-server-0,6.94%,1.064GiB / 10.7GiB
1790493249,intelligent_turing,38.86%,88.13MiB / 10.7GiB
1790493249,payflow-payflow-1,171.94%,596.6MiB / 1.5GiB
1790493249,payflow-postgres-exporter-1,0.00%,9.07MiB / 128MiB
1790493249,payflow-postgres-1,94.66%,498.2MiB / 1GiB
1790493249,payflow-mongo-1,6.83%,227.9MiB / 1GiB
1790493249,payflow-keycloak-1,0.24%,759.4MiB / 10.7GiB
1790493249,payflow-kafka-1,96.59%,630.4MiB / 1.5GiB
1790493249,payflow-grafana-1,0.81%,338.8MiB / 512MiB
1790493249,payflow-prometheus-1,0.79%,78.69MiB / 1GiB
1790493249,payflow-tempo-1,0.98%,138.7MiB / 1GiB
1790493249,k3d-tiny-url-serverlb,0.00%,25.91MiB / 10.7GiB
1790493249,k3d-tiny-url-server-0,8.26%,1.064GiB / 10.7GiB
1790493257,intelligent_turing,39.96%,88.19MiB / 10.7GiB
1790493257,payflow-payflow-1,175.23%,596.9MiB / 1.5GiB
1790493257,payflow-postgres-exporter-1,1.97%,8.586MiB / 128MiB
1790493257,payflow-postgres-1,93.67%,500.6MiB / 1GiB
1790493257,payflow-mongo-1,24.58%,372.5MiB / 1GiB
1790493257,payflow-keycloak-1,38.90%,751.3MiB / 10.7GiB
1790493257,payflow-kafka-1,155.61%,654.7MiB / 1.5GiB
1790493257,payflow-grafana-1,0.84%,338.8MiB / 512MiB
1790493257,payflow-prometheus-1,0.20%,78.75MiB / 1GiB
1790493257,payflow-tempo-1,1.56%,138.8MiB / 1GiB
1790493257,k3d-tiny-url-serverlb,0.00%,25.91MiB / 10.7GiB
1790493257,k3d-tiny-url-server-0,7.05%,1.064GiB / 10.7GiB
1790493264,intelligent_turing,39.84%,88.23MiB / 10.7GiB
1790493264,payflow-payflow-1,183.08%,598.6MiB / 1.5GiB
1790493264,payflow-postgres-exporter-1,0.00%,9.223MiB / 128MiB
1790493264,payflow-postgres-1,94.55%,532.2MiB / 1GiB
1790493264,payflow-mongo-1,6.66%,228MiB / 1GiB
1790493264,payflow-keycloak-1,0.50%,750.6MiB / 10.7GiB
1790493264,payflow-kafka-1,194.29%,665.2MiB / 1.5GiB
1790493264,payflow-grafana-1,0.86%,338.8MiB / 512MiB
1790493264,payflow-prometheus-1,0.16%,78.77MiB / 1GiB
1790493264,payflow-tempo-1,3.26%,142.4MiB / 1GiB
1790493264,k3d-tiny-url-serverlb,0.00%,25.91MiB / 10.7GiB
1790493264,k3d-tiny-url-server-0,6.25%,1.065GiB / 10.7GiB
1790493271,intelligent_turing,39.03%,88.25MiB / 10.7GiB
1790493271,payflow-payflow-1,176.29%,599.1MiB / 1.5GiB
1790493271,payflow-postgres-exporter-1,0.00%,8.668MiB / 128MiB
1790493271,payflow-postgres-1,94.07%,538.3MiB / 1GiB
1790493271,payflow-mongo-1,5.89%,227.8MiB / 1GiB
1790493271,payflow-keycloak-1,0.20%,750.6MiB / 10.7GiB
1790493271,payflow-kafka-1,189.24%,689.8MiB / 1.5GiB
1790493271,payflow-grafana-1,0.75%,338.8MiB / 512MiB
1790493271,payflow-prometheus-1,0.17%,78.79MiB / 1GiB
1790493271,payflow-tempo-1,2.24%,141.3MiB / 1GiB
1790493271,k3d-tiny-url-serverlb,0.00%,25.91MiB / 10.7GiB
1790493271,k3d-tiny-url-server-0,7.27%,1.064GiB / 10.7GiB
1790493278,intelligent_turing,40.14%,88.24MiB / 10.7GiB
1790493278,payflow-payflow-1,181.36%,599.7MiB / 1.5GiB
1790493278,payflow-postgres-exporter-1,0.00%,9.168MiB / 128MiB
1790493278,payflow-postgres-1,100.91%,557.2MiB / 1GiB
1790493278,payflow-mongo-1,7.18%,227.8MiB / 1GiB
1790493278,payflow-keycloak-1,0.21%,750.6MiB / 10.7GiB
1790493278,payflow-kafka-1,153.06%,693.5MiB / 1.5GiB
1790493278,payflow-grafana-1,0.95%,338.8MiB / 512MiB
1790493278,payflow-prometheus-1,0.17%,78.8MiB / 1GiB
1790493278,payflow-tempo-1,13.34%,145.3MiB / 1GiB
1790493278,k3d-tiny-url-serverlb,0.02%,25.91MiB / 10.7GiB
1790493278,k3d-tiny-url-server-0,7.25%,1.064GiB / 10.7GiB
1790493286,intelligent_turing,37.26%,88.79MiB / 10.7GiB
1790493286,payflow-payflow-1,181.47%,601.2MiB / 1.5GiB
1790493286,payflow-postgres-exporter-1,1.99%,8.875MiB / 128MiB
1790493286,payflow-postgres-1,103.51%,564.7MiB / 1GiB
1790493286,payflow-mongo-1,16.69%,331.3MiB / 1GiB
1790493286,payflow-keycloak-1,0.26%,750.6MiB / 10.7GiB
1790493286,payflow-kafka-1,109.83%,588.6MiB / 1.5GiB
1790493286,payflow-grafana-1,0.95%,338.8MiB / 512MiB
1790493286,payflow-prometheus-1,0.63%,78.8MiB / 1GiB
1790493286,payflow-tempo-1,3.22%,140.6MiB / 1GiB
1790493286,k3d-tiny-url-serverlb,0.00%,25.91MiB / 10.7GiB
1790493286,k3d-tiny-url-server-0,6.97%,1.065GiB / 10.7GiB
1790493293,intelligent_turing,36.75%,88.76MiB / 10.7GiB
1790493293,payflow-payflow-1,184.85%,601.8MiB / 1.5GiB
1790493293,payflow-postgres-exporter-1,0.00%,8.602MiB / 128MiB
1790493293,payflow-postgres-1,102.38%,568.6MiB / 1GiB
1790493293,payflow-mongo-1,6.83%,227.8MiB / 1GiB
1790493293,payflow-keycloak-1,0.28%,750.1MiB / 10.7GiB
1790493293,payflow-kafka-1,79.08%,588.4MiB / 1.5GiB
1790493293,payflow-grafana-1,0.81%,338.8MiB / 512MiB
1790493293,payflow-prometheus-1,0.83%,78.8MiB / 1GiB
1790493293,payflow-tempo-1,1.44%,145.9MiB / 1GiB
1790493293,k3d-tiny-url-serverlb,0.00%,25.91MiB / 10.7GiB
1790493293,k3d-tiny-url-server-0,9.11%,1.066GiB / 10.7GiB
1790493300,intelligent_turing,35.51%,95.53MiB / 10.7GiB
1790493300,payflow-payflow-1,181.06%,603.3MiB / 1.5GiB
1790493300,payflow-postgres-exporter-1,1.83%,9.141MiB / 128MiB
1790493300,payflow-postgres-1,101.22%,579.1MiB / 1GiB
1790493300,payflow-mongo-1,7.38%,228MiB / 1GiB
1790493300,payflow-keycloak-1,0.22%,750.1MiB / 10.7GiB
1790493300,payflow-kafka-1,42.91%,589.9MiB / 1.5GiB
1790493300,payflow-grafana-1,0.79%,338.8MiB / 512MiB
1790493300,payflow-prometheus-1,1.00%,78.82MiB / 1GiB
1790493300,payflow-tempo-1,1.59%,146.6MiB / 1GiB
1790493300,k3d-tiny-url-serverlb,0.00%,25.91MiB / 10.7GiB
1790493300,k3d-tiny-url-server-0,8.94%,1.065GiB / 10.7GiB
1790493307,intelligent_turing,30.52%,95.82MiB / 10.7GiB
1790493307,payflow-payflow-1,169.34%,604.8MiB / 1.5GiB
1790493307,payflow-postgres-exporter-1,0.00%,8.258MiB / 128MiB
1790493307,payflow-postgres-1,91.57%,584MiB / 1GiB
1790493307,payflow-mongo-1,49.48%,389.1MiB / 1GiB
1790493307,payflow-keycloak-1,0.18%,750.8MiB / 10.7GiB
1790493307,payflow-kafka-1,14.49%,590.5MiB / 1.5GiB
1790493307,payflow-grafana-1,0.80%,338.8MiB / 512MiB
1790493307,payflow-prometheus-1,0.86%,78.81MiB / 1GiB
1790493307,payflow-tempo-1,2.26%,140.2MiB / 1GiB
1790493307,k3d-tiny-url-serverlb,0.00%,25.91MiB / 10.7GiB
1790493307,k3d-tiny-url-server-0,7.71%,1.065GiB / 10.7GiB
1790493315,intelligent_turing,36.39%,95.86MiB / 10.7GiB
1790493315,payflow-payflow-1,180.76%,607.3MiB / 1.5GiB
1790493315,payflow-postgres-exporter-1,0.00%,9.008MiB / 128MiB
1790493315,payflow-postgres-1,92.39%,591MiB / 1GiB
1790493315,payflow-mongo-1,6.12%,228.7MiB / 1GiB
1790493315,payflow-keycloak-1,0.18%,750.8MiB / 10.7GiB
1790493315,payflow-kafka-1,21.22%,591.6MiB / 1.5GiB
1790493315,payflow-grafana-1,0.90%,338.8MiB / 512MiB
1790493315,payflow-prometheus-1,0.56%,78.81MiB / 1GiB
1790493315,payflow-tempo-1,1.74%,132.7MiB / 1GiB
1790493315,k3d-tiny-url-serverlb,0.02%,25.91MiB / 10.7GiB
1790493315,k3d-tiny-url-server-0,7.11%,1.065GiB / 10.7GiB
1790493322,intelligent_turing,36.92%,131.7MiB / 10.7GiB
1790493322,payflow-payflow-1,134.25%,640.5MiB / 1.5GiB
1790493322,payflow-postgres-exporter-1,0.00%,8.953MiB / 128MiB
1790493322,payflow-postgres-1,122.34%,618.8MiB / 1GiB
1790493322,payflow-mongo-1,3.69%,228.8MiB / 1GiB
1790493322,payflow-keycloak-1,351.81%,1.157GiB / 10.7GiB
1790493322,payflow-kafka-1,123.74%,697.9MiB / 1.5GiB
1790493322,payflow-grafana-1,1.15%,338.8MiB / 512MiB
1790493322,payflow-prometheus-1,0.22%,78.82MiB / 1GiB
1790493322,payflow-tempo-1,0.96%,144.6MiB / 1GiB
1790493322,k3d-tiny-url-serverlb,0.00%,25.91MiB / 10.7GiB
1790493322,k3d-tiny-url-server-0,7.60%,1.065GiB / 10.7GiB
1790493329,intelligent_turing,406.00%,200.1MiB / 10.7GiB
1790493329,payflow-payflow-1,346.64%,685MiB / 1.5GiB
1790493329,payflow-postgres-exporter-1,1.85%,8.609MiB / 128MiB
1790493329,payflow-postgres-1,229.89%,598.2MiB / 1GiB
1790493329,payflow-mongo-1,39.45%,225.3MiB / 1GiB
1790493329,payflow-keycloak-1,1265.42%,2.635GiB / 10.7GiB
1790493329,payflow-kafka-1,253.20%,592.7MiB / 1.5GiB
1790493329,payflow-grafana-1,2.30%,335.4MiB / 512MiB
1790493329,payflow-prometheus-1,8.46%,78.61MiB / 1GiB
1790493329,payflow-tempo-1,5.34%,130.6MiB / 1GiB
1790493329,k3d-tiny-url-serverlb,0.01%,26.02MiB / 10.7GiB
1790493329,k3d-tiny-url-server-0,721.79%,1.08GiB / 10.7GiB
1790493341,intelligent_turing,51.60%,237.4MiB / 10.7GiB
1790493341,payflow-payflow-1,186.49%,737.6MiB / 1.5GiB
1790493341,payflow-postgres-exporter-1,0.00%,10.63MiB / 128MiB
1790493341,payflow-postgres-1,29.48%,534.5MiB / 1GiB
1790493341,payflow-mongo-1,0.97%,206.1MiB / 1GiB
1790493341,payflow-keycloak-1,325.89%,1.239GiB / 10.7GiB
1790493341,payflow-kafka-1,122.35%,582.5MiB / 1.5GiB
1790493341,payflow-grafana-1,1.06%,319.1MiB / 512MiB
1790493341,payflow-prometheus-1,1.07%,77.71MiB / 1GiB
1790493341,payflow-tempo-1,0.27%,125.9MiB / 1GiB
1790493341,k3d-tiny-url-serverlb,0.01%,26.21MiB / 10.7GiB
1790493341,k3d-tiny-url-server-0,29.85%,1.103GiB / 10.7GiB
1790493352,intelligent_turing,20.90%,301.7MiB / 10.7GiB
1790493352,payflow-payflow-1,146.89%,776.8MiB / 1.5GiB
1790493352,payflow-postgres-exporter-1,0.00%,10.96MiB / 128MiB
1790493352,payflow-postgres-1,62.67%,564.3MiB / 1GiB
1790493352,payflow-mongo-1,2.14%,207.5MiB / 1GiB
1790493352,payflow-keycloak-1,81.23%,1.224GiB / 10.7GiB
1790493352,payflow-kafka-1,126.70%,584.2MiB / 1.5GiB
1790493352,payflow-grafana-1,0.76%,319.1MiB / 512MiB
1790493352,payflow-prometheus-1,0.24%,77.74MiB / 1GiB
1790493352,payflow-tempo-1,0.84%,131.2MiB / 1GiB
1790493352,k3d-tiny-url-serverlb,0.01%,26.21MiB / 10.7GiB
1790493352,k3d-tiny-url-server-0,7.42%,1.104GiB / 10.7GiB
1790493360,intelligent_turing,12.44%,323.8MiB / 10.7GiB
1790493360,payflow-payflow-1,100.77%,781.8MiB / 1.5GiB
1790493360,payflow-postgres-exporter-1,0.00%,10.27MiB / 128MiB
1790493360,payflow-postgres-1,49.16%,566.9MiB / 1GiB
1790493360,payflow-mongo-1,61.12%,207.6MiB / 1GiB
1790493360,payflow-keycloak-1,9.60%,1.022GiB / 10.7GiB
1790493360,payflow-kafka-1,52.55%,585.9MiB / 1.5GiB
1790493360,payflow-grafana-1,0.85%,319.1MiB / 512MiB
1790493360,payflow-prometheus-1,4.58%,78.93MiB / 1GiB
1790493360,payflow-tempo-1,1.28%,126MiB / 1GiB
1790493360,k3d-tiny-url-serverlb,0.01%,26.21MiB / 10.7GiB
1790493360,k3d-tiny-url-server-0,10.21%,1.103GiB / 10.7GiB
1790493367,intelligent_turing,7.99%,324.3MiB / 10.7GiB
1790493367,payflow-payflow-1,69.63%,779.4MiB / 1.5GiB
1790493367,payflow-postgres-exporter-1,1.76%,10.86MiB / 128MiB
1790493367,payflow-postgres-1,39.05%,578.2MiB / 1GiB
1790493367,payflow-mongo-1,4.31%,207.6MiB / 1GiB
1790493367,payflow-keycloak-1,0.22%,1.022GiB / 10.7GiB
1790493367,payflow-kafka-1,14.65%,587.1MiB / 1.5GiB
1790493367,payflow-grafana-1,0.74%,319.1MiB / 512MiB
1790493367,payflow-prometheus-1,0.17%,79.05MiB / 1GiB
1790493367,payflow-tempo-1,0.22%,129.4MiB / 1GiB
1790493367,k3d-tiny-url-serverlb,0.00%,26.21MiB / 10.7GiB
1790493367,k3d-tiny-url-server-0,7.38%,1.105GiB / 10.7GiB
1790493374,intelligent_turing,13.31%,325.1MiB / 10.7GiB
1790493374,payflow-payflow-1,48.23%,779.6MiB / 1.5GiB
1790493374,payflow-postgres-exporter-1,0.00%,12MiB / 128MiB
1790493374,payflow-postgres-1,30.30%,582.7MiB / 1GiB
1790493374,payflow-mongo-1,4.89%,208.5MiB / 1GiB
1790493374,payflow-keycloak-1,0.25%,1.022GiB / 10.7GiB
1790493374,payflow-kafka-1,19.24%,588.3MiB / 1.5GiB
1790493374,payflow-grafana-1,0.68%,319.1MiB / 512MiB
1790493374,payflow-prometheus-1,0.16%,79.09MiB / 1GiB
1790493374,payflow-tempo-1,0.27%,130.6MiB / 1GiB
1790493374,k3d-tiny-url-serverlb,0.01%,26.21MiB / 10.7GiB
1790493374,k3d-tiny-url-server-0,9.74%,1.105GiB / 10.7GiB
1790493381,payflow-payflow-1,45.49%,778.6MiB / 1.5GiB
1790493381,payflow-postgres-exporter-1,1.63%,11.17MiB / 128MiB
1790493381,payflow-postgres-1,30.26%,588.5MiB / 1GiB
1790493381,payflow-mongo-1,20.56%,349.8MiB / 1GiB
1790493381,payflow-keycloak-1,4.08%,1.02GiB / 10.7GiB
1790493381,payflow-kafka-1,17.22%,590.3MiB / 1.5GiB
1790493381,payflow-grafana-1,0.83%,319.1MiB / 512MiB
1790493381,payflow-prometheus-1,0.15%,79.12MiB / 1GiB
1790493381,payflow-tempo-1,0.22%,129MiB / 1GiB
1790493381,k3d-tiny-url-serverlb,0.00%,26.21MiB / 10.7GiB
1790493381,k3d-tiny-url-server-0,7.47%,1.105GiB / 10.7GiB
1790493388,payflow-payflow-1,38.96%,778.9MiB / 1.5GiB
1790493388,payflow-postgres-exporter-1,0.00%,11.17MiB / 128MiB
1790493388,payflow-postgres-1,26.38%,596.3MiB / 1GiB
1790493388,payflow-mongo-1,5.89%,209MiB / 1GiB
1790493388,payflow-keycloak-1,0.24%,1.019GiB / 10.7GiB
1790493388,payflow-kafka-1,14.44%,590.3MiB / 1.5GiB
1790493388,payflow-grafana-1,2.78%,319.3MiB / 512MiB
1790493388,payflow-prometheus-1,0.26%,79.14MiB / 1GiB
1790493388,payflow-tempo-1,1.31%,129MiB / 1GiB
1790493388,k3d-tiny-url-serverlb,0.00%,26.21MiB / 10.7GiB
1790493388,k3d-tiny-url-server-0,10.64%,1.106GiB / 10.7GiB
1790493396,payflow-payflow-1,50.52%,779.2MiB / 1.5GiB
1790493396,payflow-postgres-exporter-1,2.00%,10.82MiB / 128MiB
1790493396,payflow-postgres-1,28.98%,599.5MiB / 1GiB
1790493396,payflow-mongo-1,6.12%,209.1MiB / 1GiB
1790493396,payflow-keycloak-1,0.22%,1.019GiB / 10.7GiB
1790493396,payflow-kafka-1,15.05%,592.7MiB / 1.5GiB
1790493396,payflow-grafana-1,0.87%,319.3MiB / 512MiB
1790493396,payflow-prometheus-1,1.24%,79.15MiB / 1GiB
1790493396,payflow-tempo-1,0.24%,122.9MiB / 1GiB
1790493396,k3d-tiny-url-serverlb,0.00%,26.21MiB / 10.7GiB
1790493396,k3d-tiny-url-server-0,9.86%,1.105GiB / 10.7GiB
1790493403,payflow-payflow-1,48.93%,779MiB / 1.5GiB
1790493403,payflow-postgres-exporter-1,0.00%,11.39MiB / 128MiB
1790493403,payflow-postgres-1,27.22%,606.2MiB / 1GiB
1790493403,payflow-mongo-1,6.27%,209.2MiB / 1GiB
1790493403,payflow-keycloak-1,0.27%,1.019GiB / 10.7GiB
1790493403,payflow-kafka-1,17.85%,593.8MiB / 1.5GiB
1790493403,payflow-grafana-1,0.83%,319.3MiB / 512MiB
1790493403,payflow-prometheus-1,0.76%,79.15MiB / 1GiB
1790493403,payflow-tempo-1,0.43%,122.9MiB / 1GiB
1790493403,k3d-tiny-url-serverlb,0.01%,26.21MiB / 10.7GiB
1790493403,k3d-tiny-url-server-0,9.00%,1.105GiB / 10.7GiB
1790493410,payflow-payflow-1,38.68%,778.9MiB / 1.5GiB
1790493410,payflow-postgres-exporter-1,0.00%,11.12MiB / 128MiB
1790493410,payflow-postgres-1,32.55%,609.9MiB / 1GiB
1790493410,payflow-mongo-1,29.33%,208.8MiB / 1GiB
1790493410,payflow-keycloak-1,0.25%,1.019GiB / 10.7GiB
1790493410,payflow-kafka-1,21.14%,597.4MiB / 1.5GiB
1790493410,payflow-grafana-1,0.99%,319.3MiB / 512MiB
1790493410,payflow-prometheus-1,2.64%,79.15MiB / 1GiB
1790493410,payflow-tempo-1,0.73%,122.9MiB / 1GiB
1790493410,k3d-tiny-url-serverlb,0.00%,26.21MiB / 10.7GiB
1790493410,k3d-tiny-url-server-0,8.05%,1.105GiB / 10.7GiB
1790493417,payflow-payflow-1,49.80%,779.2MiB / 1.5GiB
1790493417,payflow-postgres-exporter-1,0.00%,11.51MiB / 128MiB
1790493417,payflow-postgres-1,29.98%,620.3MiB / 1GiB
1790493417,payflow-mongo-1,6.41%,209.1MiB / 1GiB
1790493417,payflow-keycloak-1,0.23%,1.038GiB / 10.7GiB
1790493417,payflow-kafka-1,18.04%,596.9MiB / 1.5GiB
1790493417,payflow-grafana-1,0.99%,319.3MiB / 512MiB
1790493417,payflow-prometheus-1,0.18%,79.16MiB / 1GiB
1790493417,payflow-tempo-1,0.26%,122.9MiB / 1GiB
1790493417,k3d-tiny-url-serverlb,0.01%,26.21MiB / 10.7GiB
1790493417,k3d-tiny-url-server-0,12.06%,1.106GiB / 10.7GiB
1790493424,payflow-payflow-1,47.47%,779MiB / 1.5GiB
1790493424,payflow-postgres-exporter-1,0.00%,11.14MiB / 128MiB
1790493424,payflow-postgres-1,32.68%,623.5MiB / 1GiB
1790493424,payflow-mongo-1,5.41%,208.8MiB / 1GiB
1790493424,payflow-keycloak-1,0.23%,1.04GiB / 10.7GiB
1790493424,payflow-kafka-1,35.46%,603.6MiB / 1.5GiB
1790493424,payflow-grafana-1,0.83%,319.3MiB / 512MiB
1790493424,payflow-prometheus-1,1.13%,79.16MiB / 1GiB
1790493424,payflow-tempo-1,0.55%,122.9MiB / 1GiB
1790493424,k3d-tiny-url-serverlb,0.07%,26.21MiB / 10.7GiB
1790493424,k3d-tiny-url-server-0,10.03%,1.105GiB / 10.7GiB
1790493432,payflow-payflow-1,38.99%,779MiB / 1.5GiB
1790493432,payflow-postgres-exporter-1,1.51%,11.32MiB / 128MiB
1790493432,payflow-postgres-1,24.26%,631.5MiB / 1GiB
1790493432,payflow-mongo-1,51.74%,208.9MiB / 1GiB
1790493432,payflow-keycloak-1,0.21%,1.04GiB / 10.7GiB
1790493432,payflow-kafka-1,130.19%,672.3MiB / 1.5GiB
1790493432,payflow-grafana-1,0.83%,319.3MiB / 512MiB
1790493432,payflow-prometheus-1,0.18%,79.16MiB / 1GiB
1790493432,payflow-tempo-1,0.18%,122.9MiB / 1GiB
1790493432,k3d-tiny-url-serverlb,0.00%,26.21MiB / 10.7GiB
1790493432,k3d-tiny-url-server-0,7.18%,1.105GiB / 10.7GiB
1790493439,payflow-payflow-1,40.01%,779.2MiB / 1.5GiB
1790493439,payflow-postgres-exporter-1,0.00%,11.76MiB / 128MiB
1790493439,payflow-postgres-1,23.26%,643.6MiB / 1GiB
1790493439,payflow-mongo-1,5.75%,209.2MiB / 1GiB
1790493439,payflow-keycloak-1,0.20%,1.04GiB / 10.7GiB
1790493439,payflow-kafka-1,182.48%,707.7MiB / 1.5GiB
1790493439,payflow-grafana-1,0.73%,319.3MiB / 512MiB
1790493439,payflow-prometheus-1,0.16%,79.17MiB / 1GiB
1790493439,payflow-tempo-1,0.23%,123.9MiB / 1GiB
1790493439,k3d-tiny-url-serverlb,0.00%,26.21MiB / 10.7GiB
1790493439,k3d-tiny-url-server-0,9.12%,1.106GiB / 10.7GiB
1790493446,payflow-payflow-1,43.87%,779.2MiB / 1.5GiB
1790493446,payflow-postgres-exporter-1,0.00%,10.96MiB / 128MiB
1790493446,payflow-postgres-1,43.54%,645.6MiB / 1GiB
1790493446,payflow-mongo-1,5.16%,209.2MiB / 1GiB
1790493446,payflow-keycloak-1,0.22%,1.04GiB / 10.7GiB
1790493446,payflow-kafka-1,80.41%,602MiB / 1.5GiB
1790493446,payflow-grafana-1,0.99%,319.3MiB / 512MiB
1790493446,payflow-prometheus-1,0.42%,79.18MiB / 1GiB
1790493446,payflow-tempo-1,0.27%,123.9MiB / 1GiB
1790493446,k3d-tiny-url-serverlb,0.00%,26.21MiB / 10.7GiB
1790493446,k3d-tiny-url-server-0,7.27%,1.106GiB / 10.7GiB
1790493453,payflow-payflow-1,53.66%,779.1MiB / 1.5GiB
1790493453,payflow-postgres-exporter-1,0.00%,10.27MiB / 128MiB
1790493453,payflow-postgres-1,29.37%,645.8MiB / 1GiB
1790493453,payflow-mongo-1,29.99%,354.8MiB / 1GiB
1790493453,payflow-keycloak-1,0.23%,1.04GiB / 10.7GiB
1790493453,payflow-kafka-1,20.04%,603.1MiB / 1.5GiB
1790493453,payflow-grafana-1,0.95%,319.3MiB / 512MiB
1790493453,payflow-prometheus-1,0.13%,79.18MiB / 1GiB
1790493453,payflow-tempo-1,0.48%,124.7MiB / 1GiB
1790493453,k3d-tiny-url-serverlb,0.00%,26.21MiB / 10.7GiB
1790493453,k3d-tiny-url-server-0,9.46%,1.105GiB / 10.7GiB
1790493460,payflow-payflow-1,44.48%,779.2MiB / 1.5GiB
1790493460,payflow-postgres-exporter-1,1.56%,10.47MiB / 128MiB
1790493460,payflow-postgres-1,44.53%,648MiB / 1GiB
1790493460,payflow-mongo-1,5.29%,210.2MiB / 1GiB
1790493460,payflow-keycloak-1,0.23%,1.04GiB / 10.7GiB
1790493460,payflow-kafka-1,17.54%,612.5MiB / 1.5GiB
1790493460,payflow-grafana-1,1.02%,319.3MiB / 512MiB
1790493460,payflow-prometheus-1,0.41%,79.19MiB / 1GiB
1790493460,payflow-tempo-1,1.59%,125.1MiB / 1GiB
1790493460,k3d-tiny-url-serverlb,0.00%,26.21MiB / 10.7GiB
1790493460,k3d-tiny-url-server-0,8.46%,1.105GiB / 10.7GiB
1790493468,payflow-payflow-1,44.09%,779.5MiB / 1.5GiB
1790493468,payflow-postgres-exporter-1,0.00%,10.43MiB / 128MiB
1790493468,payflow-postgres-1,27.61%,648.7MiB / 1GiB
1790493468,payflow-mongo-1,5.37%,210.4MiB / 1GiB
1790493468,payflow-keycloak-1,0.25%,1.04GiB / 10.7GiB
1790493468,payflow-kafka-1,15.72%,608.6MiB / 1.5GiB
1790493468,payflow-grafana-1,1.23%,319.3MiB / 512MiB
1790493468,payflow-prometheus-1,0.98%,79.19MiB / 1GiB
1790493468,payflow-tempo-1,0.54%,125.1MiB / 1GiB
1790493468,k3d-tiny-url-serverlb,0.01%,26.21MiB / 10.7GiB
1790493468,k3d-tiny-url-server-0,9.24%,1.106GiB / 10.7GiB
1790493475,payflow-payflow-1,43.01%,779.8MiB / 1.5GiB
1790493475,payflow-postgres-exporter-1,0.00%,11.19MiB / 128MiB
1790493475,payflow-postgres-1,27.84%,653.2MiB / 1GiB
1790493475,payflow-mongo-1,6.51%,209.1MiB / 1GiB
1790493475,payflow-keycloak-1,0.25%,1.04GiB / 10.7GiB
1790493475,payflow-kafka-1,15.79%,609.2MiB / 1.5GiB
1790493475,payflow-grafana-1,1.47%,319.3MiB / 512MiB
1790493475,payflow-prometheus-1,0.78%,79.32MiB / 1GiB
1790493475,payflow-tempo-1,0.60%,125.1MiB / 1GiB
1790493475,k3d-tiny-url-serverlb,0.00%,26.21MiB / 10.7GiB
1790493475,k3d-tiny-url-server-0,7.48%,1.106GiB / 10.7GiB
1790493482,payflow-payflow-1,53.21%,779.8MiB / 1.5GiB
1790493482,payflow-postgres-exporter-1,0.00%,10.92MiB / 128MiB
1790493482,payflow-postgres-1,25.92%,652.4MiB / 1GiB
1790493482,payflow-mongo-1,25.46%,209.1MiB / 1GiB
1790493482,payflow-keycloak-1,0.24%,1.04GiB / 10.7GiB
1790493482,payflow-kafka-1,19.71%,610.4MiB / 1.5GiB
1790493482,payflow-grafana-1,1.00%,319.3MiB / 512MiB
1790493482,payflow-prometheus-1,0.22%,80.05MiB / 1GiB
1790493482,payflow-tempo-1,0.27%,125.1MiB / 1GiB
1790493482,k3d-tiny-url-serverlb,0.00%,26.21MiB / 10.7GiB
1790493482,k3d-tiny-url-server-0,8.87%,1.105GiB / 10.7GiB
1790493489,payflow-payflow-1,47.81%,779.3MiB / 1.5GiB
1790493489,payflow-postgres-exporter-1,0.00%,10.75MiB / 128MiB
1790493489,payflow-postgres-1,49.77%,657.1MiB / 1GiB
1790493489,payflow-mongo-1,6.37%,209.1MiB / 1GiB
1790493489,payflow-keycloak-1,0.26%,1.04GiB / 10.7GiB
1790493489,payflow-kafka-1,18.01%,612.6MiB / 1.5GiB
1790493489,payflow-grafana-1,1.03%,319.3MiB / 512MiB
1790493489,payflow-prometheus-1,0.32%,80.12MiB / 1GiB
1790493489,payflow-tempo-1,0.32%,125.3MiB / 1GiB
1790493489,k3d-tiny-url-serverlb,0.01%,26.21MiB / 10.7GiB
1790493489,k3d-tiny-url-server-0,9.32%,1.106GiB / 10.7GiB
1790493496,payflow-payflow-1,44.10%,779.6MiB / 1.5GiB
1790493496,payflow-postgres-exporter-1,0.00%,11.6MiB / 128MiB
1790493496,payflow-postgres-1,30.82%,655.2MiB / 1GiB
1790493496,payflow-mongo-1,4.38%,212.9MiB / 1GiB
1790493496,payflow-keycloak-1,0.63%,1.04GiB / 10.7GiB
1790493496,payflow-kafka-1,15.77%,613.3MiB / 1.5GiB
1790493496,payflow-grafana-1,1.07%,319.3MiB / 512MiB
1790493496,payflow-prometheus-1,0.20%,80.18MiB / 1GiB
1790493496,payflow-tempo-1,0.25%,125.3MiB / 1GiB
1790493496,k3d-tiny-url-serverlb,0.01%,26.21MiB / 10.7GiB
1790493496,k3d-tiny-url-server-0,9.68%,1.106GiB / 10.7GiB
1790493504,payflow-payflow-1,42.20%,779.6MiB / 1.5GiB
1790493504,payflow-postgres-exporter-1,0.00%,10.54MiB / 128MiB
1790493504,payflow-postgres-1,27.14%,656.1MiB / 1GiB
1790493504,payflow-mongo-1,45.20%,214.2MiB / 1GiB
1790493504,payflow-keycloak-1,0.26%,1.04GiB / 10.7GiB
1790493504,payflow-kafka-1,17.10%,614.2MiB / 1.5GiB
1790493504,payflow-grafana-1,0.78%,319.3MiB / 512MiB
1790493504,payflow-prometheus-1,0.17%,80.18MiB / 1GiB
1790493504,payflow-tempo-1,0.22%,125.3MiB / 1GiB
1790493504,k3d-tiny-url-serverlb,0.04%,26.21MiB / 10.7GiB
1790493504,k3d-tiny-url-server-0,7.35%,1.106GiB / 10.7GiB
1790493511,payflow-payflow-1,40.73%,779.4MiB / 1.5GiB
1790493511,payflow-postgres-exporter-1,1.34%,11.45MiB / 128MiB
1790493511,payflow-postgres-1,50.49%,662.6MiB / 1GiB
1790493511,payflow-mongo-1,5.80%,214.2MiB / 1GiB
1790493511,payflow-keycloak-1,0.26%,1.04GiB / 10.7GiB
1790493511,payflow-kafka-1,29.80%,622.2MiB / 1.5GiB
1790493511,payflow-grafana-1,0.98%,319.3MiB / 512MiB
1790493511,payflow-prometheus-1,0.42%,80.21MiB / 1GiB
1790493511,payflow-tempo-1,0.23%,125.3MiB / 1GiB
1790493511,k3d-tiny-url-serverlb,0.01%,26.21MiB / 10.7GiB
1790493511,k3d-tiny-url-server-0,8.89%,1.105GiB / 10.7GiB
1790493518,payflow-payflow-1,47.45%,779.5MiB / 1.5GiB
1790493518,payflow-postgres-exporter-1,0.00%,10.97MiB / 128MiB
1790493518,payflow-postgres-1,27.03%,659MiB / 1GiB
1790493518,payflow-mongo-1,6.41%,214.2MiB / 1GiB
1790493518,payflow-keycloak-1,0.21%,1.04GiB / 10.7GiB
1790493518,payflow-kafka-1,114.13%,674.1MiB / 1.5GiB
1790493518,payflow-grafana-1,1.10%,319.3MiB / 512MiB
1790493518,payflow-prometheus-1,0.77%,80.21MiB / 1GiB
1790493518,payflow-tempo-1,1.03%,125.3MiB / 1GiB
1790493518,k3d-tiny-url-serverlb,0.00%,26.21MiB / 10.7GiB
1790493518,k3d-tiny-url-server-0,8.57%,1.106GiB / 10.7GiB
1790493525,payflow-payflow-1,53.45%,779.5MiB / 1.5GiB
1790493525,payflow-postgres-exporter-1,0.00%,11.2MiB / 128MiB
1790493525,payflow-postgres-1,31.60%,661.6MiB / 1GiB
1790493525,payflow-mongo-1,18.37%,328.2MiB / 1GiB
1790493525,payflow-keycloak-1,0.20%,1.04GiB / 10.7GiB
1790493525,payflow-kafka-1,191.68%,704.2MiB / 1.5GiB
1790493525,payflow-grafana-1,0.84%,319.3MiB / 512MiB
1790493525,payflow-prometheus-1,0.75%,80.22MiB / 1GiB
1790493525,payflow-tempo-1,0.62%,125.3MiB / 1GiB
1790493525,k3d-tiny-url-serverlb,0.01%,26.21MiB / 10.7GiB
1790493525,k3d-tiny-url-server-0,11.53%,1.106GiB / 10.7GiB
1790493532,payflow-payflow-1,50.91%,779.6MiB / 1.5GiB
1790493532,payflow-postgres-exporter-1,0.00%,11.29MiB / 128MiB
1790493532,payflow-postgres-1,26.57%,661.9MiB / 1GiB
1790493532,payflow-mongo-1,7.01%,213.3MiB / 1GiB
1790493532,payflow-keycloak-1,0.21%,1.04GiB / 10.7GiB
1790493532,payflow-kafka-1,161.08%,725.7MiB / 1.5GiB
1790493532,payflow-grafana-1,0.88%,319.3MiB / 512MiB
1790493532,payflow-prometheus-1,0.63%,80.22MiB / 1GiB
1790493532,payflow-tempo-1,0.25%,125.6MiB / 1GiB
1790493532,k3d-tiny-url-serverlb,0.00%,26.21MiB / 10.7GiB
1790493532,k3d-tiny-url-server-0,9.97%,1.106GiB / 10.7GiB
1790493539,payflow-payflow-1,45.27%,779.6MiB / 1.5GiB
1790493539,payflow-postgres-exporter-1,0.00%,11.55MiB / 128MiB
1790493539,payflow-postgres-1,29.27%,663.3MiB / 1GiB
1790493539,payflow-mongo-1,7.76%,213.3MiB / 1GiB
1790493539,payflow-keycloak-1,0.22%,1.04GiB / 10.7GiB
1790493539,payflow-kafka-1,77.66%,621.2MiB / 1.5GiB
1790493539,payflow-grafana-1,0.68%,319.3MiB / 512MiB
1790493539,payflow-prometheus-1,0.64%,80.23MiB / 1GiB
1790493539,payflow-tempo-1,0.21%,125.6MiB / 1GiB
1790493539,k3d-tiny-url-serverlb,0.00%,26.21MiB / 10.7GiB
1790493539,k3d-tiny-url-server-0,9.46%,1.105GiB / 10.7GiB
1790493547,payflow-payflow-1,42.72%,779.7MiB / 1.5GiB
1790493547,payflow-postgres-exporter-1,0.00%,11.23MiB / 128MiB
1790493547,payflow-postgres-1,40.08%,668.2MiB / 1GiB
1790493547,payflow-mongo-1,6.70%,213.4MiB / 1GiB
1790493547,payflow-keycloak-1,0.54%,1.04GiB / 10.7GiB
1790493547,payflow-kafka-1,21.43%,622MiB / 1.5GiB
1790493547,payflow-grafana-1,1.03%,319.3MiB / 512MiB
1790493547,payflow-prometheus-1,0.24%,80.23MiB / 1GiB
1790493547,payflow-tempo-1,1.51%,126.2MiB / 1GiB
1790493547,k3d-tiny-url-serverlb,0.00%,26.21MiB / 10.7GiB
1790493547,k3d-tiny-url-server-0,12.41%,1.105GiB / 10.7GiB
1790493554,payflow-payflow-1,42.79%,779.9MiB / 1.5GiB
1790493554,payflow-postgres-exporter-1,0.00%,12.1MiB / 128MiB
1790493554,payflow-postgres-1,27.50%,664.2MiB / 1GiB
1790493554,payflow-mongo-1,25.48%,213.5MiB / 1GiB
1790493554,payflow-keycloak-1,0.21%,1.04GiB / 10.7GiB
1790493554,payflow-kafka-1,16.12%,622.8MiB / 1.5GiB
1790493554,payflow-grafana-1,0.85%,319.3MiB / 512MiB
1790493554,payflow-prometheus-1,0.22%,80.23MiB / 1GiB
1790493554,payflow-tempo-1,0.33%,126.9MiB / 1GiB
1790493554,k3d-tiny-url-serverlb,0.00%,26.21MiB / 10.7GiB
1790493554,k3d-tiny-url-server-0,9.60%,1.105GiB / 10.7GiB
1790493561,payflow-payflow-1,47.49%,779.8MiB / 1.5GiB
1790493561,payflow-postgres-exporter-1,1.53%,10.62MiB / 128MiB
1790493561,payflow-postgres-1,26.23%,667.6MiB / 1GiB
1790493561,payflow-mongo-1,7.33%,213.3MiB / 1GiB
1790493561,payflow-keycloak-1,0.21%,1.04GiB / 10.7GiB
1790493561,payflow-kafka-1,17.26%,624.7MiB / 1.5GiB
1790493561,payflow-grafana-1,0.77%,319.4MiB / 512MiB
1790493561,payflow-prometheus-1,0.36%,80.23MiB / 1GiB
1790493561,payflow-tempo-1,0.79%,128MiB / 1GiB
1790493561,k3d-tiny-url-serverlb,0.00%,26.21MiB / 10.7GiB
1790493561,k3d-tiny-url-server-0,8.20%,1.106GiB / 10.7GiB
1790493568,payflow-payflow-1,45.85%,779.8MiB / 1.5GiB
1790493568,payflow-postgres-exporter-1,0.00%,10.59MiB / 128MiB
1790493568,payflow-postgres-1,30.76%,668.9MiB / 1GiB
1790493568,payflow-mongo-1,7.51%,213.3MiB / 1GiB
1790493568,payflow-keycloak-1,0.23%,1.04GiB / 10.7GiB
1790493568,payflow-kafka-1,17.45%,625.7MiB / 1.5GiB
1790493568,payflow-grafana-1,0.94%,319.4MiB / 512MiB
1790493568,payflow-prometheus-1,0.69%,80.24MiB / 1GiB
1790493568,payflow-tempo-1,2.51%,126.5MiB / 1GiB
1790493568,k3d-tiny-url-serverlb,0.00%,26.21MiB / 10.7GiB
1790493568,k3d-tiny-url-server-0,11.18%,1.105GiB / 10.7GiB
1790493575,payflow-payflow-1,57.34%,779.8MiB / 1.5GiB
1790493575,payflow-postgres-exporter-1,1.53%,11.51MiB / 128MiB
1790493575,payflow-postgres-1,36.78%,670.6MiB / 1GiB
1790493575,payflow-mongo-1,56.30%,368MiB / 1GiB
1790493575,payflow-keycloak-1,0.27%,1.04GiB / 10.7GiB
1790493575,payflow-kafka-1,22.41%,628.1MiB / 1.5GiB
1790493575,payflow-grafana-1,0.92%,319.4MiB / 512MiB
1790493575,payflow-prometheus-1,0.69%,80.25MiB / 1GiB
1790493575,payflow-tempo-1,0.32%,126.5MiB / 1GiB
1790493575,k3d-tiny-url-serverlb,0.00%,26.21MiB / 10.7GiB
1790493575,k3d-tiny-url-server-0,10.46%,1.105GiB / 10.7GiB
1790493583,payflow-payflow-1,60.70%,780MiB / 1.5GiB
1790493583,payflow-postgres-exporter-1,0.00%,11.64MiB / 128MiB
1790493583,payflow-postgres-1,28.67%,670.8MiB / 1GiB
1790493583,payflow-mongo-1,44.24%,213.4MiB / 1GiB
1790493583,payflow-keycloak-1,0.24%,1.04GiB / 10.7GiB
1790493583,payflow-kafka-1,17.50%,628.4MiB / 1.5GiB
1790493583,payflow-grafana-1,0.94%,319.4MiB / 512MiB
1790493583,payflow-prometheus-1,1.04%,80.25MiB / 1GiB
1790493583,payflow-tempo-1,0.30%,126.5MiB / 1GiB
1790493583,k3d-tiny-url-serverlb,0.01%,26.21MiB / 10.7GiB
1790493583,k3d-tiny-url-server-0,8.63%,1.105GiB / 10.7GiB
1790493590,payflow-payflow-1,45.79%,780MiB / 1.5GiB
1790493590,payflow-postgres-exporter-1,0.00%,11.07MiB / 128MiB
1790493590,payflow-postgres-1,32.50%,672.6MiB / 1GiB
1790493590,payflow-mongo-1,6.69%,213.6MiB / 1GiB
1790493590,payflow-keycloak-1,0.24%,1.04GiB / 10.7GiB
1790493590,payflow-kafka-1,18.34%,630.6MiB / 1.5GiB
1790493590,payflow-grafana-1,0.97%,319.4MiB / 512MiB
1790493590,payflow-prometheus-1,0.69%,80.25MiB / 1GiB
1790493590,payflow-tempo-1,0.30%,126.2MiB / 1GiB
1790493590,k3d-tiny-url-serverlb,0.00%,26.21MiB / 10.7GiB
1790493590,k3d-tiny-url-server-0,8.32%,1.105GiB / 10.7GiB
1790493597,payflow-payflow-1,46.92%,780MiB / 1.5GiB
1790493597,payflow-postgres-exporter-1,2.03%,11.41MiB / 128MiB
1790493597,payflow-postgres-1,31.83%,672.7MiB / 1GiB
1790493597,payflow-mongo-1,6.97%,213.6MiB / 1GiB
1790493597,payflow-keycloak-1,0.25%,1.04GiB / 10.7GiB
1790493597,payflow-kafka-1,17.24%,631.5MiB / 1.5GiB
1790493597,payflow-grafana-1,0.91%,319.4MiB / 512MiB
1790493597,payflow-prometheus-1,0.21%,80.32MiB / 1GiB
1790493597,payflow-tempo-1,0.62%,126.2MiB / 1GiB
1790493597,k3d-tiny-url-serverlb,0.00%,26.21MiB / 10.7GiB
1790493597,k3d-tiny-url-server-0,10.77%,1.106GiB / 10.7GiB
1790493604,payflow-payflow-1,42.24%,780.5MiB / 1.5GiB
1790493604,payflow-postgres-exporter-1,0.00%,11.64MiB / 128MiB
1790493604,payflow-postgres-1,26.08%,673.4MiB / 1GiB
1790493604,payflow-mongo-1,7.87%,213.6MiB / 1GiB
1790493604,payflow-keycloak-1,0.22%,1.04GiB / 10.7GiB
1790493604,payflow-kafka-1,16.63%,632.6MiB / 1.5GiB
1790493604,payflow-grafana-1,0.92%,319.4MiB / 512MiB
1790493604,payflow-prometheus-1,0.51%,80.89MiB / 1GiB
1790493604,payflow-tempo-1,0.34%,126.2MiB / 1GiB
1790493604,k3d-tiny-url-serverlb,0.01%,26.21MiB / 10.7GiB
1790493604,k3d-tiny-url-server-0,8.18%,1.105GiB / 10.7GiB
1790493611,payflow-payflow-1,52.07%,780.1MiB / 1.5GiB
1790493611,payflow-postgres-exporter-1,0.02%,11.17MiB / 128MiB
1790493611,payflow-postgres-1,32.68%,670.1MiB / 1GiB
1790493611,payflow-mongo-1,6.52%,213.6MiB / 1GiB
1790493611,payflow-keycloak-1,0.22%,1.04GiB / 10.7GiB
1790493611,payflow-kafka-1,58.06%,661.4MiB / 1.5GiB
1790493611,payflow-grafana-1,0.93%,319.4MiB / 512MiB
1790493611,payflow-prometheus-1,0.15%,80.89MiB / 1GiB
1790493611,payflow-tempo-1,1.01%,120.6MiB / 1GiB
1790493611,k3d-tiny-url-serverlb,0.00%,26.21MiB / 10.7GiB
1790493611,k3d-tiny-url-server-0,8.88%,1.105GiB / 10.7GiB
1790493619,payflow-payflow-1,51.77%,780.3MiB / 1.5GiB
1790493619,payflow-postgres-exporter-1,0.00%,10.96MiB / 128MiB
1790493619,payflow-postgres-1,28.39%,673.6MiB / 1GiB
1790493619,payflow-mongo-1,7.75%,213.5MiB / 1GiB
1790493619,payflow-keycloak-1,0.23%,1.04GiB / 10.7GiB
1790493619,payflow-kafka-1,161.04%,713MiB / 1.5GiB
1790493619,payflow-grafana-1,0.82%,319.4MiB / 512MiB
1790493619,payflow-prometheus-1,0.16%,80.95MiB / 1GiB
1790493619,payflow-tempo-1,0.81%,120.6MiB / 1GiB
1790493619,k3d-tiny-url-serverlb,0.01%,26.21MiB / 10.7GiB
1790493619,k3d-tiny-url-server-0,8.12%,1.105GiB / 10.7GiB
1790493626,payflow-payflow-1,47.66%,780.1MiB / 1.5GiB
1790493626,payflow-postgres-exporter-1,1.46%,10.76MiB / 128MiB
1790493626,payflow-postgres-1,30.88%,673.8MiB / 1GiB
1790493626,payflow-mongo-1,50.11%,214MiB / 1GiB
1790493626,payflow-keycloak-1,0.23%,1.04GiB / 10.7GiB
1790493626,payflow-kafka-1,190.21%,742.8MiB / 1.5GiB
1790493626,payflow-grafana-1,0.75%,319.4MiB / 512MiB
1790493626,payflow-prometheus-1,0.40%,80.98MiB / 1GiB
1790493626,payflow-tempo-1,0.27%,120.8MiB / 1GiB
1790493626,k3d-tiny-url-serverlb,0.04%,26.21MiB / 10.7GiB
1790493626,k3d-tiny-url-server-0,8.38%,1.106GiB / 10.7GiB
1790493633,payflow-payflow-1,48.97%,780.2MiB / 1.5GiB
1790493633,payflow-postgres-exporter-1,0.00%,11.64MiB / 128MiB
1790493633,payflow-postgres-1,40.68%,675.7MiB / 1GiB
1790493633,payflow-mongo-1,7.07%,215MiB / 1GiB
1790493633,payflow-keycloak-1,0.23%,1.04GiB / 10.7GiB
1790493633,payflow-kafka-1,90.95%,637MiB / 1.5GiB
1790493633,payflow-grafana-1,1.11%,319.4MiB / 512MiB
1790493633,payflow-prometheus-1,1.01%,80.98MiB / 1GiB
1790493633,payflow-tempo-1,0.41%,122MiB / 1GiB
1790493633,k3d-tiny-url-serverlb,0.00%,26.21MiB / 10.7GiB
1790493633,k3d-tiny-url-server-0,7.42%,1.105GiB / 10.7GiB
1790493640,payflow-payflow-1,51.24%,780.5MiB / 1.5GiB
1790493640,payflow-postgres-exporter-1,0.00%,11.57MiB / 128MiB
1790493640,payflow-postgres-1,33.11%,678.3MiB / 1GiB
1790493640,payflow-mongo-1,10.74%,216.5MiB / 1GiB
1790493640,payflow-keycloak-1,0.31%,1.04GiB / 10.7GiB
1790493640,payflow-kafka-1,22.61%,638.7MiB / 1.5GiB
1790493640,payflow-grafana-1,1.35%,319.4MiB / 512MiB
1790493640,payflow-prometheus-1,0.71%,80.99MiB / 1GiB
1790493640,payflow-tempo-1,0.31%,122MiB / 1GiB
1790493640,k3d-tiny-url-serverlb,0.00%,26.21MiB / 10.7GiB
1790493640,k3d-tiny-url-server-0,10.98%,1.105GiB / 10.7GiB
1790493647,payflow-payflow-1,67.43%,780.2MiB / 1.5GiB
1790493647,payflow-postgres-exporter-1,0.00%,11.33MiB / 128MiB
1790493647,payflow-postgres-1,33.41%,669.8MiB / 1GiB
1790493647,payflow-mongo-1,44.65%,365.1MiB / 1GiB
1790493647,payflow-keycloak-1,0.24%,1.04GiB / 10.7GiB
1790493647,payflow-kafka-1,27.65%,639.9MiB / 1.5GiB
1790493647,payflow-grafana-1,1.12%,319.4MiB / 512MiB
1790493647,payflow-prometheus-1,0.75%,80.99MiB / 1GiB
1790493647,payflow-tempo-1,0.24%,122MiB / 1GiB
1790493647,k3d-tiny-url-serverlb,0.00%,26.21MiB / 10.7GiB
1790493647,k3d-tiny-url-server-0,9.76%,1.106GiB / 10.7GiB
1790493655,payflow-payflow-1,45.54%,780.3MiB / 1.5GiB
1790493655,payflow-postgres-exporter-1,0.00%,11.03MiB / 128MiB
1790493655,payflow-postgres-1,26.09%,671.8MiB / 1GiB
1790493655,payflow-mongo-1,6.94%,217.1MiB / 1GiB
1790493655,payflow-keycloak-1,0.25%,1.04GiB / 10.7GiB
1790493655,payflow-kafka-1,17.45%,641.3MiB / 1.5GiB
1790493655,payflow-grafana-1,1.44%,319.4MiB / 512MiB
1790493655,payflow-prometheus-1,0.75%,80.99MiB / 1GiB
1790493655,payflow-tempo-1,0.27%,122.3MiB / 1GiB
1790493655,k3d-tiny-url-serverlb,0.00%,26.21MiB / 10.7GiB
1790493655,k3d-tiny-url-server-0,8.16%,1.106GiB / 10.7GiB
1790493662,payflow-payflow-1,52.58%,780.3MiB / 1.5GiB
1790493662,payflow-postgres-exporter-1,0.00%,10.86MiB / 128MiB
1790493662,payflow-postgres-1,36.51%,678.2MiB / 1GiB
1790493662,payflow-mongo-1,7.39%,220MiB / 1GiB
1790493662,payflow-keycloak-1,0.27%,1.04GiB / 10.7GiB
1790493662,payflow-kafka-1,19.81%,642.2MiB / 1.5GiB
1790493662,payflow-grafana-1,1.17%,319.4MiB / 512MiB
1790493662,payflow-prometheus-1,0.22%,81MiB / 1GiB
1790493662,payflow-tempo-1,0.82%,122.4MiB / 1GiB
1790493662,k3d-tiny-url-serverlb,0.00%,26.21MiB / 10.7GiB
1790493662,k3d-tiny-url-server-0,9.30%,1.105GiB / 10.7GiB
1790493669,payflow-payflow-1,46.30%,780.4MiB / 1.5GiB
1790493669,payflow-postgres-exporter-1,0.00%,10.73MiB / 128MiB
1790493669,payflow-postgres-1,32.84%,677MiB / 1GiB
1790493669,payflow-mongo-1,5.82%,220.2MiB / 1GiB
1790493669,payflow-keycloak-1,0.23%,1.04GiB / 10.7GiB
1790493669,payflow-kafka-1,16.78%,649.3MiB / 1.5GiB
1790493669,payflow-grafana-1,0.83%,319.4MiB / 512MiB
1790493669,payflow-prometheus-1,0.16%,81MiB / 1GiB
1790493669,payflow-tempo-1,0.29%,122.9MiB / 1GiB
1790493669,k3d-tiny-url-serverlb,0.01%,26.21MiB / 10.7GiB
1790493669,k3d-tiny-url-server-0,7.36%,1.105GiB / 10.7GiB
1790493676,payflow-payflow-1,51.37%,781.1MiB / 1.5GiB
1790493676,payflow-postgres-exporter-1,0.00%,11.44MiB / 128MiB
1790493676,payflow-postgres-1,45.84%,678.5MiB / 1GiB
1790493676,payflow-mongo-1,53.60%,221.9MiB / 1GiB
1790493676,payflow-keycloak-1,0.28%,1.04GiB / 10.7GiB
1790493676,payflow-kafka-1,20.79%,643.9MiB / 1.5GiB
1790493676,payflow-grafana-1,1.06%,319.4MiB / 512MiB
1790493676,payflow-prometheus-1,0.42%,81MiB / 1GiB
1790493676,payflow-tempo-1,0.22%,121.1MiB / 1GiB
1790493676,k3d-tiny-url-serverlb,0.00%,26.21MiB / 10.7GiB
1790493676,k3d-tiny-url-server-0,13.35%,1.106GiB / 10.7GiB
1790493683,payflow-payflow-1,56.44%,781.2MiB / 1.5GiB
1790493683,payflow-postgres-exporter-1,0.00%,10.82MiB / 128MiB
1790493683,payflow-postgres-1,44.72%,640.9MiB / 1GiB
1790493683,payflow-mongo-1,10.25%,222.4MiB / 1GiB
1790493683,payflow-keycloak-1,0.30%,1.04GiB / 10.7GiB
1790493683,payflow-kafka-1,20.50%,644.8MiB / 1.5GiB
1790493683,payflow-grafana-1,1.11%,319.4MiB / 512MiB
1790493683,payflow-prometheus-1,0.73%,81MiB / 1GiB
1790493683,payflow-tempo-1,0.40%,121.3MiB / 1GiB
1790493683,k3d-tiny-url-serverlb,0.01%,26.21MiB / 10.7GiB
1790493683,k3d-tiny-url-server-0,10.33%,1.106GiB / 10.7GiB
1790493691,payflow-payflow-1,45.57%,781MiB / 1.5GiB
1790493691,payflow-postgres-exporter-1,1.78%,11.59MiB / 128MiB
1790493691,payflow-postgres-1,35.35%,643.7MiB / 1GiB
1790493691,payflow-mongo-1,6.52%,222.6MiB / 1GiB
1790493691,payflow-keycloak-1,0.25%,1.04GiB / 10.7GiB
1790493691,payflow-kafka-1,16.55%,646.9MiB / 1.5GiB
1790493691,payflow-grafana-1,0.86%,319.4MiB / 512MiB
1790493691,payflow-prometheus-1,0.43%,81MiB / 1GiB
1790493691,payflow-tempo-1,0.20%,122.1MiB / 1GiB
1790493691,k3d-tiny-url-serverlb,0.02%,26.21MiB / 10.7GiB
1790493691,k3d-tiny-url-server-0,7.92%,1.105GiB / 10.7GiB
1790493698,payflow-payflow-1,53.96%,781MiB / 1.5GiB
1790493698,payflow-postgres-exporter-1,0.00%,11.48MiB / 128MiB
1790493698,payflow-postgres-1,31.71%,655.4MiB / 1GiB
1790493698,payflow-mongo-1,55.61%,222.6MiB / 1GiB
1790493698,payflow-keycloak-1,0.22%,1.04GiB / 10.7GiB
1790493698,payflow-kafka-1,19.05%,648.8MiB / 1.5GiB
1790493698,payflow-grafana-1,1.28%,319.4MiB / 512MiB
1790493698,payflow-prometheus-1,0.21%,81MiB / 1GiB
1790493698,payflow-tempo-1,1.79%,121.3MiB / 1GiB
1790493698,k3d-tiny-url-serverlb,0.00%,26.21MiB / 10.7GiB
1790493698,k3d-tiny-url-server-0,9.60%,1.106GiB / 10.7GiB
1790493705,payflow-payflow-1,44.74%,781.1MiB / 1.5GiB
1790493705,payflow-postgres-exporter-1,0.00%,11.23MiB / 128MiB
1790493705,payflow-postgres-1,33.50%,656.1MiB / 1GiB
1790493705,payflow-mongo-1,7.14%,222.4MiB / 1GiB
1790493705,payflow-keycloak-1,0.40%,1.04GiB / 10.7GiB
1790493705,payflow-kafka-1,17.00%,650.2MiB / 1.5GiB
1790493705,payflow-grafana-1,0.92%,319.4MiB / 512MiB
1790493705,payflow-prometheus-1,0.74%,81MiB / 1GiB
1790493705,payflow-tempo-1,0.30%,121.3MiB / 1GiB
1790493705,k3d-tiny-url-serverlb,0.01%,26.21MiB / 10.7GiB
1790493705,k3d-tiny-url-server-0,8.53%,1.105GiB / 10.7GiB
1790493712,payflow-payflow-1,49.78%,782.1MiB / 1.5GiB
1790493712,payflow-postgres-exporter-1,0.00%,11.07MiB / 128MiB
1790493712,payflow-postgres-1,30.98%,665.2MiB / 1GiB
1790493712,payflow-mongo-1,6.97%,222.7MiB / 1GiB
1790493712,payflow-keycloak-1,0.23%,1.04GiB / 10.7GiB
1790493712,payflow-kafka-1,89.69%,697.5MiB / 1.5GiB
1790493712,payflow-grafana-1,0.85%,319.4MiB / 512MiB
1790493712,payflow-prometheus-1,0.77%,81.01MiB / 1GiB
1790493712,payflow-tempo-1,0.30%,121.6MiB / 1GiB
1790493712,k3d-tiny-url-serverlb,0.01%,26.21MiB / 10.7GiB
1790493712,k3d-tiny-url-server-0,9.38%,1.106GiB / 10.7GiB
