1790739376,payflow-payflow-1,55.02%,717.8MiB / 1.5GiB
1790739376,payflow-grafana-1,0.75%,310.4MiB / 512MiB
1790739376,payflow-postgres-exporter-1,0.00%,8.645MiB / 128MiB
1790739376,payflow-prometheus-1,0.15%,56.17MiB / 1GiB
1790739376,payflow-postgres-1,16.48%,311.8MiB / 1GiB
1790739376,payflow-tempo-1,0.20%,52.21MiB / 1.5GiB
1790739376,payflow-mongo-1,1.10%,319MiB / 1GiB
1790739376,payflow-kafka-1,9.53%,598.5MiB / 1.5GiB
1790739376,payflow-keycloak-1,73.76%,746.5MiB / 7.757GiB
1790739376,payflow-settlement-rail-1,0.01%,33.71MiB / 256MiB
1790739376,k3d-dev-serverlb,0.00%,23.96MiB / 7.757GiB
1790739376,k3d-dev-agent-0,2.63%,277.2MiB / 7.757GiB
1790739376,k3d-dev-server-0,5.78%,810.3MiB / 7.757GiB
1790739376,nifty_chebyshev,7.42%,17.03MiB / 7.757GiB
1790739389,nifty_chebyshev,4.04%,19.81MiB / 7.757GiB
1790739389,payflow-payflow-1,67.39%,718MiB / 1.5GiB
1790739389,payflow-grafana-1,1.17%,310.4MiB / 512MiB
1790739389,payflow-postgres-exporter-1,0.00%,8.082MiB / 128MiB
1790739389,payflow-prometheus-1,0.36%,56.18MiB / 1GiB
1790739389,payflow-postgres-1,28.35%,313MiB / 1GiB
1790739389,payflow-tempo-1,1.90%,54.41MiB / 1.5GiB
1790739389,payflow-mongo-1,3.21%,318.9MiB / 1GiB
1790739389,payflow-kafka-1,15.93%,601.5MiB / 1.5GiB
1790739389,payflow-keycloak-1,0.16%,840.3MiB / 7.757GiB
1790739389,payflow-settlement-rail-1,0.80%,34.68MiB / 256MiB
1790739389,k3d-dev-serverlb,0.00%,23.96MiB / 7.757GiB
1790739389,k3d-dev-agent-0,4.63%,273.2MiB / 7.757GiB
1790739389,k3d-dev-server-0,7.92%,812.1MiB / 7.757GiB
1790739402,nifty_chebyshev,2.97%,21.75MiB / 7.757GiB
1790739402,payflow-payflow-1,78.86%,718.3MiB / 1.5GiB
1790739402,payflow-grafana-1,0.76%,310.7MiB / 512MiB
1790739402,payflow-postgres-exporter-1,0.00%,8.922MiB / 128MiB
1790739402,payflow-prometheus-1,0.16%,56.26MiB / 1GiB
1790739402,payflow-postgres-1,31.66%,314.3MiB / 1GiB
1790739402,payflow-tempo-1,4.15%,56.02MiB / 1.5GiB
1790739402,payflow-mongo-1,45.45%,318.9MiB / 1GiB
1790739402,payflow-kafka-1,15.80%,606.1MiB / 1.5GiB
1790739402,payflow-keycloak-1,0.15%,840.6MiB / 7.757GiB
1790739402,payflow-settlement-rail-1,0.89%,34.03MiB / 256MiB
1790739402,k3d-dev-serverlb,0.00%,23.96MiB / 7.757GiB
1790739402,k3d-dev-agent-0,4.29%,276.7MiB / 7.757GiB
1790739402,k3d-dev-server-0,7.93%,812.5MiB / 7.757GiB
1790739414,nifty_chebyshev,2.91%,22.34MiB / 7.757GiB
1790739414,payflow-payflow-1,64.94%,718.5MiB / 1.5GiB
1790739414,payflow-grafana-1,0.75%,310.7MiB / 512MiB
1790739414,payflow-postgres-exporter-1,0.00%,9.051MiB / 128MiB
1790739414,payflow-prometheus-1,0.73%,56.3MiB / 1GiB
1790739414,payflow-postgres-1,29.13%,315.1MiB / 1GiB
1790739414,payflow-tempo-1,0.26%,56.53MiB / 1.5GiB
1790739414,payflow-mongo-1,3.92%,318.9MiB / 1GiB
1790739414,payflow-kafka-1,155.47%,717.8MiB / 1.5GiB
1790739414,payflow-keycloak-1,0.14%,840.5MiB / 7.757GiB
1790739414,payflow-settlement-rail-1,2.66%,41.68MiB / 256MiB
1790739414,k3d-dev-serverlb,0.00%,23.96MiB / 7.757GiB
1790739414,k3d-dev-agent-0,3.78%,277.3MiB / 7.757GiB
1790739414,k3d-dev-server-0,6.38%,812.4MiB / 7.757GiB
1790739428,nifty_chebyshev,4.16%,22.81MiB / 7.757GiB
1790739428,payflow-payflow-1,79.17%,719MiB / 1.5GiB
1790739428,payflow-grafana-1,1.35%,310.7MiB / 512MiB
1790739428,payflow-postgres-exporter-1,1.38%,8.766MiB / 128MiB
1790739428,payflow-prometheus-1,1.29%,56.45MiB / 1GiB
1790739428,payflow-postgres-1,29.12%,316.4MiB / 1GiB
1790739428,payflow-tempo-1,0.30%,59.06MiB / 1.5GiB
1790739428,payflow-mongo-1,3.15%,319MiB / 1GiB
1790739428,payflow-kafka-1,33.42%,617.5MiB / 1.5GiB
1790739428,payflow-keycloak-1,0.14%,840.6MiB / 7.757GiB
1790739428,payflow-settlement-rail-1,0.73%,34.47MiB / 256MiB
1790739428,k3d-dev-serverlb,0.00%,23.96MiB / 7.757GiB
1790739428,k3d-dev-agent-0,7.60%,275.7MiB / 7.757GiB
1790739428,k3d-dev-server-0,8.76%,792.7MiB / 7.757GiB
1790739440,nifty_chebyshev,3.75%,22.95MiB / 7.757GiB
1790739440,payflow-payflow-1,53.33%,719.2MiB / 1.5GiB
1790739440,payflow-grafana-1,1.03%,310.7MiB / 512MiB
1790739440,payflow-postgres-exporter-1,0.00%,7.887MiB / 128MiB
1790739440,payflow-prometheus-1,0.21%,57.78MiB / 1GiB
1790739440,payflow-postgres-1,17.63%,317.8MiB / 1GiB
1790739440,payflow-tempo-1,0.29%,58.32MiB / 1.5GiB
1790739440,payflow-mongo-1,3.06%,322.2MiB / 1GiB
1790739440,payflow-kafka-1,12.75%,614.2MiB / 1.5GiB
1790739440,payflow-keycloak-1,0.16%,840.5MiB / 7.757GiB
1790739440,payflow-settlement-rail-1,0.26%,35.4MiB / 256MiB
1790739440,k3d-dev-serverlb,0.00%,23.96MiB / 7.757GiB
1790739440,k3d-dev-agent-0,6.59%,277.6MiB / 7.757GiB
1790739440,k3d-dev-server-0,9.86%,793.7MiB / 7.757GiB
1790739454,nifty_chebyshev,3.69%,23.05MiB / 7.757GiB
1790739454,payflow-payflow-1,53.62%,719.4MiB / 1.5GiB
1790739454,payflow-grafana-1,0.76%,310.7MiB / 512MiB
1790739454,payflow-postgres-exporter-1,1.39%,8.211MiB / 128MiB
1790739454,payflow-prometheus-1,1.37%,59.56MiB / 1GiB
1790739454,payflow-postgres-1,19.90%,318.3MiB / 1GiB
1790739454,payflow-tempo-1,0.84%,57.85MiB / 1.5GiB
1790739454,payflow-mongo-1,7.43%,372.7MiB / 1GiB
1790739454,payflow-kafka-1,13.19%,615.3MiB / 1.5GiB
1790739454,payflow-keycloak-1,0.17%,840.5MiB / 7.757GiB
1790739454,payflow-settlement-rail-1,0.23%,34.37MiB / 256MiB
1790739454,k3d-dev-serverlb,0.00%,23.96MiB / 7.757GiB
1790739454,k3d-dev-agent-0,5.22%,273.5MiB / 7.757GiB
1790739454,k3d-dev-server-0,8.30%,793MiB / 7.757GiB
1790739466,nifty_chebyshev,3.11%,23.25MiB / 7.757GiB
1790739466,payflow-payflow-1,46.48%,719.5MiB / 1.5GiB
1790739466,payflow-grafana-1,0.75%,310.6MiB / 512MiB
1790739466,payflow-postgres-exporter-1,0.00%,8.395MiB / 128MiB
1790739466,payflow-prometheus-1,0.17%,60.5MiB / 1GiB
1790739466,payflow-postgres-1,19.43%,319.5MiB / 1GiB
1790739466,payflow-tempo-1,2.53%,60.45MiB / 1.5GiB
1790739466,payflow-mongo-1,18.11%,322.7MiB / 1GiB
1790739466,payflow-kafka-1,13.82%,619.7MiB / 1.5GiB
1790739466,payflow-keycloak-1,0.13%,840.6MiB / 7.757GiB
1790739466,payflow-settlement-rail-1,0.02%,34.38MiB / 256MiB
1790739466,k3d-dev-serverlb,0.00%,23.96MiB / 7.757GiB
1790739466,k3d-dev-agent-0,3.66%,277.7MiB / 7.757GiB
1790739466,k3d-dev-server-0,8.38%,793.7MiB / 7.757GiB
1790739478,nifty_chebyshev,3.12%,23.35MiB / 7.757GiB
1790739478,payflow-payflow-1,67.03%,720.1MiB / 1.5GiB
1790739478,payflow-grafana-1,0.77%,310.6MiB / 512MiB
1790739478,payflow-postgres-exporter-1,0.00%,8.277MiB / 128MiB
1790739478,payflow-prometheus-1,0.46%,60.54MiB / 1GiB
1790739478,payflow-postgres-1,27.57%,320.2MiB / 1GiB
1790739478,payflow-tempo-1,1.95%,57.8MiB / 1.5GiB
1790739478,payflow-mongo-1,3.49%,322.6MiB / 1GiB
1790739478,payflow-kafka-1,15.25%,621.4MiB / 1.5GiB
1790739478,payflow-keycloak-1,0.15%,840.6MiB / 7.757GiB
1790739478,payflow-settlement-rail-1,0.11%,34.4MiB / 256MiB
1790739478,k3d-dev-serverlb,0.00%,23.96MiB / 7.757GiB
1790739478,k3d-dev-agent-0,4.53%,277.3MiB / 7.757GiB
1790739478,k3d-dev-server-0,8.28%,794.1MiB / 7.757GiB
1790739493,nifty_chebyshev,3.56%,23.37MiB / 7.757GiB
1790739493,payflow-payflow-1,52.81%,720.4MiB / 1.5GiB
1790739493,payflow-grafana-1,1.39%,310.6MiB / 512MiB
1790739493,payflow-postgres-exporter-1,0.00%,8.449MiB / 128MiB
1790739493,payflow-prometheus-1,0.19%,60.54MiB / 1GiB
1790739493,payflow-postgres-1,21.79%,320.8MiB / 1GiB
1790739493,payflow-tempo-1,0.39%,59.55MiB / 1.5GiB
1790739493,payflow-mongo-1,3.38%,322.7MiB / 1GiB
1790739493,payflow-kafka-1,50.54%,623.3MiB / 1.5GiB
1790739493,payflow-keycloak-1,0.17%,840.5MiB / 7.757GiB
1790739493,payflow-settlement-rail-1,0.02%,34.39MiB / 256MiB
1790739493,k3d-dev-serverlb,0.00%,23.96MiB / 7.757GiB
1790739493,k3d-dev-agent-0,5.92%,276.4MiB / 7.757GiB
1790739493,k3d-dev-server-0,6.25%,793.7MiB / 7.757GiB
1790739505,nifty_chebyshev,2.77%,23.66MiB / 7.757GiB
1790739505,payflow-payflow-1,48.42%,720.1MiB / 1.5GiB
1790739505,payflow-grafana-1,0.71%,310.6MiB / 512MiB
1790739505,payflow-postgres-exporter-1,0.00%,8.348MiB / 128MiB
1790739505,payflow-prometheus-1,0.19%,60.54MiB / 1GiB
1790739505,payflow-postgres-1,15.08%,322MiB / 1GiB
1790739505,payflow-tempo-1,0.18%,60.16MiB / 1.5GiB
1790739505,payflow-mongo-1,3.18%,322.8MiB / 1GiB
1790739505,payflow-kafka-1,189.44%,730.4MiB / 1.5GiB
1790739505,payflow-keycloak-1,0.13%,840.5MiB / 7.757GiB
1790739505,payflow-settlement-rail-1,0.01%,34.39MiB / 256MiB
1790739505,k3d-dev-serverlb,0.01%,23.96MiB / 7.757GiB
1790739505,k3d-dev-agent-0,2.54%,276.9MiB / 7.757GiB
1790739505,k3d-dev-server-0,9.06%,797.8MiB / 7.757GiB
1790739517,nifty_chebyshev,3.51%,23.7MiB / 7.757GiB
1790739517,payflow-payflow-1,149.04%,720.5MiB / 1.5GiB
1790739517,payflow-grafana-1,0.62%,310.6MiB / 512MiB
1790739517,payflow-postgres-exporter-1,0.00%,8.113MiB / 128MiB
1790739517,payflow-prometheus-1,0.34%,60.56MiB / 1GiB
1790739517,payflow-postgres-1,71.25%,322.5MiB / 1GiB
1790739517,payflow-tempo-1,1.42%,55MiB / 1.5GiB
1790739517,payflow-mongo-1,1.93%,322.8MiB / 1GiB
1790739517,payflow-kafka-1,87.47%,659.5MiB / 1.5GiB
1790739517,payflow-keycloak-1,0.13%,840.5MiB / 7.757GiB
1790739517,payflow-settlement-rail-1,0.01%,34.39MiB / 256MiB
1790739517,k3d-dev-serverlb,0.00%,23.96MiB / 7.757GiB
1790739517,k3d-dev-agent-0,2.39%,274MiB / 7.757GiB
1790739517,k3d-dev-server-0,7.98%,806MiB / 7.757GiB
1790739531,nifty_chebyshev,3.81%,23.71MiB / 7.757GiB
1790739531,payflow-payflow-1,61.55%,720.2MiB / 1.5GiB
1790739531,payflow-grafana-1,0.85%,310.6MiB / 512MiB
1790739531,payflow-postgres-exporter-1,0.00%,8.066MiB / 128MiB
1790739531,payflow-prometheus-1,0.20%,61.39MiB / 1GiB
1790739531,payflow-postgres-1,18.67%,322.6MiB / 1GiB
1790739531,payflow-tempo-1,0.92%,57.9MiB / 1.5GiB
1790739531,payflow-mongo-1,3.39%,323MiB / 1GiB
1790739531,payflow-kafka-1,13.15%,631.5MiB / 1.5GiB
1790739531,payflow-keycloak-1,0.17%,841MiB / 7.757GiB
1790739531,payflow-settlement-rail-1,0.05%,34.39MiB / 256MiB
1790739531,k3d-dev-serverlb,0.00%,23.96MiB / 7.757GiB
1790739531,k3d-dev-agent-0,4.06%,277.2MiB / 7.757GiB
1790739531,k3d-dev-server-0,8.47%,813.9MiB / 7.757GiB
1790739543,nifty_chebyshev,3.08%,23.9MiB / 7.757GiB
1790739543,payflow-payflow-1,87.75%,720.8MiB / 1.5GiB
1790739543,payflow-grafana-1,0.77%,310.6MiB / 512MiB
1790739543,payflow-postgres-exporter-1,1.34%,7.922MiB / 128MiB
1790739543,payflow-prometheus-1,1.30%,61.41MiB / 1GiB
1790739543,payflow-postgres-1,25.96%,323.3MiB / 1GiB
1790739543,payflow-tempo-1,0.28%,55.67MiB / 1.5GiB
1790739543,payflow-mongo-1,3.30%,323MiB / 1GiB
1790739543,payflow-kafka-1,15.53%,630MiB / 1.5GiB
1790739543,payflow-keycloak-1,0.13%,841MiB / 7.757GiB
1790739543,payflow-settlement-rail-1,2.07%,36.33MiB / 256MiB
1790739543,k3d-dev-serverlb,0.01%,23.96MiB / 7.757GiB
1790739543,k3d-dev-agent-0,6.18%,271MiB / 7.757GiB
1790739543,k3d-dev-server-0,12.47%,823.6MiB / 7.757GiB
1790739558,nifty_chebyshev,3.77%,23.91MiB / 7.757GiB
1790739558,payflow-payflow-1,65.68%,720.7MiB / 1.5GiB
1790739558,payflow-grafana-1,0.95%,308.5MiB / 512MiB
1790739558,payflow-postgres-exporter-1,0.00%,8.523MiB / 128MiB
1790739558,payflow-prometheus-1,0.23%,62.15MiB / 1GiB
1790739558,payflow-postgres-1,32.93%,324.7MiB / 1GiB
1790739558,payflow-tempo-1,0.36%,58.48MiB / 1.5GiB
1790739558,payflow-mongo-1,2.98%,319.9MiB / 1GiB
1790739558,payflow-kafka-1,15.30%,639MiB / 1.5GiB
1790739558,payflow-keycloak-1,0.19%,841.3MiB / 7.757GiB
1790739558,payflow-settlement-rail-1,0.93%,35.62MiB / 256MiB
1790739558,k3d-dev-serverlb,0.00%,23.79MiB / 7.757GiB
1790739558,k3d-dev-agent-0,5.21%,283.1MiB / 7.757GiB
1790739558,k3d-dev-server-0,7.97%,823.4MiB / 7.757GiB
1790739570,payflow-payflow-1,23.25%,720.7MiB / 1.5GiB
1790739570,payflow-grafana-1,0.94%,308.5MiB / 512MiB
1790739570,payflow-postgres-exporter-1,1.18%,8.691MiB / 128MiB
1790739570,payflow-prometheus-1,0.60%,62.16MiB / 1GiB
1790739570,payflow-postgres-1,11.79%,331.6MiB / 1GiB
1790739570,payflow-tempo-1,0.31%,60.79MiB / 1.5GiB
1790739570,payflow-mongo-1,5.87%,385.4MiB / 1GiB
1790739570,payflow-kafka-1,8.11%,640.7MiB / 1.5GiB
1790739570,payflow-keycloak-1,0.18%,841.3MiB / 7.757GiB
1790739570,payflow-settlement-rail-1,0.02%,38.19MiB / 256MiB
1790739570,k3d-dev-serverlb,0.00%,23.79MiB / 7.757GiB
1790739570,k3d-dev-agent-0,5.55%,284.1MiB / 7.757GiB
1790739570,k3d-dev-server-0,11.84%,824.9MiB / 7.757GiB
1790739582,payflow-payflow-1,20.43%,720.7MiB / 1.5GiB
1790739582,payflow-grafana-1,1.03%,308.6MiB / 512MiB
1790739582,payflow-postgres-exporter-1,0.00%,8.988MiB / 128MiB
1790739582,payflow-prometheus-1,0.23%,62.19MiB / 1GiB
1790739582,payflow-postgres-1,9.26%,335.6MiB / 1GiB
1790739582,payflow-tempo-1,0.33%,61.86MiB / 1.5GiB
1790739582,payflow-mongo-1,26.61%,320.1MiB / 1GiB
1790739582,payflow-kafka-1,8.78%,643.1MiB / 1.5GiB
1790739582,payflow-keycloak-1,0.16%,842.1MiB / 7.757GiB
1790739582,payflow-settlement-rail-1,0.30%,36MiB / 256MiB
1790739582,k3d-dev-serverlb,0.00%,23.83MiB / 7.757GiB
1790739582,k3d-dev-agent-0,4.70%,281.7MiB / 7.757GiB
1790739582,k3d-dev-server-0,5.72%,824.8MiB / 7.757GiB
1790739596,payflow-payflow-1,27.65%,720.7MiB / 1.5GiB
1790739596,payflow-grafana-1,1.99%,308.6MiB / 512MiB
1790739596,payflow-postgres-exporter-1,0.00%,8.184MiB / 128MiB
1790739596,payflow-prometheus-1,0.38%,62.19MiB / 1GiB
1790739596,payflow-postgres-1,14.11%,331.7MiB / 1GiB
1790739596,payflow-tempo-1,0.50%,60.95MiB / 1.5GiB
1790739596,payflow-mongo-1,2.56%,320.3MiB / 1GiB
1790739596,payflow-kafka-1,148.26%,751.3MiB / 1.5GiB
1790739596,payflow-keycloak-1,0.13%,842.2MiB / 7.757GiB
1790739596,payflow-settlement-rail-1,0.46%,36.05MiB / 256MiB
1790739596,k3d-dev-serverlb,0.00%,23.83MiB / 7.757GiB
1790739596,k3d-dev-agent-0,5.61%,284.6MiB / 7.757GiB
1790739596,k3d-dev-server-0,14.45%,825.7MiB / 7.757GiB
1790739608,payflow-payflow-1,16.98%,720.7MiB / 1.5GiB
1790739608,payflow-grafana-1,0.97%,308.6MiB / 512MiB
1790739608,payflow-postgres-exporter-1,0.00%,8.387MiB / 128MiB
1790739608,payflow-prometheus-1,0.15%,62.2MiB / 1GiB
1790739608,payflow-postgres-1,5.45%,331.8MiB / 1GiB
1790739608,payflow-tempo-1,0.26%,61.21MiB / 1.5GiB
1790739608,payflow-mongo-1,0.38%,320.3MiB / 1GiB
1790739608,payflow-kafka-1,116.75%,719MiB / 1.5GiB
1790739608,payflow-keycloak-1,0.11%,842.3MiB / 7.757GiB
1790739608,payflow-settlement-rail-1,0.29%,36.07MiB / 256MiB
1790739608,k3d-dev-serverlb,0.00%,23.83MiB / 7.757GiB
1790739608,k3d-dev-agent-0,8.19%,279.8MiB / 7.757GiB
1790739608,k3d-dev-server-0,8.96%,825.1MiB / 7.757GiB
1790739620,payflow-payflow-1,25.38%,720.6MiB / 1.5GiB
1790739620,payflow-grafana-1,1.25%,307.8MiB / 512MiB
1790739620,payflow-postgres-exporter-1,0.00%,10.01MiB / 128MiB
1790739620,payflow-prometheus-1,0.30%,62.2MiB / 1GiB
1790739620,payflow-postgres-1,9.05%,334.4MiB / 1GiB
1790739620,payflow-tempo-1,0.44%,61.21MiB / 1.5GiB
1790739620,payflow-mongo-1,0.95%,318.6MiB / 1GiB
1790739620,payflow-kafka-1,10.34%,646.8MiB / 1.5GiB
1790739620,payflow-keycloak-1,0.30%,843MiB / 7.757GiB
1790739620,payflow-settlement-rail-1,0.24%,36.42MiB / 256MiB
1790739620,k3d-dev-serverlb,0.00%,23.83MiB / 7.757GiB
1790739620,k3d-dev-agent-0,4.39%,285.1MiB / 7.757GiB
1790739620,k3d-dev-server-0,7.29%,824.2MiB / 7.757GiB
1790739634,payflow-payflow-1,55.84%,720.2MiB / 1.5GiB
1790739634,payflow-grafana-1,0.85%,307.8MiB / 512MiB
1790739634,payflow-postgres-exporter-1,1.29%,9.27MiB / 128MiB
1790739634,payflow-prometheus-1,1.45%,62.22MiB / 1GiB
1790739634,payflow-postgres-1,15.89%,335MiB / 1GiB
1790739634,payflow-tempo-1,0.34%,53.77MiB / 1.5GiB
1790739634,payflow-mongo-1,49.49%,318.6MiB / 1GiB
1790739634,payflow-kafka-1,13.40%,649.4MiB / 1.5GiB
1790739634,payflow-keycloak-1,0.16%,843MiB / 7.757GiB
1790739634,payflow-settlement-rail-1,0.28%,36.46MiB / 256MiB
1790739634,k3d-dev-serverlb,0.00%,23.83MiB / 7.757GiB
1790739634,k3d-dev-agent-0,4.75%,286.3MiB / 7.757GiB
1790739634,k3d-dev-server-0,9.92%,824.9MiB / 7.757GiB
1790739646,payflow-payflow-1,20.22%,720.2MiB / 1.5GiB
1790739646,payflow-grafana-1,1.18%,307.8MiB / 512MiB
1790739646,payflow-postgres-exporter-1,0.00%,8.879MiB / 128MiB
1790739646,payflow-prometheus-1,0.23%,62.22MiB / 1GiB
1790739646,payflow-postgres-1,6.97%,335MiB / 1GiB
1790739646,payflow-tempo-1,0.36%,53.78MiB / 1.5GiB
1790739646,payflow-mongo-1,0.68%,318.6MiB / 1GiB
1790739646,payflow-kafka-1,10.91%,651.1MiB / 1.5GiB
1790739646,payflow-keycloak-1,0.18%,843.1MiB / 7.757GiB
1790739646,payflow-settlement-rail-1,0.19%,36.49MiB / 256MiB
1790739646,k3d-dev-serverlb,0.00%,23.83MiB / 7.757GiB
1790739646,k3d-dev-agent-0,4.42%,282.8MiB / 7.757GiB
1790739646,k3d-dev-server-0,9.31%,824.9MiB / 7.757GiB
1790739661,payflow-payflow-1,15.13%,720.2MiB / 1.5GiB
1790739661,payflow-grafana-1,1.04%,307.3MiB / 512MiB
1790739661,payflow-postgres-exporter-1,1.36%,8.906MiB / 128MiB
1790739661,payflow-prometheus-1,1.32%,62.23MiB / 1GiB
1790739661,payflow-postgres-1,7.69%,335MiB / 1GiB
1790739661,payflow-tempo-1,0.50%,53.88MiB / 1.5GiB
1790739661,payflow-mongo-1,0.64%,318.7MiB / 1GiB
1790739661,payflow-kafka-1,6.80%,651.4MiB / 1.5GiB
1790739661,payflow-keycloak-1,0.15%,843.6MiB / 7.757GiB
1790739661,payflow-settlement-rail-1,0.19%,36.5MiB / 256MiB
1790739661,k3d-dev-serverlb,0.00%,23.83MiB / 7.757GiB
1790739661,k3d-dev-agent-0,4.80%,286.3MiB / 7.757GiB
1790739661,k3d-dev-server-0,8.35%,825.2MiB / 7.757GiB
1790739673,payflow-payflow-1,20.31%,720.3MiB / 1.5GiB
1790739673,payflow-grafana-1,1.08%,307.3MiB / 512MiB
1790739673,payflow-postgres-exporter-1,0.00%,8.73MiB / 128MiB
1790739673,payflow-prometheus-1,0.21%,62.77MiB / 1GiB
1790739673,payflow-postgres-1,6.36%,335MiB / 1GiB
1790739673,payflow-tempo-1,0.42%,53.89MiB / 1.5GiB
1790739673,payflow-mongo-1,0.71%,318.4MiB / 1GiB
1790739673,payflow-kafka-1,9.71%,651.8MiB / 1.5GiB
1790739673,payflow-keycloak-1,0.19%,843.6MiB / 7.757GiB
1790739673,payflow-settlement-rail-1,0.17%,36.51MiB / 256MiB
1790739673,k3d-dev-serverlb,0.00%,23.83MiB / 7.757GiB
1790739673,k3d-dev-agent-0,4.93%,280.7MiB / 7.757GiB
1790739673,k3d-dev-server-0,10.71%,762.6MiB / 7.757GiB
1790739685,payflow-payflow-1,15.56%,720.3MiB / 1.5GiB
1790739685,payflow-grafana-1,0.97%,307.3MiB / 512MiB
1790739685,payflow-postgres-exporter-1,0.00%,8.73MiB / 128MiB
1790739685,payflow-prometheus-1,0.45%,63.69MiB / 1GiB
1790739685,payflow-postgres-1,5.53%,335.5MiB / 1GiB
1790739685,payflow-tempo-1,0.29%,53.89MiB / 1.5GiB
1790739685,payflow-mongo-1,41.86%,318.5MiB / 1GiB
1790739685,payflow-kafka-1,7.13%,663.6MiB / 1.5GiB
1790739685,payflow-keycloak-1,0.18%,843.6MiB / 7.757GiB
1790739685,payflow-settlement-rail-1,0.14%,36.52MiB / 256MiB
1790739685,k3d-dev-serverlb,0.00%,23.83MiB / 7.757GiB
1790739685,k3d-dev-agent-0,3.74%,285.3MiB / 7.757GiB
1790739685,k3d-dev-server-0,9.30%,762.9MiB / 7.757GiB
1790739699,payflow-payflow-1,27.57%,720.4MiB / 1.5GiB
1790739699,payflow-grafana-1,0.91%,307.3MiB / 512MiB
1790739699,payflow-postgres-exporter-1,0.00%,9.141MiB / 128MiB
1790739699,payflow-prometheus-1,0.21%,63.76MiB / 1GiB
1790739699,payflow-postgres-1,8.77%,335.8MiB / 1GiB
1790739699,payflow-tempo-1,0.44%,53.9MiB / 1.5GiB
1790739699,payflow-mongo-1,24.99%,318.5MiB / 1GiB
1790739699,payflow-kafka-1,46.56%,654.4MiB / 1.5GiB
1790739699,payflow-keycloak-1,0.16%,843.7MiB / 7.757GiB
1790739699,payflow-settlement-rail-1,0.12%,36.57MiB / 256MiB
1790739699,k3d-dev-serverlb,0.00%,23.83MiB / 7.757GiB
1790739699,k3d-dev-agent-0,7.43%,286.3MiB / 7.757GiB
1790739699,k3d-dev-server-0,10.69%,763.3MiB / 7.757GiB
1790739711,payflow-payflow-1,12.85%,720.5MiB / 1.5GiB
1790739711,payflow-grafana-1,0.72%,307.3MiB / 512MiB
1790739711,payflow-postgres-exporter-1,0.00%,9.984MiB / 128MiB
1790739711,payflow-prometheus-1,0.19%,63.77MiB / 1GiB
1790739711,payflow-postgres-1,5.51%,335.8MiB / 1GiB
1790739711,payflow-tempo-1,0.32%,55.83MiB / 1.5GiB
1790739711,payflow-mongo-1,0.35%,318.7MiB / 1GiB
1790739711,payflow-kafka-1,169.98%,762.4MiB / 1.5GiB
1790739711,payflow-keycloak-1,0.11%,843.8MiB / 7.757GiB
1790739711,payflow-settlement-rail-1,0.12%,36.59MiB / 256MiB
1790739711,k3d-dev-serverlb,0.00%,23.83MiB / 7.757GiB
1790739711,k3d-dev-agent-0,3.61%,283.5MiB / 7.757GiB
1790739711,k3d-dev-server-0,10.70%,762.2MiB / 7.757GiB
1790739723,payflow-payflow-1,17.01%,720.4MiB / 1.5GiB
1790739723,payflow-grafana-1,0.99%,307.5MiB / 512MiB
1790739723,payflow-postgres-exporter-1,0.00%,8.836MiB / 128MiB
1790739723,payflow-prometheus-1,1.81%,63.77MiB / 1GiB
1790739723,payflow-postgres-1,5.48%,335.8MiB / 1GiB
1790739723,payflow-tempo-1,0.62%,56.09MiB / 1.5GiB
1790739723,payflow-mongo-1,0.76%,318.7MiB / 1GiB
1790739723,payflow-kafka-1,105.89%,726.7MiB / 1.5GiB
1790739723,payflow-keycloak-1,0.19%,872.6MiB / 7.757GiB
1790739723,payflow-settlement-rail-1,0.15%,36.59MiB / 256MiB
1790739723,k3d-dev-serverlb,0.00%,23.83MiB / 7.757GiB
1790739723,k3d-dev-agent-0,7.95%,286.5MiB / 7.757GiB
1790739723,k3d-dev-server-0,13.27%,763.1MiB / 7.757GiB
1790739737,payflow-payflow-1,15.12%,720.4MiB / 1.5GiB
1790739737,payflow-grafana-1,1.00%,307.5MiB / 512MiB
1790739737,payflow-postgres-exporter-1,0.00%,9.062MiB / 128MiB
1790739737,payflow-prometheus-1,0.17%,63.77MiB / 1GiB
1790739737,payflow-postgres-1,7.05%,336.2MiB / 1GiB
1790739737,payflow-tempo-1,0.28%,56.09MiB / 1.5GiB
1790739737,payflow-mongo-1,44.77%,318.7MiB / 1GiB
1790739737,payflow-kafka-1,6.30%,656.1MiB / 1.5GiB
1790739737,payflow-keycloak-1,0.15%,872.6MiB / 7.757GiB
1790739737,payflow-settlement-rail-1,0.25%,36.63MiB / 256MiB
1790739737,k3d-dev-serverlb,0.00%,23.83MiB / 7.757GiB
1790739737,k3d-dev-agent-0,4.55%,281.8MiB / 7.757GiB
1790739737,k3d-dev-server-0,11.59%,762.8MiB / 7.757GiB
1790739749,payflow-payflow-1,18.65%,720.7MiB / 1.5GiB
1790739749,payflow-grafana-1,1.17%,307.5MiB / 512MiB
1790739749,payflow-postgres-exporter-1,2.06%,8.547MiB / 128MiB
1790739749,payflow-prometheus-1,1.96%,63.78MiB / 1GiB
1790739749,payflow-postgres-1,11.25%,335.9MiB / 1GiB
1790739749,payflow-tempo-1,0.55%,56.1MiB / 1.5GiB
1790739749,payflow-mongo-1,0.73%,318.5MiB / 1GiB
1790739749,payflow-kafka-1,8.14%,658.6MiB / 1.5GiB
1790739749,payflow-keycloak-1,0.17%,872.5MiB / 7.757GiB
1790739749,payflow-settlement-rail-1,0.16%,36.64MiB / 256MiB
1790739749,k3d-dev-serverlb,0.00%,23.83MiB / 7.757GiB
1790739749,k3d-dev-agent-0,5.91%,284.5MiB / 7.757GiB
1790739749,k3d-dev-server-0,13.95%,763.3MiB / 7.757GiB
1790739763,payflow-payflow-1,25.64%,720.4MiB / 1.5GiB
1790739763,payflow-grafana-1,1.18%,307.5MiB / 512MiB
1790739763,payflow-postgres-exporter-1,0.00%,9.453MiB / 128MiB
1790739763,payflow-prometheus-1,0.22%,63.79MiB / 1GiB
1790739763,payflow-postgres-1,9.77%,335.9MiB / 1GiB
1790739763,payflow-tempo-1,1.07%,54.18MiB / 1.5GiB
1790739763,payflow-mongo-1,0.74%,318.5MiB / 1GiB
1790739763,payflow-kafka-1,11.67%,658.6MiB / 1.5GiB
1790739763,payflow-keycloak-1,0.17%,872.5MiB / 7.757GiB
1790739763,payflow-settlement-rail-1,0.19%,36.69MiB / 256MiB
1790739763,k3d-dev-serverlb,0.00%,23.83MiB / 7.757GiB
1790739763,k3d-dev-agent-0,5.68%,285.3MiB / 7.757GiB
1790739763,k3d-dev-server-0,12.76%,763.6MiB / 7.757GiB
1790739775,payflow-payflow-1,16.45%,720.6MiB / 1.5GiB
1790739775,payflow-grafana-1,1.71%,307.3MiB / 512MiB
1790739775,payflow-postgres-exporter-1,0.00%,9.305MiB / 128MiB
1790739775,payflow-prometheus-1,0.35%,63.79MiB / 1GiB
1790739775,payflow-postgres-1,5.28%,335.8MiB / 1GiB
1790739775,payflow-tempo-1,0.29%,54.3MiB / 1.5GiB
1790739775,payflow-mongo-1,0.44%,318.2MiB / 1GiB
1790739775,payflow-kafka-1,8.49%,659.8MiB / 1.5GiB
1790739775,payflow-keycloak-1,0.19%,872.6MiB / 7.757GiB
1790739775,payflow-settlement-rail-1,0.23%,36.76MiB / 256MiB
1790739775,k3d-dev-serverlb,0.00%,23.83MiB / 7.757GiB
1790739775,k3d-dev-agent-0,7.15%,283.7MiB / 7.757GiB
1790739775,k3d-dev-server-0,11.15%,762.5MiB / 7.757GiB
1790739788,payflow-payflow-1,17.14%,720.4MiB / 1.5GiB
1790739788,payflow-grafana-1,1.27%,307.3MiB / 512MiB
1790739788,payflow-postgres-exporter-1,0.00%,10.23MiB / 128MiB
1790739788,payflow-prometheus-1,0.16%,63.79MiB / 1GiB
1790739788,payflow-postgres-1,5.41%,335.9MiB / 1GiB
1790739788,payflow-tempo-1,0.29%,54.32MiB / 1.5GiB
1790739788,payflow-mongo-1,39.56%,318.2MiB / 1GiB
1790739788,payflow-kafka-1,8.71%,660.7MiB / 1.5GiB
1790739788,payflow-keycloak-1,0.15%,872.7MiB / 7.757GiB
1790739788,payflow-settlement-rail-1,0.14%,36.76MiB / 256MiB
1790739788,k3d-dev-serverlb,0.00%,23.83MiB / 7.757GiB
1790739788,k3d-dev-agent-0,5.34%,286.2MiB / 7.757GiB
1790739788,k3d-dev-server-0,8.21%,770.3MiB / 7.757GiB
1790739801,payflow-payflow-1,22.97%,720.4MiB / 1.5GiB
1790739801,payflow-grafana-1,1.19%,307.4MiB / 512MiB
1790739801,payflow-postgres-exporter-1,0.00%,8.898MiB / 128MiB
1790739801,payflow-prometheus-1,0.54%,63.85MiB / 1GiB
1790739801,payflow-postgres-1,8.84%,336.1MiB / 1GiB
1790739801,payflow-tempo-1,0.51%,54.33MiB / 1.5GiB
1790739801,payflow-mongo-1,0.48%,318.3MiB / 1GiB
1790739801,payflow-kafka-1,9.54%,660.9MiB / 1.5GiB
1790739801,payflow-keycloak-1,0.17%,874.1MiB / 7.757GiB
1790739801,payflow-settlement-rail-1,0.14%,37.12MiB / 256MiB
1790739801,k3d-dev-serverlb,0.00%,23.88MiB / 7.757GiB
1790739801,k3d-dev-agent-0,5.20%,282.6MiB / 7.757GiB
1790739801,k3d-dev-server-0,8.41%,767.1MiB / 7.757GiB
1790739814,payflow-payflow-1,24.05%,720.4MiB / 1.5GiB
1790739814,payflow-grafana-1,1.09%,307.4MiB / 512MiB
1790739814,payflow-postgres-exporter-1,0.00%,9.312MiB / 128MiB
1790739814,payflow-prometheus-1,0.35%,63.92MiB / 1GiB
1790739814,payflow-postgres-1,6.80%,336.3MiB / 1GiB
1790739814,payflow-tempo-1,0.66%,54.34MiB / 1.5GiB
1790739814,payflow-mongo-1,0.74%,318.3MiB / 1GiB
1790739814,payflow-kafka-1,17.75%,664MiB / 1.5GiB
1790739814,payflow-keycloak-1,0.19%,874MiB / 7.757GiB
1790739814,payflow-settlement-rail-1,0.24%,37.14MiB / 256MiB
1790739814,k3d-dev-serverlb,0.00%,23.88MiB / 7.757GiB
1790739814,k3d-dev-agent-0,7.69%,286.9MiB / 7.757GiB
1790739814,k3d-dev-server-0,6.14%,767.9MiB / 7.757GiB
1790739826,payflow-payflow-1,13.18%,720.4MiB / 1.5GiB
1790739826,payflow-grafana-1,0.89%,307.4MiB / 512MiB
1790739826,payflow-postgres-exporter-1,0.00%,8.59MiB / 128MiB
1790739826,payflow-prometheus-1,0.35%,63.94MiB / 1GiB
1790739826,payflow-postgres-1,5.35%,336.6MiB / 1GiB
1790739826,payflow-tempo-1,0.25%,54.34MiB / 1.5GiB
1790739826,payflow-mongo-1,0.53%,318.3MiB / 1GiB
1790739826,payflow-kafka-1,112.35%,664.5MiB / 1.5GiB
1790739826,payflow-keycloak-1,0.15%,874MiB / 7.757GiB
1790739826,payflow-settlement-rail-1,0.26%,37.49MiB / 256MiB
1790739826,k3d-dev-serverlb,0.00%,23.88MiB / 7.757GiB
1790739826,k3d-dev-agent-0,4.94%,288.1MiB / 7.757GiB
1790739826,k3d-dev-server-0,13.52%,775.3MiB / 7.757GiB
1790739840,payflow-payflow-1,15.69%,720.1MiB / 1.5GiB
1790739840,payflow-grafana-1,0.90%,306.6MiB / 512MiB
1790739840,payflow-postgres-exporter-1,1.38%,8.805MiB / 128MiB
1790739840,payflow-prometheus-1,1.44%,63.94MiB / 1GiB
1790739840,payflow-postgres-1,8.43%,336.3MiB / 1GiB
1790739840,payflow-tempo-1,0.62%,54.34MiB / 1.5GiB
1790739840,payflow-mongo-1,46.53%,316.4MiB / 1GiB
1790739840,payflow-kafka-1,150.88%,750.3MiB / 1.5GiB
1790739840,payflow-keycloak-1,0.12%,874.8MiB / 7.757GiB
1790739840,payflow-settlement-rail-1,0.14%,37.37MiB / 256MiB
1790739840,k3d-dev-serverlb,0.00%,23.82MiB / 7.757GiB
1790739840,k3d-dev-agent-0,3.58%,286.1MiB / 7.757GiB
1790739840,k3d-dev-server-0,12.16%,777.7MiB / 7.757GiB
1790739852,payflow-payflow-1,15.83%,720.1MiB / 1.5GiB
1790739852,payflow-grafana-1,1.17%,306.6MiB / 512MiB
1790739852,payflow-postgres-exporter-1,0.00%,8.738MiB / 128MiB
1790739852,payflow-prometheus-1,0.20%,63.95MiB / 1GiB
1790739852,payflow-postgres-1,2.24%,336.3MiB / 1GiB
1790739852,payflow-tempo-1,0.42%,54.89MiB / 1.5GiB
1790739852,payflow-mongo-1,0.66%,316.4MiB / 1GiB
1790739852,payflow-kafka-1,25.92%,669.3MiB / 1.5GiB
1790739852,payflow-keycloak-1,0.18%,874.9MiB / 7.757GiB
1790739852,payflow-settlement-rail-1,0.01%,37.38MiB / 256MiB
1790739852,k3d-dev-serverlb,0.00%,23.82MiB / 7.757GiB
1790739852,k3d-dev-agent-0,7.32%,288.2MiB / 7.757GiB
1790739852,k3d-dev-server-0,9.84%,782.3MiB / 7.757GiB
1790739866,payflow-payflow-1,16.31%,720.1MiB / 1.5GiB
1790739866,payflow-grafana-1,1.11%,306.6MiB / 512MiB
1790739866,payflow-postgres-exporter-1,1.69%,9.262MiB / 128MiB
1790739866,payflow-prometheus-1,0.62%,63.96MiB / 1GiB
1790739866,payflow-postgres-1,9.16%,336.3MiB / 1GiB
1790739866,payflow-tempo-1,0.37%,54.96MiB / 1.5GiB
1790739866,payflow-mongo-1,0.83%,316.2MiB / 1GiB
1790739866,payflow-kafka-1,8.75%,666.4MiB / 1.5GiB
1790739866,payflow-keycloak-1,0.19%,874.9MiB / 7.757GiB
1790739866,payflow-settlement-rail-1,0.04%,37.38MiB / 256MiB
1790739866,k3d-dev-serverlb,0.00%,23.82MiB / 7.757GiB
1790739866,k3d-dev-agent-0,6.02%,284.1MiB / 7.757GiB
1790739866,k3d-dev-server-0,12.66%,787MiB / 7.757GiB
