1790495029,payflow-payflow-1,197.77%,389.7MiB / 1.5GiB
1790495029,payflow-postgres-exporter-1,0.00%,9.82MiB / 128MiB
1790495029,payflow-mongo-1,0.41%,206.9MiB / 1GiB
1790495029,payflow-postgres-1,13.59%,134.2MiB / 1GiB
1790495029,payflow-kafka-1,12.85%,477.6MiB / 1.5GiB
1790495029,payflow-keycloak-1,23.90%,741MiB / 10.7GiB
1790495029,payflow-settlement-rail-1,0.01%,20.48MiB / 256MiB
1790495029,payflow-grafana-1,0.94%,319.8MiB / 512MiB
1790495029,payflow-prometheus-1,0.21%,71.14MiB / 1GiB
1790495029,payflow-tempo-1,0.23%,164.3MiB / 1GiB
1790495029,k3d-tiny-url-serverlb,0.00%,26.21MiB / 10.7GiB
1790495029,k3d-tiny-url-server-0,8.04%,1.112GiB / 10.7GiB
1790495029,reverent_mccarthy,4.17%,14.5MiB / 10.7GiB
1790495036,reverent_mccarthy,1.47%,14.9MiB / 10.7GiB
1790495036,payflow-payflow-1,99.90%,420.3MiB / 1.5GiB
1790495036,payflow-postgres-exporter-1,0.81%,9.375MiB / 128MiB
1790495036,payflow-mongo-1,44.03%,207.2MiB / 1GiB
1790495036,payflow-postgres-1,13.10%,141MiB / 1GiB
1790495036,payflow-kafka-1,17.71%,481.2MiB / 1.5GiB
1790495036,payflow-keycloak-1,0.20%,741.7MiB / 10.7GiB
1790495036,payflow-settlement-rail-1,1.79%,27.4MiB / 256MiB
1790495036,payflow-grafana-1,0.96%,319.8MiB / 512MiB
1790495036,payflow-prometheus-1,1.01%,71.16MiB / 1GiB
1790495036,payflow-tempo-1,0.26%,164.3MiB / 1GiB
1790495036,k3d-tiny-url-serverlb,0.00%,26.21MiB / 10.7GiB
1790495036,k3d-tiny-url-server-0,9.02%,1.113GiB / 10.7GiB
1790495043,reverent_mccarthy,1.69%,15.89MiB / 10.7GiB
1790495043,payflow-payflow-1,93.38%,429.2MiB / 1.5GiB
1790495043,payflow-postgres-exporter-1,0.00%,9.125MiB / 128MiB
1790495043,payflow-mongo-1,1.77%,207.8MiB / 1GiB
1790495043,payflow-postgres-1,11.60%,142.9MiB / 1GiB
1790495043,payflow-kafka-1,13.81%,480.2MiB / 1.5GiB
1790495043,payflow-keycloak-1,0.22%,741.7MiB / 10.7GiB
1790495043,payflow-settlement-rail-1,1.81%,26.91MiB / 256MiB
1790495043,payflow-grafana-1,1.17%,319.8MiB / 512MiB
1790495043,payflow-prometheus-1,0.31%,71.58MiB / 1GiB
1790495043,payflow-tempo-1,0.75%,164.3MiB / 1GiB
1790495043,k3d-tiny-url-serverlb,0.00%,26.21MiB / 10.7GiB
1790495043,k3d-tiny-url-server-0,8.89%,1.112GiB / 10.7GiB
1790495051,reverent_mccarthy,1.85%,16.45MiB / 10.7GiB
1790495051,payflow-payflow-1,72.38%,445.9MiB / 1.5GiB
1790495051,payflow-postgres-exporter-1,1.12%,8.57MiB / 128MiB
1790495051,payflow-mongo-1,1.89%,208.4MiB / 1GiB
1790495051,payflow-postgres-1,14.75%,144.6MiB / 1GiB
1790495051,payflow-kafka-1,12.06%,481.6MiB / 1.5GiB
1790495051,payflow-keycloak-1,0.24%,741.7MiB / 10.7GiB
1790495051,payflow-settlement-rail-1,2.12%,27.99MiB / 256MiB
1790495051,payflow-grafana-1,1.29%,319.8MiB / 512MiB
1790495051,payflow-prometheus-1,0.47%,71.59MiB / 1GiB
1790495051,payflow-tempo-1,0.35%,164.4MiB / 1GiB
1790495051,k3d-tiny-url-serverlb,0.06%,26.21MiB / 10.7GiB
1790495051,k3d-tiny-url-server-0,17.69%,1.112GiB / 10.7GiB
1790495058,reverent_mccarthy,1.49%,16.48MiB / 10.7GiB
1790495058,payflow-payflow-1,75.21%,451.1MiB / 1.5GiB
1790495058,payflow-postgres-exporter-1,0.00%,9.09MiB / 128MiB
1790495058,payflow-mongo-1,47.82%,208.4MiB / 1GiB
1790495058,payflow-postgres-1,14.81%,145.5MiB / 1GiB
1790495058,payflow-kafka-1,14.39%,481.3MiB / 1.5GiB
1790495058,payflow-keycloak-1,0.23%,741.6MiB / 10.7GiB
1790495058,payflow-settlement-rail-1,1.71%,27.81MiB / 256MiB
1790495058,payflow-grafana-1,1.22%,319.8MiB / 512MiB
1790495058,payflow-prometheus-1,0.90%,71.6MiB / 1GiB
1790495058,payflow-tempo-1,5.06%,165.3MiB / 1GiB
1790495058,k3d-tiny-url-serverlb,0.00%,26.21MiB / 10.7GiB
1790495058,k3d-tiny-url-server-0,10.72%,1.113GiB / 10.7GiB
1790495065,reverent_mccarthy,1.52%,16.75MiB / 10.7GiB
1790495065,payflow-payflow-1,68.12%,455MiB / 1.5GiB
1790495065,payflow-postgres-exporter-1,0.00%,9.02MiB / 128MiB
1790495065,payflow-mongo-1,1.63%,208.6MiB / 1GiB
1790495065,payflow-postgres-1,12.63%,147.5MiB / 1GiB
1790495065,payflow-kafka-1,121.14%,550.7MiB / 1.5GiB
1790495065,payflow-keycloak-1,0.27%,741.6MiB / 10.7GiB
1790495065,payflow-settlement-rail-1,1.92%,27.71MiB / 256MiB
1790495065,payflow-grafana-1,4.86%,319.7MiB / 512MiB
1790495065,payflow-prometheus-1,1.55%,71.6MiB / 1GiB
1790495065,payflow-tempo-1,0.41%,165.3MiB / 1GiB
1790495065,k3d-tiny-url-serverlb,0.00%,26.21MiB / 10.7GiB
1790495065,k3d-tiny-url-server-0,12.49%,1.112GiB / 10.7GiB
1790495072,reverent_mccarthy,1.21%,17.43MiB / 10.7GiB
1790495072,payflow-payflow-1,51.37%,459MiB / 1.5GiB
1790495072,payflow-postgres-exporter-1,0.00%,9.699MiB / 128MiB
1790495072,payflow-mongo-1,1.87%,209MiB / 1GiB
1790495072,payflow-postgres-1,8.13%,148.1MiB / 1GiB
1790495072,payflow-kafka-1,178.73%,587.3MiB / 1.5GiB
1790495072,payflow-keycloak-1,0.16%,741.6MiB / 10.7GiB
1790495072,payflow-settlement-rail-1,0.50%,27.07MiB / 256MiB
1790495072,payflow-grafana-1,0.77%,319.7MiB / 512MiB
1790495072,payflow-prometheus-1,0.22%,71.62MiB / 1GiB
1790495072,payflow-tempo-1,0.24%,165.3MiB / 1GiB
1790495072,k3d-tiny-url-serverlb,0.03%,26.21MiB / 10.7GiB
1790495072,k3d-tiny-url-server-0,8.79%,1.112GiB / 10.7GiB
1790495079,reverent_mccarthy,1.36%,17.52MiB / 10.7GiB
1790495079,payflow-payflow-1,53.08%,461.4MiB / 1.5GiB
1790495079,payflow-postgres-exporter-1,0.00%,9.758MiB / 128MiB
1790495079,payflow-mongo-1,53.89%,369.9MiB / 1GiB
1790495079,payflow-postgres-1,9.54%,148.9MiB / 1GiB
1790495079,payflow-kafka-1,144.46%,560.8MiB / 1.5GiB
1790495079,payflow-keycloak-1,0.23%,741.6MiB / 10.7GiB
1790495079,payflow-settlement-rail-1,1.02%,35.11MiB / 256MiB
1790495079,payflow-grafana-1,1.13%,319.7MiB / 512MiB
1790495079,payflow-prometheus-1,0.49%,71.63MiB / 1GiB
1790495079,payflow-tempo-1,0.31%,165.4MiB / 1GiB
1790495079,k3d-tiny-url-serverlb,0.00%,26.21MiB / 10.7GiB
1790495079,k3d-tiny-url-server-0,6.55%,1.112GiB / 10.7GiB
1790495087,reverent_mccarthy,1.89%,17.73MiB / 10.7GiB
1790495087,payflow-payflow-1,64.11%,464.4MiB / 1.5GiB
1790495087,payflow-postgres-exporter-1,0.00%,8.676MiB / 128MiB
1790495087,payflow-mongo-1,2.05%,209.1MiB / 1GiB
1790495087,payflow-postgres-1,13.79%,149.2MiB / 1GiB
1790495087,payflow-kafka-1,11.28%,482.9MiB / 1.5GiB
1790495087,payflow-keycloak-1,6.63%,741.7MiB / 10.7GiB
1790495087,payflow-settlement-rail-1,0.81%,27.56MiB / 256MiB
1790495087,payflow-grafana-1,1.12%,319.7MiB / 512MiB
1790495087,payflow-prometheus-1,0.21%,71.63MiB / 1GiB
1790495087,payflow-tempo-1,0.50%,165.4MiB / 1GiB
1790495087,k3d-tiny-url-serverlb,0.00%,26.21MiB / 10.7GiB
1790495087,k3d-tiny-url-server-0,9.33%,1.112GiB / 10.7GiB
1790495094,reverent_mccarthy,1.50%,18.15MiB / 10.7GiB
1790495094,payflow-payflow-1,62.93%,466.1MiB / 1.5GiB
1790495094,payflow-postgres-exporter-1,0.00%,9.035MiB / 128MiB
1790495094,payflow-mongo-1,1.60%,209.1MiB / 1GiB
1790495094,payflow-postgres-1,12.22%,149.6MiB / 1GiB
1790495094,payflow-kafka-1,10.51%,483.4MiB / 1.5GiB
1790495094,payflow-keycloak-1,0.25%,741.6MiB / 10.7GiB
1790495094,payflow-settlement-rail-1,1.13%,28.86MiB / 256MiB
1790495094,payflow-grafana-1,2.10%,319.7MiB / 512MiB
1790495094,payflow-prometheus-1,0.25%,71.64MiB / 1GiB
1790495094,payflow-tempo-1,0.36%,165.4MiB / 1GiB
1790495094,k3d-tiny-url-serverlb,0.01%,26.21MiB / 10.7GiB
1790495094,k3d-tiny-url-server-0,12.03%,1.112GiB / 10.7GiB
1790495101,reverent_mccarthy,1.96%,18.16MiB / 10.7GiB
1790495101,payflow-payflow-1,57.15%,467.8MiB / 1.5GiB
1790495101,payflow-postgres-exporter-1,0.00%,9.285MiB / 128MiB
1790495101,payflow-mongo-1,1.45%,208.8MiB / 1GiB
1790495101,payflow-postgres-1,13.16%,150.2MiB / 1GiB
1790495101,payflow-kafka-1,12.85%,485.8MiB / 1.5GiB
1790495101,payflow-keycloak-1,0.26%,741.6MiB / 10.7GiB
1790495101,payflow-settlement-rail-1,2.39%,27.94MiB / 256MiB
1790495101,payflow-grafana-1,1.41%,319.7MiB / 512MiB
1790495101,payflow-prometheus-1,0.29%,71.65MiB / 1GiB
1790495101,payflow-tempo-1,0.32%,165.5MiB / 1GiB
1790495101,k3d-tiny-url-serverlb,0.07%,26.21MiB / 10.7GiB
1790495101,k3d-tiny-url-server-0,17.71%,1.111GiB / 10.7GiB
1790495109,reverent_mccarthy,2.08%,18.39MiB / 10.7GiB
1790495109,payflow-payflow-1,61.80%,469.7MiB / 1.5GiB
1790495109,payflow-postgres-exporter-1,0.00%,9.105MiB / 128MiB
1790495109,payflow-mongo-1,2.21%,208.8MiB / 1GiB
1790495109,payflow-postgres-1,18.88%,150.8MiB / 1GiB
1790495109,payflow-kafka-1,12.31%,484.3MiB / 1.5GiB
1790495109,payflow-keycloak-1,0.25%,741.6MiB / 10.7GiB
1790495109,payflow-settlement-rail-1,1.80%,28.85MiB / 256MiB
1790495109,payflow-grafana-1,1.13%,319.7MiB / 512MiB
1790495109,payflow-prometheus-1,0.28%,71.66MiB / 1GiB
1790495109,payflow-tempo-1,1.79%,165.5MiB / 1GiB
1790495109,k3d-tiny-url-serverlb,0.00%,26.21MiB / 10.7GiB
1790495109,k3d-tiny-url-server-0,8.00%,1.111GiB / 10.7GiB
1790495116,reverent_mccarthy,1.91%,18.34MiB / 10.7GiB
1790495116,payflow-payflow-1,48.74%,471.2MiB / 1.5GiB
1790495116,payflow-postgres-exporter-1,1.36%,9.629MiB / 128MiB
1790495116,payflow-mongo-1,1.75%,208.8MiB / 1GiB
1790495116,payflow-postgres-1,14.89%,151.3MiB / 1GiB
1790495116,payflow-kafka-1,8.73%,490.3MiB / 1.5GiB
1790495116,payflow-keycloak-1,0.32%,741.6MiB / 10.7GiB
1790495116,payflow-settlement-rail-1,1.33%,29.5MiB / 256MiB
1790495116,payflow-grafana-1,1.33%,319.7MiB / 512MiB
1790495116,payflow-prometheus-1,0.50%,71.66MiB / 1GiB
1790495116,payflow-tempo-1,0.42%,167.4MiB / 1GiB
1790495116,k3d-tiny-url-serverlb,0.00%,26.21MiB / 10.7GiB
1790495116,k3d-tiny-url-server-0,12.31%,1.112GiB / 10.7GiB
1790495123,payflow-payflow-1,50.93%,473.4MiB / 1.5GiB
1790495123,payflow-postgres-exporter-1,0.00%,9.16MiB / 128MiB
1790495123,payflow-mongo-1,0.92%,208.8MiB / 1GiB
1790495123,payflow-postgres-1,10.04%,151.8MiB / 1GiB
1790495123,payflow-kafka-1,9.30%,485.1MiB / 1.5GiB
1790495123,payflow-keycloak-1,0.60%,741.5MiB / 10.7GiB
1790495123,payflow-settlement-rail-1,0.23%,28.84MiB / 256MiB
1790495123,payflow-grafana-1,1.39%,319.7MiB / 512MiB
1790495123,payflow-prometheus-1,0.91%,71.66MiB / 1GiB
1790495123,payflow-tempo-1,0.76%,167.6MiB / 1GiB
1790495123,k3d-tiny-url-serverlb,0.01%,26.21MiB / 10.7GiB
1790495123,k3d-tiny-url-server-0,31.41%,1.112GiB / 10.7GiB
1790495130,payflow-payflow-1,7.83%,473.4MiB / 1.5GiB
1790495130,payflow-postgres-exporter-1,1.93%,9.988MiB / 128MiB
1790495130,payflow-mongo-1,41.96%,208.9MiB / 1GiB
1790495130,payflow-postgres-1,6.31%,151.8MiB / 1GiB
1790495130,payflow-kafka-1,35.23%,507.1MiB / 1.5GiB
1790495130,payflow-keycloak-1,0.24%,741.5MiB / 10.7GiB
1790495130,payflow-settlement-rail-1,0.02%,28.28MiB / 256MiB
1790495130,payflow-grafana-1,1.35%,319.7MiB / 512MiB
1790495130,payflow-prometheus-1,0.54%,71.66MiB / 1GiB
1790495130,payflow-tempo-1,0.40%,167.6MiB / 1GiB
1790495130,k3d-tiny-url-serverlb,0.03%,26.21MiB / 10.7GiB
1790495130,k3d-tiny-url-server-0,14.89%,1.112GiB / 10.7GiB
1790495138,payflow-payflow-1,7.09%,473.4MiB / 1.5GiB
1790495138,payflow-postgres-exporter-1,0.00%,9.059MiB / 128MiB
1790495138,payflow-mongo-1,0.41%,208.9MiB / 1GiB
1790495138,payflow-postgres-1,0.85%,151.8MiB / 1GiB
1790495138,payflow-kafka-1,165.20%,573.7MiB / 1.5GiB
1790495138,payflow-keycloak-1,0.17%,741.5MiB / 10.7GiB
1790495138,payflow-settlement-rail-1,0.02%,28.28MiB / 256MiB
1790495138,payflow-grafana-1,0.97%,319.7MiB / 512MiB
1790495138,payflow-prometheus-1,0.59%,71.66MiB / 1GiB
1790495138,payflow-tempo-1,0.40%,167.6MiB / 1GiB
1790495138,k3d-tiny-url-serverlb,0.01%,26.21MiB / 10.7GiB
1790495138,k3d-tiny-url-server-0,6.52%,1.112GiB / 10.7GiB
1790495145,payflow-payflow-1,5.43%,473.5MiB / 1.5GiB
1790495145,payflow-postgres-exporter-1,0.00%,9.102MiB / 128MiB
1790495145,payflow-mongo-1,0.70%,208.9MiB / 1GiB
1790495145,payflow-postgres-1,1.11%,151.8MiB / 1GiB
1790495145,payflow-kafka-1,91.09%,483.9MiB / 1.5GiB
1790495145,payflow-keycloak-1,0.23%,741.5MiB / 10.7GiB
1790495145,payflow-settlement-rail-1,0.02%,28.54MiB / 256MiB
1790495145,payflow-grafana-1,1.16%,319.7MiB / 512MiB
1790495145,payflow-prometheus-1,0.86%,71.67MiB / 1GiB
1790495145,payflow-tempo-1,0.31%,167.6MiB / 1GiB
1790495145,k3d-tiny-url-serverlb,0.00%,26.21MiB / 10.7GiB
1790495145,k3d-tiny-url-server-0,9.82%,1.112GiB / 10.7GiB
1790495152,payflow-payflow-1,6.10%,473.6MiB / 1.5GiB
1790495152,payflow-postgres-exporter-1,0.00%,8.895MiB / 128MiB
1790495152,payflow-mongo-1,9.49%,209.1MiB / 1GiB
1790495152,payflow-postgres-1,1.56%,151.8MiB / 1GiB
1790495152,payflow-kafka-1,8.24%,484.5MiB / 1.5GiB
1790495152,payflow-keycloak-1,0.27%,741.6MiB / 10.7GiB
1790495152,payflow-settlement-rail-1,0.68%,28.44MiB / 256MiB
1790495152,payflow-grafana-1,1.45%,319.7MiB / 512MiB
1790495152,payflow-prometheus-1,0.27%,71.67MiB / 1GiB
1790495152,payflow-tempo-1,0.45%,167.6MiB / 1GiB
1790495152,k3d-tiny-url-serverlb,0.00%,26.21MiB / 10.7GiB
1790495152,k3d-tiny-url-server-0,14.42%,1.113GiB / 10.7GiB
