1790503980,payflow-payflow-1,37.12%,542.7MiB / 1.5GiB
1790503980,payflow-postgres-exporter-1,1.72%,13.36MiB / 128MiB
1790503980,payflow-mongo-1,0.40%,314.8MiB / 1GiB
1790503980,payflow-postgres-1,21.66%,600.7MiB / 1GiB
1790503980,payflow-kafka-1,185.86%,1020MiB / 1.5GiB
1790503980,payflow-keycloak-1,29.18%,2.995GiB / 10.7GiB
1790503980,payflow-settlement-rail-1,0.01%,86.4MiB / 256MiB
1790503980,payflow-grafana-1,0.80%,183.2MiB / 512MiB
1790503980,payflow-prometheus-1,0.69%,86.75MiB / 1GiB
1790503980,k3d-tiny-url-serverlb,0.00%,5.77MiB / 10.7GiB
1790503980,k3d-tiny-url-server-0,6.35%,906.2MiB / 10.7GiB
1790503980,youthful_shannon,8.67%,17.23MiB / 10.7GiB
1790503987,youthful_shannon,3.49%,19.86MiB / 10.7GiB
1790503987,payflow-payflow-1,121.95%,545.7MiB / 1.5GiB
1790503987,payflow-postgres-exporter-1,0.00%,13.39MiB / 128MiB
1790503987,payflow-mongo-1,4.45%,314.9MiB / 1GiB
1790503987,payflow-postgres-1,33.23%,603.8MiB / 1GiB
1790503987,payflow-kafka-1,113.75%,915.3MiB / 1.5GiB
1790503987,payflow-keycloak-1,0.17%,3.176GiB / 10.7GiB
1790503987,payflow-settlement-rail-1,1.13%,86.62MiB / 256MiB
1790503987,payflow-grafana-1,0.85%,183.2MiB / 512MiB
1790503987,payflow-prometheus-1,0.59%,86.73MiB / 1GiB
1790503987,k3d-tiny-url-serverlb,0.00%,5.77MiB / 10.7GiB
1790503987,k3d-tiny-url-server-0,7.99%,906.6MiB / 10.7GiB
1790503995,youthful_shannon,4.10%,20.84MiB / 10.7GiB
1790503995,payflow-payflow-1,108.72%,547.6MiB / 1.5GiB
1790503995,payflow-postgres-exporter-1,0.00%,13.42MiB / 128MiB
1790503995,payflow-mongo-1,4.17%,314.9MiB / 1GiB
1790503995,payflow-postgres-1,33.08%,609.2MiB / 1GiB
1790503995,payflow-kafka-1,43.29%,916.5MiB / 1.5GiB
1790503995,payflow-keycloak-1,0.19%,3.176GiB / 10.7GiB
1790503995,payflow-settlement-rail-1,0.78%,86.98MiB / 256MiB
1790503995,payflow-grafana-1,0.99%,183.2MiB / 512MiB
1790503995,payflow-prometheus-1,1.36%,86.73MiB / 1GiB
1790503995,k3d-tiny-url-serverlb,0.02%,5.77MiB / 10.7GiB
1790503995,k3d-tiny-url-server-0,9.72%,906.5MiB / 10.7GiB
1790504002,youthful_shannon,4.53%,22.1MiB / 10.7GiB
1790504002,payflow-payflow-1,136.79%,547.8MiB / 1.5GiB
1790504002,payflow-postgres-exporter-1,0.00%,13.65MiB / 128MiB
1790504002,payflow-mongo-1,11.98%,314.9MiB / 1GiB
1790504002,payflow-postgres-1,38.74%,610.4MiB / 1GiB
1790504002,payflow-kafka-1,21.00%,917.8MiB / 1.5GiB
1790504002,payflow-keycloak-1,0.21%,3.176GiB / 10.7GiB
1790504002,payflow-settlement-rail-1,1.14%,86.73MiB / 256MiB
1790504002,payflow-grafana-1,1.10%,183.2MiB / 512MiB
1790504002,payflow-prometheus-1,0.22%,86.73MiB / 1GiB
1790504002,k3d-tiny-url-serverlb,0.01%,5.77MiB / 10.7GiB
1790504002,k3d-tiny-url-server-0,11.21%,906.9MiB / 10.7GiB
1790504009,youthful_shannon,3.78%,22.73MiB / 10.7GiB
1790504009,payflow-payflow-1,78.20%,548.5MiB / 1.5GiB
1790504009,payflow-postgres-exporter-1,0.00%,13.29MiB / 128MiB
1790504009,payflow-mongo-1,4.49%,314.9MiB / 1GiB
1790504009,payflow-postgres-1,34.82%,611.8MiB / 1GiB
1790504009,payflow-kafka-1,15.47%,918.6MiB / 1.5GiB
1790504009,payflow-keycloak-1,0.24%,3.176GiB / 10.7GiB
1790504009,payflow-settlement-rail-1,0.82%,86.76MiB / 256MiB
1790504009,payflow-grafana-1,1.07%,183.2MiB / 512MiB
1790504009,payflow-prometheus-1,0.25%,86.74MiB / 1GiB
1790504009,k3d-tiny-url-serverlb,0.00%,5.77MiB / 10.7GiB
1790504009,k3d-tiny-url-server-0,14.96%,906.4MiB / 10.7GiB
1790504016,youthful_shannon,4.17%,22.8MiB / 10.7GiB
1790504016,payflow-payflow-1,110.09%,549MiB / 1.5GiB
1790504016,payflow-postgres-exporter-1,0.00%,13.29MiB / 128MiB
1790504016,payflow-mongo-1,4.43%,314.9MiB / 1GiB
1790504016,payflow-postgres-1,33.98%,612.8MiB / 1GiB
1790504016,payflow-kafka-1,17.61%,919.8MiB / 1.5GiB
1790504016,payflow-keycloak-1,0.20%,3.176GiB / 10.7GiB
1790504016,payflow-settlement-rail-1,0.94%,86.77MiB / 256MiB
1790504016,payflow-grafana-1,1.06%,183.2MiB / 512MiB
1790504016,payflow-prometheus-1,0.21%,86.75MiB / 1GiB
1790504016,k3d-tiny-url-serverlb,0.02%,5.77MiB / 10.7GiB
1790504016,k3d-tiny-url-server-0,9.05%,910MiB / 10.7GiB
1790504023,youthful_shannon,3.70%,23.23MiB / 10.7GiB
1790504023,payflow-payflow-1,104.54%,549.6MiB / 1.5GiB
1790504023,payflow-postgres-exporter-1,0.00%,13.23MiB / 128MiB
1790504023,payflow-mongo-1,50.01%,314.9MiB / 1GiB
1790504023,payflow-postgres-1,36.22%,613MiB / 1GiB
1790504023,payflow-kafka-1,16.77%,920.9MiB / 1.5GiB
1790504023,payflow-keycloak-1,0.17%,3.176GiB / 10.7GiB
1790504023,payflow-settlement-rail-1,1.01%,86.82MiB / 256MiB
1790504023,payflow-grafana-1,0.91%,183.2MiB / 512MiB
1790504023,payflow-prometheus-1,0.26%,86.75MiB / 1GiB
1790504023,k3d-tiny-url-serverlb,0.01%,5.77MiB / 10.7GiB
1790504023,k3d-tiny-url-server-0,13.77%,910MiB / 10.7GiB
1790504031,youthful_shannon,4.38%,23.11MiB / 10.7GiB
1790504031,payflow-payflow-1,84.68%,551.3MiB / 1.5GiB
1790504031,payflow-postgres-exporter-1,1.74%,13.35MiB / 128MiB
1790504031,payflow-mongo-1,5.69%,314.3MiB / 1GiB
1790504031,payflow-postgres-1,47.50%,613.5MiB / 1GiB
1790504031,payflow-kafka-1,19.76%,920.6MiB / 1.5GiB
1790504031,payflow-keycloak-1,0.17%,3.176GiB / 10.7GiB
1790504031,payflow-settlement-rail-1,1.39%,86.86MiB / 256MiB
1790504031,payflow-grafana-1,1.16%,183.2MiB / 512MiB
1790504031,payflow-prometheus-1,0.58%,86.76MiB / 1GiB
1790504031,k3d-tiny-url-serverlb,0.02%,5.77MiB / 10.7GiB
1790504031,k3d-tiny-url-server-0,12.21%,910.8MiB / 10.7GiB
1790504038,youthful_shannon,5.35%,23.38MiB / 10.7GiB
1790504038,payflow-payflow-1,85.61%,552.3MiB / 1.5GiB
1790504038,payflow-postgres-exporter-1,0.00%,13.05MiB / 128MiB
1790504038,payflow-mongo-1,7.15%,314.6MiB / 1GiB
1790504038,payflow-postgres-1,40.85%,613.3MiB / 1GiB
1790504038,payflow-kafka-1,19.21%,920.6MiB / 1.5GiB
1790504038,payflow-keycloak-1,0.24%,3.176GiB / 10.7GiB
1790504038,payflow-settlement-rail-1,1.19%,86.9MiB / 256MiB
1790504038,payflow-grafana-1,1.60%,183.2MiB / 512MiB
1790504038,payflow-prometheus-1,0.92%,86.76MiB / 1GiB
1790504038,k3d-tiny-url-serverlb,0.03%,5.77MiB / 10.7GiB
1790504038,k3d-tiny-url-server-0,12.59%,909.9MiB / 10.7GiB
1790504045,youthful_shannon,4.14%,23.43MiB / 10.7GiB
1790504045,payflow-payflow-1,79.55%,552.6MiB / 1.5GiB
1790504045,payflow-postgres-exporter-1,1.49%,13.05MiB / 128MiB
1790504045,payflow-mongo-1,20.52%,450.5MiB / 1GiB
1790504045,payflow-postgres-1,47.09%,610.6MiB / 1GiB
1790504045,payflow-kafka-1,16.34%,920.1MiB / 1.5GiB
1790504045,payflow-keycloak-1,1.24%,3.178GiB / 10.7GiB
1790504045,payflow-settlement-rail-1,0.75%,86.91MiB / 256MiB
1790504045,payflow-grafana-1,1.25%,183.2MiB / 512MiB
1790504045,payflow-prometheus-1,1.09%,86.76MiB / 1GiB
1790504045,k3d-tiny-url-serverlb,0.00%,5.77MiB / 10.7GiB
1790504045,k3d-tiny-url-server-0,8.99%,910.1MiB / 10.7GiB
1790504052,youthful_shannon,4.43%,23.89MiB / 10.7GiB
1790504052,payflow-payflow-1,100.55%,553.2MiB / 1.5GiB
1790504052,payflow-postgres-exporter-1,0.00%,13.03MiB / 128MiB
1790504052,payflow-mongo-1,4.20%,315.2MiB / 1GiB
1790504052,payflow-postgres-1,31.58%,609.5MiB / 1GiB
1790504052,payflow-kafka-1,15.68%,920.4MiB / 1.5GiB
1790504052,payflow-keycloak-1,0.21%,3.178GiB / 10.7GiB
1790504052,payflow-settlement-rail-1,1.02%,87.03MiB / 256MiB
1790504052,payflow-grafana-1,1.17%,183.2MiB / 512MiB
1790504052,payflow-prometheus-1,0.65%,86.77MiB / 1GiB
1790504052,k3d-tiny-url-serverlb,0.02%,5.77MiB / 10.7GiB
1790504052,k3d-tiny-url-server-0,7.51%,910.1MiB / 10.7GiB
1790504060,youthful_shannon,5.38%,23.66MiB / 10.7GiB
1790504060,payflow-payflow-1,96.21%,553.4MiB / 1.5GiB
1790504060,payflow-postgres-exporter-1,0.00%,12.98MiB / 128MiB
1790504060,payflow-mongo-1,4.84%,315.2MiB / 1GiB
1790504060,payflow-postgres-1,45.37%,610.6MiB / 1GiB
1790504060,payflow-kafka-1,62.07%,957.8MiB / 1.5GiB
1790504060,payflow-keycloak-1,0.18%,3.178GiB / 10.7GiB
1790504060,payflow-settlement-rail-1,1.13%,87.06MiB / 256MiB
1790504060,payflow-grafana-1,1.03%,183.2MiB / 512MiB
1790504060,payflow-prometheus-1,1.01%,86.77MiB / 1GiB
1790504060,k3d-tiny-url-serverlb,0.00%,5.77MiB / 10.7GiB
1790504060,k3d-tiny-url-server-0,10.00%,910.8MiB / 10.7GiB
1790504067,youthful_shannon,2.96%,23.7MiB / 10.7GiB
1790504067,payflow-payflow-1,75.48%,553.6MiB / 1.5GiB
1790504067,payflow-postgres-exporter-1,0.00%,13.66MiB / 128MiB
1790504067,payflow-mongo-1,4.37%,315.2MiB / 1GiB
1790504067,payflow-postgres-1,30.59%,611.8MiB / 1GiB
1790504067,payflow-kafka-1,156.38%,1003MiB / 1.5GiB
1790504067,payflow-keycloak-1,0.15%,3.178GiB / 10.7GiB
1790504067,payflow-settlement-rail-1,0.81%,87.08MiB / 256MiB
1790504067,payflow-grafana-1,0.74%,183.4MiB / 512MiB
1790504067,payflow-prometheus-1,0.17%,86.77MiB / 1GiB
1790504067,k3d-tiny-url-serverlb,0.00%,5.77MiB / 10.7GiB
1790504067,k3d-tiny-url-server-0,11.59%,911.2MiB / 10.7GiB
1790504074,youthful_shannon,3.17%,23.72MiB / 10.7GiB
1790504074,payflow-payflow-1,75.28%,553.6MiB / 1.5GiB
1790504074,payflow-postgres-exporter-1,0.00%,14.49MiB / 128MiB
1790504074,payflow-mongo-1,43.26%,315.2MiB / 1GiB
1790504074,payflow-postgres-1,26.26%,612.5MiB / 1GiB
1790504074,payflow-kafka-1,184.38%,1.007GiB / 1.5GiB
1790504074,payflow-keycloak-1,0.20%,3.178GiB / 10.7GiB
1790504074,payflow-settlement-rail-1,0.86%,87.12MiB / 256MiB
1790504074,payflow-grafana-1,0.83%,183.5MiB / 512MiB
1790504074,payflow-prometheus-1,0.27%,86.77MiB / 1GiB
1790504074,k3d-tiny-url-serverlb,0.01%,5.77MiB / 10.7GiB
1790504074,k3d-tiny-url-server-0,9.10%,910.1MiB / 10.7GiB
1790504081,youthful_shannon,3.73%,23.75MiB / 10.7GiB
1790504081,payflow-payflow-1,91.46%,554.1MiB / 1.5GiB
1790504081,payflow-postgres-exporter-1,0.00%,13.68MiB / 128MiB
1790504081,payflow-mongo-1,4.31%,315MiB / 1GiB
1790504081,payflow-postgres-1,36.17%,616.1MiB / 1GiB
1790504081,payflow-kafka-1,89.24%,925.2MiB / 1.5GiB
1790504081,payflow-keycloak-1,0.21%,3.178GiB / 10.7GiB
1790504081,payflow-settlement-rail-1,1.05%,87.38MiB / 256MiB
1790504081,payflow-grafana-1,0.96%,183.5MiB / 512MiB
1790504081,payflow-prometheus-1,0.23%,86.83MiB / 1GiB
1790504081,k3d-tiny-url-serverlb,0.00%,5.77MiB / 10.7GiB
1790504081,k3d-tiny-url-server-0,8.92%,910.1MiB / 10.7GiB
1790504089,youthful_shannon,4.28%,23.78MiB / 10.7GiB
1790504089,payflow-payflow-1,125.94%,554.5MiB / 1.5GiB
1790504089,payflow-postgres-exporter-1,0.00%,13.79MiB / 128MiB
1790504089,payflow-mongo-1,6.22%,314.9MiB / 1GiB
1790504089,payflow-postgres-1,52.05%,637.7MiB / 1GiB
1790504089,payflow-kafka-1,26.19%,926.2MiB / 1.5GiB
1790504089,payflow-keycloak-1,0.20%,3.178GiB / 10.7GiB
1790504089,payflow-settlement-rail-1,1.80%,87.2MiB / 256MiB
1790504089,payflow-grafana-1,0.91%,183.5MiB / 512MiB
1790504089,payflow-prometheus-1,0.23%,86.84MiB / 1GiB
1790504089,k3d-tiny-url-serverlb,0.02%,5.77MiB / 10.7GiB
1790504089,k3d-tiny-url-server-0,10.50%,910.9MiB / 10.7GiB
1790504096,youthful_shannon,4.98%,23.8MiB / 10.7GiB
1790504096,payflow-payflow-1,76.11%,554.5MiB / 1.5GiB
1790504096,payflow-postgres-exporter-1,2.53%,13.91MiB / 128MiB
1790504096,payflow-mongo-1,50.85%,315MiB / 1GiB
1790504096,payflow-postgres-1,44.85%,639.1MiB / 1GiB
1790504096,payflow-kafka-1,16.82%,927.1MiB / 1.5GiB
1790504096,payflow-keycloak-1,0.17%,3.178GiB / 10.7GiB
1790504096,payflow-settlement-rail-1,0.96%,87.21MiB / 256MiB
1790504096,payflow-grafana-1,0.97%,183.5MiB / 512MiB
1790504096,payflow-prometheus-1,0.46%,86.86MiB / 1GiB
1790504096,k3d-tiny-url-serverlb,0.00%,5.77MiB / 10.7GiB
1790504096,k3d-tiny-url-server-0,11.01%,911.3MiB / 10.7GiB
1790504103,youthful_shannon,4.31%,23.81MiB / 10.7GiB
1790504103,payflow-payflow-1,81.79%,558.2MiB / 1.5GiB
1790504103,payflow-postgres-exporter-1,0.00%,13.39MiB / 128MiB
1790504103,payflow-mongo-1,4.61%,314.4MiB / 1GiB
1790504103,payflow-postgres-1,37.13%,637.9MiB / 1GiB
1790504103,payflow-kafka-1,16.30%,926.7MiB / 1.5GiB
1790504103,payflow-keycloak-1,0.20%,3.178GiB / 10.7GiB
1790504103,payflow-settlement-rail-1,0.95%,87.26MiB / 256MiB
1790504103,payflow-grafana-1,1.19%,183.5MiB / 512MiB
1790504103,payflow-prometheus-1,0.98%,86.88MiB / 1GiB
1790504103,k3d-tiny-url-serverlb,0.00%,5.77MiB / 10.7GiB
1790504103,k3d-tiny-url-server-0,12.45%,910.3MiB / 10.7GiB
1790504110,youthful_shannon,6.94%,23.81MiB / 10.7GiB
1790504110,payflow-payflow-1,90.35%,555.1MiB / 1.5GiB
1790504110,payflow-postgres-exporter-1,1.68%,13.72MiB / 128MiB
1790504110,payflow-mongo-1,6.10%,314.9MiB / 1GiB
1790504110,payflow-postgres-1,48.05%,636.8MiB / 1GiB
1790504110,payflow-kafka-1,22.04%,926.8MiB / 1.5GiB
1790504110,payflow-keycloak-1,0.20%,3.178GiB / 10.7GiB
1790504110,payflow-settlement-rail-1,1.02%,87.29MiB / 256MiB
1790504110,payflow-grafana-1,1.02%,183.5MiB / 512MiB
1790504110,payflow-prometheus-1,1.30%,86.88MiB / 1GiB
1790504110,k3d-tiny-url-serverlb,0.01%,5.77MiB / 10.7GiB
1790504110,k3d-tiny-url-server-0,10.95%,910.4MiB / 10.7GiB
1790504117,youthful_shannon,4.38%,24.04MiB / 10.7GiB
1790504117,payflow-payflow-1,71.50%,555.4MiB / 1.5GiB
1790504117,payflow-postgres-exporter-1,0.00%,14.1MiB / 128MiB
1790504117,payflow-mongo-1,4.31%,314.9MiB / 1GiB
1790504117,payflow-postgres-1,34.49%,636MiB / 1GiB
1790504117,payflow-kafka-1,16.89%,927.2MiB / 1.5GiB
1790504117,payflow-keycloak-1,0.18%,3.178GiB / 10.7GiB
1790504117,payflow-settlement-rail-1,0.86%,87.32MiB / 256MiB
1790504117,payflow-grafana-1,1.33%,183.5MiB / 512MiB
1790504117,payflow-prometheus-1,0.73%,86.88MiB / 1GiB
1790504117,k3d-tiny-url-serverlb,0.00%,5.77MiB / 10.7GiB
1790504117,k3d-tiny-url-server-0,10.38%,910.7MiB / 10.7GiB
1790504125,youthful_shannon,7.45%,24.07MiB / 10.7GiB
1790504125,payflow-payflow-1,68.24%,555.9MiB / 1.5GiB
1790504125,payflow-postgres-exporter-1,0.00%,12.81MiB / 128MiB
1790504125,payflow-mongo-1,17.68%,315.2MiB / 1GiB
1790504125,payflow-postgres-1,106.35%,650MiB / 1GiB
1790504125,payflow-kafka-1,16.24%,927.9MiB / 1.5GiB
1790504125,payflow-keycloak-1,0.17%,3.178GiB / 10.7GiB
1790504125,payflow-settlement-rail-1,0.92%,87.35MiB / 256MiB
1790504125,payflow-grafana-1,1.43%,183.5MiB / 512MiB
1790504125,payflow-prometheus-1,0.81%,86.88MiB / 1GiB
1790504125,k3d-tiny-url-serverlb,0.00%,5.77MiB / 10.7GiB
1790504125,k3d-tiny-url-server-0,8.18%,910.9MiB / 10.7GiB
1790504132,youthful_shannon,3.71%,24.09MiB / 10.7GiB
1790504132,payflow-payflow-1,99.98%,566.1MiB / 1.5GiB
1790504132,payflow-postgres-exporter-1,0.00%,13.11MiB / 128MiB
1790504132,payflow-mongo-1,5.17%,314.9MiB / 1GiB
1790504132,payflow-postgres-1,35.71%,580.9MiB / 1GiB
1790504132,payflow-kafka-1,15.10%,928.2MiB / 1.5GiB
1790504132,payflow-keycloak-1,0.22%,3.178GiB / 10.7GiB
1790504132,payflow-settlement-rail-1,1.07%,87.4MiB / 256MiB
1790504132,payflow-grafana-1,1.61%,183.5MiB / 512MiB
1790504132,payflow-prometheus-1,0.24%,86.88MiB / 1GiB
1790504132,k3d-tiny-url-serverlb,0.02%,5.77MiB / 10.7GiB
1790504132,k3d-tiny-url-server-0,9.33%,910.2MiB / 10.7GiB
1790504139,youthful_shannon,4.64%,24.11MiB / 10.7GiB
1790504139,payflow-payflow-1,90.06%,557.1MiB / 1.5GiB
1790504139,payflow-postgres-exporter-1,0.00%,13.5MiB / 128MiB
1790504139,payflow-mongo-1,4.40%,315MiB / 1GiB
1790504139,payflow-postgres-1,34.48%,581.1MiB / 1GiB
1790504139,payflow-kafka-1,17.23%,930.1MiB / 1.5GiB
1790504139,payflow-keycloak-1,0.23%,3.178GiB / 10.7GiB
1790504139,payflow-settlement-rail-1,0.86%,87.42MiB / 256MiB
1790504139,payflow-grafana-1,1.19%,183.5MiB / 512MiB
1790504139,payflow-prometheus-1,0.26%,86.88MiB / 1GiB
1790504139,k3d-tiny-url-serverlb,0.00%,5.77MiB / 10.7GiB
1790504139,k3d-tiny-url-server-0,12.32%,910.7MiB / 10.7GiB
