1790658765,payflow-payflow-1,189.85%,519.8MiB / 1.5GiB
1790658765,payflow-postgres-exporter-1,1.70%,7.363MiB / 128MiB
1790658765,payflow-postgres-1,21.44%,88.26MiB / 1GiB
1790658765,payflow-mongo-1,4.93%,250.9MiB / 1GiB
1790658765,payflow-keycloak-1,31.44%,748.5MiB / 10.7GiB
1790658765,payflow-kafka-1,27.06%,438.9MiB / 1.5GiB
1790658765,payflow-settlement-rail-1,0.02%,20.15MiB / 256MiB
1790658765,payflow-tempo-1,0.63%,103.2MiB / 1.5GiB
1790658765,payflow-grafana-1,0.84%,320.2MiB / 512MiB
1790658765,payflow-prometheus-1,1.76%,47.04MiB / 1GiB
1790658765,k3d-tiny-url-serverlb,0.00%,25.91MiB / 10.7GiB
1790658765,k3d-tiny-url-server-0,8.09%,1.039GiB / 10.7GiB
1790658765,sharp_brown,4.43%,13.78MiB / 10.7GiB
1790658777,sharp_brown,1.17%,15.41MiB / 10.7GiB
1790658777,payflow-payflow-1,103.16%,553.9MiB / 1.5GiB
1790658777,payflow-postgres-exporter-1,0.00%,7.926MiB / 128MiB
1790658777,payflow-postgres-1,13.10%,95.8MiB / 1GiB
1790658777,payflow-mongo-1,25.95%,204.6MiB / 1GiB
1790658777,payflow-keycloak-1,0.17%,749.4MiB / 10.7GiB
1790658777,payflow-kafka-1,175.25%,553.5MiB / 1.5GiB
1790658777,payflow-settlement-rail-1,2.04%,26.46MiB / 256MiB
1790658777,payflow-tempo-1,0.42%,103.2MiB / 1.5GiB
1790658777,payflow-grafana-1,1.32%,320MiB / 512MiB
1790658777,payflow-prometheus-1,0.48%,49.24MiB / 1GiB
1790658777,k3d-tiny-url-serverlb,0.00%,25.91MiB / 10.7GiB
1790658777,k3d-tiny-url-server-0,11.99%,1.04GiB / 10.7GiB
1790658790,sharp_brown,2.44%,16.59MiB / 10.7GiB
1790658790,payflow-payflow-1,80.13%,561.8MiB / 1.5GiB
1790658790,payflow-postgres-exporter-1,0.00%,8.215MiB / 128MiB
1790658790,payflow-postgres-1,12.83%,99.36MiB / 1GiB
1790658790,payflow-mongo-1,1.55%,205.5MiB / 1GiB
1790658790,payflow-keycloak-1,0.23%,749.3MiB / 10.7GiB
1790658790,payflow-kafka-1,96.50%,501.7MiB / 1.5GiB
1790658790,payflow-settlement-rail-1,1.93%,28.21MiB / 256MiB
1790658790,payflow-tempo-1,0.31%,103.9MiB / 1.5GiB
1790658790,payflow-grafana-1,1.08%,320MiB / 512MiB
1790658790,payflow-prometheus-1,0.65%,49.51MiB / 1GiB
1790658790,k3d-tiny-url-serverlb,0.00%,25.91MiB / 10.7GiB
1790658790,k3d-tiny-url-server-0,11.93%,1.039GiB / 10.7GiB
1790658802,sharp_brown,1.83%,17.01MiB / 10.7GiB
1790658802,payflow-payflow-1,69.53%,568.6MiB / 1.5GiB
1790658802,payflow-postgres-exporter-1,0.00%,7.84MiB / 128MiB
1790658802,payflow-postgres-1,14.11%,106MiB / 1GiB
1790658802,payflow-mongo-1,2.08%,205.8MiB / 1GiB
1790658802,payflow-keycloak-1,0.18%,749.3MiB / 10.7GiB
1790658802,payflow-kafka-1,24.13%,459.5MiB / 1.5GiB
1790658802,payflow-settlement-rail-1,0.94%,27.16MiB / 256MiB
1790658802,payflow-tempo-1,0.37%,105.6MiB / 1.5GiB
1790658802,payflow-grafana-1,1.13%,320MiB / 512MiB
1790658802,payflow-prometheus-1,0.21%,49.52MiB / 1GiB
1790658802,k3d-tiny-url-serverlb,0.00%,25.91MiB / 10.7GiB
1790658802,k3d-tiny-url-server-0,9.71%,1.033GiB / 10.7GiB
1790658814,sharp_brown,1.82%,17.42MiB / 10.7GiB
1790658814,payflow-payflow-1,59.76%,571.7MiB / 1.5GiB
1790658814,payflow-postgres-exporter-1,0.00%,8.75MiB / 128MiB
1790658814,payflow-postgres-1,10.94%,102.8MiB / 1GiB
1790658814,payflow-mongo-1,1.88%,206.3MiB / 1GiB
1790658814,payflow-keycloak-1,0.21%,749.3MiB / 10.7GiB
1790658814,payflow-kafka-1,23.14%,453.8MiB / 1.5GiB
1790658814,payflow-settlement-rail-1,1.06%,36.01MiB / 256MiB
1790658814,payflow-tempo-1,0.53%,105.6MiB / 1.5GiB
1790658814,payflow-grafana-1,1.00%,320MiB / 512MiB
1790658814,payflow-prometheus-1,0.45%,49.6MiB / 1GiB
1790658814,k3d-tiny-url-serverlb,0.01%,25.91MiB / 10.7GiB
1790658814,k3d-tiny-url-server-0,9.66%,1.034GiB / 10.7GiB
1790658826,sharp_brown,1.49%,17.56MiB / 10.7GiB
1790658826,payflow-payflow-1,53.81%,572.8MiB / 1.5GiB
1790658826,payflow-postgres-exporter-1,0.00%,7.773MiB / 128MiB
1790658826,payflow-postgres-1,13.24%,104.3MiB / 1GiB
1790658826,payflow-mongo-1,42.16%,206.4MiB / 1GiB
1790658826,payflow-keycloak-1,0.21%,749.1MiB / 10.7GiB
1790658826,payflow-kafka-1,12.24%,465.1MiB / 1.5GiB
1790658826,payflow-settlement-rail-1,1.36%,27.61MiB / 256MiB
1790658826,payflow-tempo-1,0.35%,105.6MiB / 1.5GiB
1790658826,payflow-grafana-1,1.00%,320MiB / 512MiB
1790658826,payflow-prometheus-1,0.30%,49.69MiB / 1GiB
1790658826,k3d-tiny-url-serverlb,0.00%,25.91MiB / 10.7GiB
1790658826,k3d-tiny-url-server-0,12.08%,1.033GiB / 10.7GiB
1790658838,sharp_brown,1.39%,17.75MiB / 10.7GiB
1790658838,payflow-payflow-1,48.45%,573.3MiB / 1.5GiB
1790658838,payflow-postgres-exporter-1,0.00%,8.402MiB / 128MiB
1790658838,payflow-postgres-1,11.60%,105.5MiB / 1GiB
1790658838,payflow-mongo-1,1.65%,206.6MiB / 1GiB
1790658838,payflow-keycloak-1,0.22%,749.1MiB / 10.7GiB
1790658838,payflow-kafka-1,9.44%,466.8MiB / 1.5GiB
1790658838,payflow-settlement-rail-1,0.48%,28.55MiB / 256MiB
1790658838,payflow-tempo-1,0.51%,102.9MiB / 1.5GiB
1790658838,payflow-grafana-1,1.75%,320.2MiB / 512MiB
1790658838,payflow-prometheus-1,0.37%,49.7MiB / 1GiB
1790658838,k3d-tiny-url-serverlb,0.00%,25.91MiB / 10.7GiB
1790658838,k3d-tiny-url-server-0,14.62%,1.033GiB / 10.7GiB
1790658851,sharp_brown,1.38%,17.61MiB / 10.7GiB
1790658851,payflow-payflow-1,56.81%,573.9MiB / 1.5GiB
1790658851,payflow-postgres-exporter-1,2.23%,7.609MiB / 128MiB
1790658851,payflow-postgres-1,21.46%,106.5MiB / 1GiB
1790658851,payflow-mongo-1,2.07%,206.7MiB / 1GiB
1790658851,payflow-keycloak-1,0.24%,749.1MiB / 10.7GiB
1790658851,payflow-kafka-1,18.56%,479.3MiB / 1.5GiB
1790658851,payflow-settlement-rail-1,1.92%,29.2MiB / 256MiB
1790658851,payflow-tempo-1,0.43%,102.9MiB / 1.5GiB
1790658851,payflow-grafana-1,1.29%,320.3MiB / 512MiB
1790658851,payflow-prometheus-1,0.70%,49.74MiB / 1GiB
1790658851,k3d-tiny-url-serverlb,0.00%,25.91MiB / 10.7GiB
1790658851,k3d-tiny-url-server-0,14.22%,1.033GiB / 10.7GiB
1790658863,payflow-payflow-1,9.15%,575.5MiB / 1.5GiB
1790658863,payflow-postgres-exporter-1,0.00%,7.832MiB / 128MiB
1790658863,payflow-postgres-1,3.89%,107.2MiB / 1GiB
1790658863,payflow-mongo-1,0.44%,207.3MiB / 1GiB
1790658863,payflow-keycloak-1,0.20%,750.4MiB / 10.7GiB
1790658863,payflow-kafka-1,78.07%,469.6MiB / 1.5GiB
1790658863,payflow-settlement-rail-1,0.02%,28.02MiB / 256MiB
1790658863,payflow-tempo-1,0.61%,102.9MiB / 1.5GiB
1790658863,payflow-grafana-1,1.03%,320.4MiB / 512MiB
1790658863,payflow-prometheus-1,0.72%,49.85MiB / 1GiB
1790658863,k3d-tiny-url-serverlb,0.00%,25.91MiB / 10.7GiB
1790658863,k3d-tiny-url-server-0,10.21%,1.033GiB / 10.7GiB
1790658875,payflow-payflow-1,3.61%,575.6MiB / 1.5GiB
1790658875,payflow-postgres-exporter-1,0.00%,8.508MiB / 128MiB
1790658875,payflow-postgres-1,0.74%,107.1MiB / 1GiB
1790658875,payflow-mongo-1,45.67%,207.3MiB / 1GiB
1790658875,payflow-keycloak-1,0.16%,750.4MiB / 10.7GiB
1790658875,payflow-kafka-1,176.36%,560MiB / 1.5GiB
1790658875,payflow-settlement-rail-1,0.01%,28.02MiB / 256MiB
1790658875,payflow-tempo-1,0.54%,102.9MiB / 1.5GiB
1790658875,payflow-grafana-1,0.63%,320.4MiB / 512MiB
1790658875,payflow-prometheus-1,0.29%,49.88MiB / 1GiB
1790658875,k3d-tiny-url-serverlb,0.00%,25.91MiB / 10.7GiB
1790658875,k3d-tiny-url-server-0,8.65%,1.037GiB / 10.7GiB
1790658887,payflow-payflow-1,7.85%,575.7MiB / 1.5GiB
1790658887,payflow-postgres-exporter-1,0.00%,8.324MiB / 128MiB
1790658887,payflow-postgres-1,1.70%,107.1MiB / 1GiB
1790658887,payflow-mongo-1,0.78%,207.1MiB / 1GiB
1790658887,payflow-keycloak-1,0.28%,750.3MiB / 10.7GiB
1790658887,payflow-kafka-1,53.65%,503.9MiB / 1.5GiB
1790658887,payflow-settlement-rail-1,0.02%,28.02MiB / 256MiB
1790658887,payflow-tempo-1,0.39%,102.9MiB / 1.5GiB
1790658887,payflow-grafana-1,1.13%,320.1MiB / 512MiB
1790658887,payflow-prometheus-1,0.81%,49.92MiB / 1GiB
1790658887,k3d-tiny-url-serverlb,0.00%,25.91MiB / 10.7GiB
1790658887,k3d-tiny-url-server-0,18.38%,1.036GiB / 10.7GiB
