1790495256,payflow-payflow-1,94.64%,475.2MiB / 1.5GiB
1790495256,payflow-postgres-exporter-1,1.84%,9.441MiB / 128MiB
1790495256,payflow-mongo-1,0.82%,209.6MiB / 1GiB
1790495256,payflow-postgres-1,17.84%,152.1MiB / 1GiB
1790495256,payflow-kafka-1,9.38%,490.2MiB / 1.5GiB
1790495256,payflow-keycloak-1,53.75%,745.7MiB / 10.7GiB
1790495256,payflow-settlement-rail-1,0.02%,28.15MiB / 256MiB
1790495256,payflow-grafana-1,0.81%,319.7MiB / 512MiB
1790495256,payflow-prometheus-1,0.15%,76.72MiB / 1GiB
1790495256,payflow-tempo-1,0.23%,164.7MiB / 1GiB
1790495256,k3d-tiny-url-serverlb,0.04%,26.21MiB / 10.7GiB
1790495256,k3d-tiny-url-server-0,8.23%,1.112GiB / 10.7GiB
1790495256,stupefied_keller,8.69%,16.76MiB / 10.7GiB
1790495264,stupefied_keller,3.88%,19.09MiB / 10.7GiB
1790495264,payflow-payflow-1,113.95%,481.4MiB / 1.5GiB
1790495264,payflow-postgres-exporter-1,0.00%,9.57MiB / 128MiB
1790495264,payflow-mongo-1,3.92%,209.6MiB / 1GiB
1790495264,payflow-postgres-1,33.32%,159.3MiB / 1GiB
1790495264,payflow-kafka-1,26.36%,499.7MiB / 1.5GiB
1790495264,payflow-keycloak-1,0.21%,746.1MiB / 10.7GiB
1790495264,payflow-settlement-rail-1,5.02%,32.29MiB / 256MiB
1790495264,payflow-grafana-1,1.12%,319.7MiB / 512MiB
1790495264,payflow-prometheus-1,0.34%,76.73MiB / 1GiB
1790495264,payflow-tempo-1,1.12%,165.6MiB / 1GiB
1790495264,k3d-tiny-url-serverlb,0.00%,26.21MiB / 10.7GiB
1790495264,k3d-tiny-url-server-0,10.41%,1.112GiB / 10.7GiB
1790495271,stupefied_keller,4.12%,19.82MiB / 10.7GiB
1790495271,payflow-payflow-1,126.43%,485.5MiB / 1.5GiB
1790495271,payflow-postgres-exporter-1,1.43%,8.625MiB / 128MiB
1790495271,payflow-mongo-1,10.72%,248.6MiB / 1GiB
1790495271,payflow-postgres-1,38.04%,161.3MiB / 1GiB
1790495271,payflow-kafka-1,24.73%,495.8MiB / 1.5GiB
1790495271,payflow-keycloak-1,0.23%,746.2MiB / 10.7GiB
1790495271,payflow-settlement-rail-1,2.19%,30.07MiB / 256MiB
1790495271,payflow-grafana-1,1.06%,319.7MiB / 512MiB
1790495271,payflow-prometheus-1,0.45%,76.73MiB / 1GiB
1790495271,payflow-tempo-1,0.36%,165.1MiB / 1GiB
1790495271,k3d-tiny-url-serverlb,0.03%,26.21MiB / 10.7GiB
1790495271,k3d-tiny-url-server-0,10.48%,1.112GiB / 10.7GiB
1790495278,stupefied_keller,4.05%,21.28MiB / 10.7GiB
1790495278,payflow-payflow-1,102.15%,487.6MiB / 1.5GiB
1790495278,payflow-postgres-exporter-1,0.00%,8.734MiB / 128MiB
1790495278,payflow-mongo-1,4.18%,209.3MiB / 1GiB
1790495278,payflow-postgres-1,32.74%,163MiB / 1GiB
1790495278,payflow-kafka-1,15.71%,494.3MiB / 1.5GiB
1790495278,payflow-keycloak-1,0.21%,746.2MiB / 10.7GiB
1790495278,payflow-settlement-rail-1,4.34%,32.36MiB / 256MiB
1790495278,payflow-grafana-1,1.28%,319.7MiB / 512MiB
1790495278,payflow-prometheus-1,0.82%,76.73MiB / 1GiB
1790495278,payflow-tempo-1,3.04%,168.8MiB / 1GiB
1790495278,k3d-tiny-url-serverlb,0.00%,26.21MiB / 10.7GiB
1790495278,k3d-tiny-url-server-0,11.74%,1.113GiB / 10.7GiB
1790495285,stupefied_keller,4.27%,22.23MiB / 10.7GiB
1790495285,payflow-payflow-1,101.40%,488.9MiB / 1.5GiB
1790495285,payflow-postgres-exporter-1,1.44%,8.824MiB / 128MiB
1790495285,payflow-mongo-1,4.38%,209.3MiB / 1GiB
1790495285,payflow-postgres-1,40.32%,164.7MiB / 1GiB
1790495285,payflow-kafka-1,19.13%,515.1MiB / 1.5GiB
1790495285,payflow-keycloak-1,0.49%,746.2MiB / 10.7GiB
1790495285,payflow-settlement-rail-1,2.54%,31.31MiB / 256MiB
1790495285,payflow-grafana-1,1.04%,319.7MiB / 512MiB
1790495285,payflow-prometheus-1,1.43%,76.74MiB / 1GiB
1790495285,payflow-tempo-1,0.32%,168.9MiB / 1GiB
1790495285,k3d-tiny-url-serverlb,0.01%,26.21MiB / 10.7GiB
1790495285,k3d-tiny-url-server-0,9.51%,1.112GiB / 10.7GiB
1790495292,stupefied_keller,4.84%,22.84MiB / 10.7GiB
1790495292,payflow-payflow-1,92.29%,490.1MiB / 1.5GiB
1790495292,payflow-postgres-exporter-1,0.00%,9.145MiB / 128MiB
1790495292,payflow-mongo-1,4.74%,209.3MiB / 1GiB
1790495292,payflow-postgres-1,34.98%,165.6MiB / 1GiB
1790495292,payflow-kafka-1,16.34%,498.1MiB / 1.5GiB
1790495292,payflow-keycloak-1,0.22%,746.2MiB / 10.7GiB
1790495292,payflow-settlement-rail-1,5.29%,32.51MiB / 256MiB
1790495292,payflow-grafana-1,1.16%,319.7MiB / 512MiB
1790495292,payflow-prometheus-1,0.60%,76.75MiB / 1GiB
1790495292,payflow-tempo-1,1.38%,174.7MiB / 1GiB
1790495292,k3d-tiny-url-serverlb,0.00%,26.21MiB / 10.7GiB
1790495292,k3d-tiny-url-server-0,12.58%,1.112GiB / 10.7GiB
1790495300,stupefied_keller,4.41%,22.75MiB / 10.7GiB
1790495300,payflow-payflow-1,95.66%,495.3MiB / 1.5GiB
1790495300,payflow-postgres-exporter-1,0.00%,9.484MiB / 128MiB
1790495300,payflow-mongo-1,21.19%,209.4MiB / 1GiB
1790495300,payflow-postgres-1,35.51%,167.6MiB / 1GiB
1790495300,payflow-kafka-1,22.62%,510.8MiB / 1.5GiB
1790495300,payflow-keycloak-1,0.23%,746.1MiB / 10.7GiB
1790495300,payflow-settlement-rail-1,3.58%,30.84MiB / 256MiB
1790495300,payflow-grafana-1,1.27%,319.7MiB / 512MiB
1790495300,payflow-prometheus-1,1.01%,76.75MiB / 1GiB
1790495300,payflow-tempo-1,0.36%,174.8MiB / 1GiB
1790495300,k3d-tiny-url-serverlb,0.00%,26.21MiB / 10.7GiB
1790495300,k3d-tiny-url-server-0,12.76%,1.112GiB / 10.7GiB
1790495307,stupefied_keller,7.21%,23.06MiB / 10.7GiB
1790495307,payflow-payflow-1,88.08%,492.4MiB / 1.5GiB
1790495307,payflow-postgres-exporter-1,0.00%,8.531MiB / 128MiB
1790495307,payflow-mongo-1,5.10%,209.4MiB / 1GiB
1790495307,payflow-postgres-1,37.02%,171.3MiB / 1GiB
1790495307,payflow-kafka-1,20.60%,499.3MiB / 1.5GiB
1790495307,payflow-keycloak-1,0.23%,746.1MiB / 10.7GiB
1790495307,payflow-settlement-rail-1,1.46%,29.95MiB / 256MiB
1790495307,payflow-grafana-1,1.34%,319.6MiB / 512MiB
1790495307,payflow-prometheus-1,0.24%,76.83MiB / 1GiB
1790495307,payflow-tempo-1,0.95%,162MiB / 1GiB
1790495307,k3d-tiny-url-serverlb,0.00%,26.21MiB / 10.7GiB
1790495307,k3d-tiny-url-server-0,12.20%,1.112GiB / 10.7GiB
1790495314,stupefied_keller,4.23%,22.89MiB / 10.7GiB
1790495314,payflow-payflow-1,88.72%,493.4MiB / 1.5GiB
1790495314,payflow-postgres-exporter-1,0.00%,9.285MiB / 128MiB
1790495314,payflow-mongo-1,4.64%,209.4MiB / 1GiB
1790495314,payflow-postgres-1,36.60%,173.7MiB / 1GiB
1790495314,payflow-kafka-1,24.15%,504.2MiB / 1.5GiB
1790495314,payflow-keycloak-1,0.23%,746.1MiB / 10.7GiB
1790495314,payflow-settlement-rail-1,1.45%,33.43MiB / 256MiB
1790495314,payflow-grafana-1,1.24%,319.6MiB / 512MiB
1790495314,payflow-prometheus-1,0.76%,76.86MiB / 1GiB
1790495314,payflow-tempo-1,0.35%,157.8MiB / 1GiB
1790495314,k3d-tiny-url-serverlb,0.00%,26.21MiB / 10.7GiB
1790495314,k3d-tiny-url-server-0,10.89%,1.112GiB / 10.7GiB
1790495321,stupefied_keller,3.39%,22.96MiB / 10.7GiB
1790495321,payflow-payflow-1,68.00%,494.1MiB / 1.5GiB
1790495321,payflow-postgres-exporter-1,0.00%,8.57MiB / 128MiB
1790495321,payflow-mongo-1,50.49%,209.5MiB / 1GiB
1790495321,payflow-postgres-1,30.48%,177.4MiB / 1GiB
1790495321,payflow-kafka-1,102.49%,555.7MiB / 1.5GiB
1790495321,payflow-keycloak-1,0.20%,746.1MiB / 10.7GiB
1790495321,payflow-settlement-rail-1,1.14%,30.34MiB / 256MiB
1790495321,payflow-grafana-1,1.20%,319.6MiB / 512MiB
1790495321,payflow-prometheus-1,0.21%,77MiB / 1GiB
1790495321,payflow-tempo-1,0.26%,148MiB / 1GiB
1790495321,k3d-tiny-url-serverlb,0.01%,26.21MiB / 10.7GiB
1790495321,k3d-tiny-url-server-0,9.89%,1.112GiB / 10.7GiB
1790495329,stupefied_keller,4.13%,23.11MiB / 10.7GiB
1790495329,payflow-payflow-1,87.26%,495.1MiB / 1.5GiB
1790495329,payflow-postgres-exporter-1,0.00%,9.078MiB / 128MiB
1790495329,payflow-mongo-1,4.57%,210.3MiB / 1GiB
1790495329,payflow-postgres-1,30.62%,180.9MiB / 1GiB
1790495329,payflow-kafka-1,188.40%,593.1MiB / 1.5GiB
1790495329,payflow-keycloak-1,0.18%,746.2MiB / 10.7GiB
1790495329,payflow-settlement-rail-1,1.79%,30.92MiB / 256MiB
1790495329,payflow-grafana-1,0.70%,319.6MiB / 512MiB
1790495329,payflow-prometheus-1,0.17%,77.09MiB / 1GiB
1790495329,payflow-tempo-1,4.24%,152.9MiB / 1GiB
1790495329,k3d-tiny-url-serverlb,0.00%,26.21MiB / 10.7GiB
1790495329,k3d-tiny-url-server-0,10.35%,1.112GiB / 10.7GiB
1790495336,stupefied_keller,3.30%,23.12MiB / 10.7GiB
1790495336,payflow-payflow-1,120.70%,496.5MiB / 1.5GiB
1790495336,payflow-postgres-exporter-1,1.76%,8.75MiB / 128MiB
1790495336,payflow-mongo-1,3.80%,210.6MiB / 1GiB
1790495336,payflow-postgres-1,33.47%,184.2MiB / 1GiB
1790495336,payflow-kafka-1,130.43%,609.8MiB / 1.5GiB
1790495336,payflow-keycloak-1,0.17%,746.2MiB / 10.7GiB
1790495336,payflow-settlement-rail-1,1.23%,30.38MiB / 256MiB
1790495336,payflow-grafana-1,0.76%,319.6MiB / 512MiB
1790495336,payflow-prometheus-1,0.48%,77.09MiB / 1GiB
1790495336,payflow-tempo-1,0.21%,154.6MiB / 1GiB
1790495336,k3d-tiny-url-serverlb,0.00%,26.21MiB / 10.7GiB
1790495336,k3d-tiny-url-server-0,7.97%,1.112GiB / 10.7GiB
1790495343,stupefied_keller,4.07%,23.16MiB / 10.7GiB
1790495343,payflow-payflow-1,71.13%,497MiB / 1.5GiB
1790495343,payflow-postgres-exporter-1,0.00%,9.32MiB / 128MiB
1790495343,payflow-mongo-1,47.51%,210.9MiB / 1GiB
1790495343,payflow-postgres-1,28.67%,187.6MiB / 1GiB
1790495343,payflow-kafka-1,38.61%,504.7MiB / 1.5GiB
1790495343,payflow-keycloak-1,0.18%,746.2MiB / 10.7GiB
1790495343,payflow-settlement-rail-1,1.18%,30.52MiB / 256MiB
1790495343,payflow-grafana-1,0.73%,319.6MiB / 512MiB
1790495343,payflow-prometheus-1,0.75%,77.09MiB / 1GiB
1790495343,payflow-tempo-1,0.38%,154.8MiB / 1GiB
1790495343,k3d-tiny-url-serverlb,0.00%,26.21MiB / 10.7GiB
1790495343,k3d-tiny-url-server-0,8.31%,1.112GiB / 10.7GiB
1790495350,stupefied_keller,5.44%,23.19MiB / 10.7GiB
1790495350,payflow-payflow-1,95.58%,497.3MiB / 1.5GiB
1790495350,payflow-postgres-exporter-1,1.91%,9.254MiB / 128MiB
1790495350,payflow-mongo-1,5.61%,210.9MiB / 1GiB
1790495350,payflow-postgres-1,41.88%,191.8MiB / 1GiB
1790495350,payflow-kafka-1,17.05%,505.9MiB / 1.5GiB
1790495350,payflow-keycloak-1,0.22%,746.2MiB / 10.7GiB
1790495350,payflow-settlement-rail-1,1.39%,31.66MiB / 256MiB
1790495350,payflow-grafana-1,1.08%,319.6MiB / 512MiB
1790495350,payflow-prometheus-1,0.88%,77.09MiB / 1GiB
1790495350,payflow-tempo-1,0.28%,154.9MiB / 1GiB
1790495350,k3d-tiny-url-serverlb,0.00%,26.21MiB / 10.7GiB
1790495350,k3d-tiny-url-server-0,9.35%,1.112GiB / 10.7GiB
1790495357,stupefied_keller,3.82%,23.2MiB / 10.7GiB
1790495357,payflow-payflow-1,85.28%,497.5MiB / 1.5GiB
1790495357,payflow-postgres-exporter-1,0.00%,8.707MiB / 128MiB
1790495357,payflow-mongo-1,5.04%,210.9MiB / 1GiB
1790495357,payflow-postgres-1,43.28%,195.1MiB / 1GiB
1790495357,payflow-kafka-1,18.86%,507.6MiB / 1.5GiB
1790495357,payflow-keycloak-1,0.33%,746.1MiB / 10.7GiB
1790495357,payflow-settlement-rail-1,1.71%,30.57MiB / 256MiB
1790495357,payflow-grafana-1,1.54%,319.6MiB / 512MiB
1790495357,payflow-prometheus-1,0.71%,77.1MiB / 1GiB
1790495357,payflow-tempo-1,0.36%,155.6MiB / 1GiB
1790495357,k3d-tiny-url-serverlb,0.00%,26.21MiB / 10.7GiB
1790495357,k3d-tiny-url-server-0,11.48%,1.112GiB / 10.7GiB
1790495365,stupefied_keller,4.09%,23.23MiB / 10.7GiB
1790495365,payflow-payflow-1,78.44%,498MiB / 1.5GiB
1790495365,payflow-postgres-exporter-1,0.00%,9.449MiB / 128MiB
1790495365,payflow-mongo-1,33.43%,363.3MiB / 1GiB
1790495365,payflow-postgres-1,35.83%,196.5MiB / 1GiB
1790495365,payflow-kafka-1,15.65%,511.4MiB / 1.5GiB
1790495365,payflow-keycloak-1,0.76%,746.1MiB / 10.7GiB
1790495365,payflow-settlement-rail-1,1.51%,30.92MiB / 256MiB
1790495365,payflow-grafana-1,1.22%,319.6MiB / 512MiB
1790495365,payflow-prometheus-1,0.23%,77.1MiB / 1GiB
1790495365,payflow-tempo-1,0.32%,156.7MiB / 1GiB
1790495365,k3d-tiny-url-serverlb,0.00%,26.21MiB / 10.7GiB
1790495365,k3d-tiny-url-server-0,9.99%,1.112GiB / 10.7GiB
1790495372,stupefied_keller,4.59%,23.25MiB / 10.7GiB
1790495372,payflow-payflow-1,86.33%,498.7MiB / 1.5GiB
1790495372,payflow-postgres-exporter-1,0.00%,10.23MiB / 128MiB
1790495372,payflow-mongo-1,4.54%,210.9MiB / 1GiB
1790495372,payflow-postgres-1,41.38%,197.4MiB / 1GiB
1790495372,payflow-kafka-1,17.91%,512.9MiB / 1.5GiB
1790495372,payflow-keycloak-1,0.22%,746.1MiB / 10.7GiB
1790495372,payflow-settlement-rail-1,1.69%,32.31MiB / 256MiB
1790495372,payflow-grafana-1,1.04%,319.6MiB / 512MiB
1790495372,payflow-prometheus-1,0.26%,77.1MiB / 1GiB
1790495372,payflow-tempo-1,2.58%,153.9MiB / 1GiB
1790495372,k3d-tiny-url-serverlb,0.00%,26.21MiB / 10.7GiB
1790495372,k3d-tiny-url-server-0,13.28%,1.112GiB / 10.7GiB
1790495379,stupefied_keller,4.51%,23.55MiB / 10.7GiB
1790495379,payflow-payflow-1,92.79%,499.4MiB / 1.5GiB
1790495379,payflow-postgres-exporter-1,0.00%,9.215MiB / 128MiB
1790495379,payflow-mongo-1,4.86%,210.9MiB / 1GiB
1790495379,payflow-postgres-1,37.98%,198.2MiB / 1GiB
1790495379,payflow-kafka-1,16.49%,513.6MiB / 1.5GiB
1790495379,payflow-keycloak-1,0.22%,746.1MiB / 10.7GiB
1790495379,payflow-settlement-rail-1,1.23%,30.52MiB / 256MiB
1790495379,payflow-grafana-1,1.09%,319.6MiB / 512MiB
1790495379,payflow-prometheus-1,0.25%,77.1MiB / 1GiB
1790495379,payflow-tempo-1,2.06%,154.9MiB / 1GiB
1790495379,k3d-tiny-url-serverlb,0.06%,26.21MiB / 10.7GiB
1790495379,k3d-tiny-url-server-0,16.72%,1.112GiB / 10.7GiB
1790495386,stupefied_keller,8.06%,23.32MiB / 10.7GiB
1790495386,payflow-payflow-1,86.97%,499.7MiB / 1.5GiB
1790495386,payflow-postgres-exporter-1,0.00%,9.574MiB / 128MiB
1790495386,payflow-mongo-1,5.53%,210.9MiB / 1GiB
1790495386,payflow-postgres-1,42.36%,199.3MiB / 1GiB
1790495386,payflow-kafka-1,18.06%,515.4MiB / 1.5GiB
1790495386,payflow-keycloak-1,0.26%,746.1MiB / 10.7GiB
1790495386,payflow-settlement-rail-1,1.39%,32.73MiB / 256MiB
1790495386,payflow-grafana-1,1.36%,319.6MiB / 512MiB
1790495386,payflow-prometheus-1,0.28%,77.11MiB / 1GiB
1790495386,payflow-tempo-1,0.32%,154.9MiB / 1GiB
1790495386,k3d-tiny-url-serverlb,0.01%,26.21MiB / 10.7GiB
1790495386,k3d-tiny-url-server-0,9.71%,1.112GiB / 10.7GiB
1790495394,stupefied_keller,4.59%,23.33MiB / 10.7GiB
1790495394,payflow-payflow-1,103.53%,500.1MiB / 1.5GiB
1790495394,payflow-postgres-exporter-1,0.00%,9.18MiB / 128MiB
1790495394,payflow-mongo-1,4.46%,211.3MiB / 1GiB
1790495394,payflow-postgres-1,39.28%,201.1MiB / 1GiB
1790495394,payflow-kafka-1,18.17%,515.9MiB / 1.5GiB
1790495394,payflow-keycloak-1,0.25%,751.4MiB / 10.7GiB
1790495394,payflow-settlement-rail-1,1.23%,30.9MiB / 256MiB
1790495394,payflow-grafana-1,1.08%,319.6MiB / 512MiB
1790495394,payflow-prometheus-1,0.27%,77.11MiB / 1GiB
1790495394,payflow-tempo-1,0.35%,155.4MiB / 1GiB
1790495394,k3d-tiny-url-serverlb,0.00%,26.21MiB / 10.7GiB
1790495394,k3d-tiny-url-server-0,10.47%,1.113GiB / 10.7GiB
1790495401,stupefied_keller,5.00%,23.73MiB / 10.7GiB
1790495401,payflow-payflow-1,102.15%,500.9MiB / 1.5GiB
1790495401,payflow-postgres-exporter-1,1.73%,9.328MiB / 128MiB
1790495401,payflow-mongo-1,4.31%,211.3MiB / 1GiB
1790495401,payflow-postgres-1,44.52%,203.2MiB / 1GiB
1790495401,payflow-kafka-1,17.19%,517.5MiB / 1.5GiB
1790495401,payflow-keycloak-1,0.27%,751.3MiB / 10.7GiB
1790495401,payflow-settlement-rail-1,1.16%,35.97MiB / 256MiB
1790495401,payflow-grafana-1,1.06%,319.6MiB / 512MiB
1790495401,payflow-prometheus-1,0.49%,77.11MiB / 1GiB
1790495401,payflow-tempo-1,4.60%,155.4MiB / 1GiB
1790495401,k3d-tiny-url-serverlb,0.00%,26.21MiB / 10.7GiB
1790495401,k3d-tiny-url-server-0,11.43%,1.112GiB / 10.7GiB
1790495408,stupefied_keller,4.57%,23.74MiB / 10.7GiB
1790495408,payflow-payflow-1,99.43%,501.2MiB / 1.5GiB
1790495408,payflow-postgres-exporter-1,0.00%,8.746MiB / 128MiB
1790495408,payflow-mongo-1,4.29%,211.3MiB / 1GiB
1790495408,payflow-postgres-1,41.20%,204.5MiB / 1GiB
1790495408,payflow-kafka-1,78.40%,557MiB / 1.5GiB
1790495408,payflow-keycloak-1,0.23%,751.3MiB / 10.7GiB
1790495408,payflow-settlement-rail-1,1.38%,30.94MiB / 256MiB
1790495408,payflow-grafana-1,1.42%,319.6MiB / 512MiB
1790495408,payflow-prometheus-1,0.68%,77.12MiB / 1GiB
1790495408,payflow-tempo-1,1.52%,155.4MiB / 1GiB
1790495408,k3d-tiny-url-serverlb,0.04%,26.21MiB / 10.7GiB
1790495408,k3d-tiny-url-server-0,9.09%,1.112GiB / 10.7GiB
1790495415,stupefied_keller,4.37%,23.8MiB / 10.7GiB
1790495415,payflow-payflow-1,62.71%,501.6MiB / 1.5GiB
1790495415,payflow-postgres-exporter-1,1.66%,9.383MiB / 128MiB
1790495415,payflow-mongo-1,15.05%,211.4MiB / 1GiB
1790495415,payflow-postgres-1,30.62%,207.7MiB / 1GiB
1790495415,payflow-kafka-1,149.36%,599.3MiB / 1.5GiB
1790495415,payflow-keycloak-1,0.17%,751.3MiB / 10.7GiB
1790495415,payflow-settlement-rail-1,2.20%,33.88MiB / 256MiB
1790495415,payflow-grafana-1,0.82%,319.6MiB / 512MiB
1790495415,payflow-prometheus-1,0.79%,77.12MiB / 1GiB
1790495415,payflow-tempo-1,0.22%,155.5MiB / 1GiB
1790495415,k3d-tiny-url-serverlb,0.01%,26.21MiB / 10.7GiB
1790495415,k3d-tiny-url-server-0,6.43%,1.112GiB / 10.7GiB
1790495422,stupefied_keller,5.11%,23.82MiB / 10.7GiB
1790495422,payflow-payflow-1,62.21%,501.7MiB / 1.5GiB
1790495422,payflow-postgres-exporter-1,0.00%,8.957MiB / 128MiB
1790495422,payflow-mongo-1,3.83%,211.1MiB / 1GiB
1790495422,payflow-postgres-1,27.61%,210.5MiB / 1GiB
1790495422,payflow-kafka-1,158.02%,631.3MiB / 1.5GiB
1790495422,payflow-keycloak-1,0.18%,751.2MiB / 10.7GiB
1790495422,payflow-settlement-rail-1,0.95%,31.02MiB / 256MiB
1790495422,payflow-grafana-1,0.85%,319.6MiB / 512MiB
1790495422,payflow-prometheus-1,0.54%,77.12MiB / 1GiB
1790495422,payflow-tempo-1,0.60%,155.5MiB / 1GiB
1790495422,k3d-tiny-url-serverlb,0.01%,26.21MiB / 10.7GiB
1790495422,k3d-tiny-url-server-0,7.89%,1.113GiB / 10.7GiB
1790495430,stupefied_keller,4.92%,24.05MiB / 10.7GiB
1790495430,payflow-payflow-1,79.21%,501.9MiB / 1.5GiB
1790495430,payflow-postgres-exporter-1,0.00%,9.633MiB / 128MiB
1790495430,payflow-mongo-1,3.45%,211.2MiB / 1GiB
1790495430,payflow-postgres-1,36.46%,214.8MiB / 1GiB
1790495430,payflow-kafka-1,43.59%,523.3MiB / 1.5GiB
1790495430,payflow-keycloak-1,0.24%,751.2MiB / 10.7GiB
1790495430,payflow-settlement-rail-1,1.09%,35.27MiB / 256MiB
1790495430,payflow-grafana-1,1.11%,319.6MiB / 512MiB
1790495430,payflow-prometheus-1,1.55%,77.13MiB / 1GiB
1790495430,payflow-tempo-1,0.84%,155.5MiB / 1GiB
1790495430,k3d-tiny-url-serverlb,0.02%,26.21MiB / 10.7GiB
1790495430,k3d-tiny-url-server-0,14.17%,1.112GiB / 10.7GiB
1790495437,stupefied_keller,4.30%,24.06MiB / 10.7GiB
1790495437,payflow-payflow-1,74.13%,502MiB / 1.5GiB
1790495437,payflow-postgres-exporter-1,0.00%,8.484MiB / 128MiB
1790495437,payflow-mongo-1,45.41%,211.2MiB / 1GiB
1790495437,payflow-postgres-1,42.00%,218MiB / 1GiB
1790495437,payflow-kafka-1,16.90%,524.5MiB / 1.5GiB
1790495437,payflow-keycloak-1,0.22%,751.2MiB / 10.7GiB
1790495437,payflow-settlement-rail-1,1.20%,31.25MiB / 256MiB
1790495437,payflow-grafana-1,1.08%,319.6MiB / 512MiB
1790495437,payflow-prometheus-1,0.22%,77.13MiB / 1GiB
1790495437,payflow-tempo-1,3.90%,156.6MiB / 1GiB
1790495437,k3d-tiny-url-serverlb,0.01%,26.21MiB / 10.7GiB
1790495437,k3d-tiny-url-server-0,11.24%,1.112GiB / 10.7GiB
1790495444,stupefied_keller,4.87%,24.08MiB / 10.7GiB
1790495444,payflow-payflow-1,89.91%,502.6MiB / 1.5GiB
1790495444,payflow-postgres-exporter-1,0.00%,9.492MiB / 128MiB
1790495444,payflow-mongo-1,4.82%,211.2MiB / 1GiB
1790495444,payflow-postgres-1,38.85%,220.8MiB / 1GiB
1790495444,payflow-kafka-1,16.33%,525.7MiB / 1.5GiB
1790495444,payflow-keycloak-1,0.21%,751.2MiB / 10.7GiB
1790495444,payflow-settlement-rail-1,1.35%,31.5MiB / 256MiB
1790495444,payflow-grafana-1,1.24%,319.6MiB / 512MiB
1790495444,payflow-prometheus-1,2.56%,77.17MiB / 1GiB
1790495444,payflow-tempo-1,0.36%,156.8MiB / 1GiB
1790495444,k3d-tiny-url-serverlb,0.00%,26.21MiB / 10.7GiB
1790495444,k3d-tiny-url-server-0,15.40%,1.112GiB / 10.7GiB
1790495452,stupefied_keller,5.47%,24.17MiB / 10.7GiB
1790495452,payflow-payflow-1,77.35%,502.6MiB / 1.5GiB
1790495452,payflow-postgres-exporter-1,0.00%,8.969MiB / 128MiB
1790495452,payflow-mongo-1,3.99%,211.2MiB / 1GiB
1790495452,payflow-postgres-1,37.88%,224.4MiB / 1GiB
1790495452,payflow-kafka-1,21.54%,531.6MiB / 1.5GiB
1790495452,payflow-keycloak-1,0.24%,751.2MiB / 10.7GiB
1790495452,payflow-settlement-rail-1,2.52%,31.3MiB / 256MiB
1790495452,payflow-grafana-1,1.06%,319.6MiB / 512MiB
1790495452,payflow-prometheus-1,0.25%,77.18MiB / 1GiB
1790495452,payflow-tempo-1,0.27%,156.8MiB / 1GiB
1790495452,k3d-tiny-url-serverlb,0.02%,26.21MiB / 10.7GiB
1790495452,k3d-tiny-url-server-0,24.06%,1.113GiB / 10.7GiB
1790495459,stupefied_keller,5.76%,24.18MiB / 10.7GiB
1790495459,payflow-payflow-1,72.93%,503.4MiB / 1.5GiB
1790495459,payflow-postgres-exporter-1,0.00%,8.57MiB / 128MiB
1790495459,payflow-mongo-1,47.66%,211.2MiB / 1GiB
1790495459,payflow-postgres-1,36.91%,228MiB / 1GiB
1790495459,payflow-kafka-1,15.78%,529.2MiB / 1.5GiB
1790495459,payflow-keycloak-1,0.24%,751.2MiB / 10.7GiB
1790495459,payflow-settlement-rail-1,0.96%,31.36MiB / 256MiB
1790495459,payflow-grafana-1,0.98%,319.6MiB / 512MiB
1790495459,payflow-prometheus-1,0.26%,77.18MiB / 1GiB
1790495459,payflow-tempo-1,1.89%,152.6MiB / 1GiB
1790495459,k3d-tiny-url-serverlb,0.01%,26.21MiB / 10.7GiB
1790495459,k3d-tiny-url-server-0,14.76%,1.112GiB / 10.7GiB
1790495466,stupefied_keller,6.03%,24.24MiB / 10.7GiB
1790495466,payflow-payflow-1,78.48%,503.7MiB / 1.5GiB
1790495466,payflow-postgres-exporter-1,1.84%,9.543MiB / 128MiB
1790495466,payflow-mongo-1,3.66%,211.2MiB / 1GiB
1790495466,payflow-postgres-1,40.49%,232MiB / 1GiB
1790495466,payflow-kafka-1,15.32%,530.4MiB / 1.5GiB
1790495466,payflow-keycloak-1,0.23%,751.2MiB / 10.7GiB
1790495466,payflow-settlement-rail-1,4.66%,36.6MiB / 256MiB
1790495466,payflow-grafana-1,1.30%,319.6MiB / 512MiB
1790495466,payflow-prometheus-1,0.70%,77.19MiB / 1GiB
1790495466,payflow-tempo-1,0.36%,153.4MiB / 1GiB
1790495466,k3d-tiny-url-serverlb,0.00%,26.21MiB / 10.7GiB
1790495466,k3d-tiny-url-server-0,10.85%,1.112GiB / 10.7GiB
1790495473,stupefied_keller,5.19%,24.57MiB / 10.7GiB
1790495473,payflow-payflow-1,86.11%,503.8MiB / 1.5GiB
1790495473,payflow-postgres-exporter-1,0.00%,8.605MiB / 128MiB
1790495473,payflow-mongo-1,3.89%,211.3MiB / 1GiB
1790495473,payflow-postgres-1,40.39%,234.9MiB / 1GiB
1790495473,payflow-kafka-1,15.00%,531.6MiB / 1.5GiB
1790495473,payflow-keycloak-1,0.23%,751.2MiB / 10.7GiB
1790495473,payflow-settlement-rail-1,1.02%,34.32MiB / 256MiB
1790495473,payflow-grafana-1,1.07%,319.6MiB / 512MiB
1790495473,payflow-prometheus-1,0.29%,77.19MiB / 1GiB
1790495473,payflow-tempo-1,1.88%,154.4MiB / 1GiB
1790495473,k3d-tiny-url-serverlb,0.00%,26.21MiB / 10.7GiB
1790495473,k3d-tiny-url-server-0,11.90%,1.112GiB / 10.7GiB
1790495480,stupefied_keller,5.28%,24.33MiB / 10.7GiB
1790495480,payflow-payflow-1,77.61%,503.6MiB / 1.5GiB
1790495480,payflow-postgres-exporter-1,1.96%,9.152MiB / 128MiB
1790495480,payflow-mongo-1,49.92%,214MiB / 1GiB
1790495480,payflow-postgres-1,51.70%,238.4MiB / 1GiB
1790495480,payflow-kafka-1,15.93%,533.9MiB / 1.5GiB
1790495480,payflow-keycloak-1,0.20%,751.1MiB / 10.7GiB
1790495480,payflow-settlement-rail-1,1.32%,31.5MiB / 256MiB
1790495480,payflow-grafana-1,1.03%,319.6MiB / 512MiB
1790495480,payflow-prometheus-1,0.58%,77.19MiB / 1GiB
1790495480,payflow-tempo-1,0.31%,154.4MiB / 1GiB
1790495480,k3d-tiny-url-serverlb,0.01%,26.21MiB / 10.7GiB
1790495480,k3d-tiny-url-server-0,9.27%,1.113GiB / 10.7GiB
1790495488,stupefied_keller,4.57%,24.33MiB / 10.7GiB
1790495488,payflow-payflow-1,85.73%,503.8MiB / 1.5GiB
1790495488,payflow-postgres-exporter-1,0.00%,9.25MiB / 128MiB
1790495488,payflow-mongo-1,4.14%,211.6MiB / 1GiB
1790495488,payflow-postgres-1,42.06%,237.2MiB / 1GiB
1790495488,payflow-kafka-1,37.08%,539.5MiB / 1.5GiB
1790495488,payflow-keycloak-1,0.27%,751.1MiB / 10.7GiB
1790495488,payflow-settlement-rail-1,1.48%,31.52MiB / 256MiB
1790495488,payflow-grafana-1,1.46%,319.6MiB / 512MiB
1790495488,payflow-prometheus-1,0.53%,77.2MiB / 1GiB
1790495488,payflow-tempo-1,0.97%,154.4MiB / 1GiB
1790495488,k3d-tiny-url-serverlb,0.00%,26.21MiB / 10.7GiB
1790495488,k3d-tiny-url-server-0,12.01%,1.113GiB / 10.7GiB
1790495495,stupefied_keller,4.38%,24.34MiB / 10.7GiB
1790495495,payflow-payflow-1,76.66%,503.9MiB / 1.5GiB
1790495495,payflow-postgres-exporter-1,0.00%,8.988MiB / 128MiB
1790495495,payflow-mongo-1,4.37%,211.6MiB / 1GiB
1790495495,payflow-postgres-1,41.60%,237.5MiB / 1GiB
1790495495,payflow-kafka-1,140.70%,613.1MiB / 1.5GiB
1790495495,payflow-keycloak-1,0.21%,751.1MiB / 10.7GiB
1790495495,payflow-settlement-rail-1,0.97%,32.77MiB / 256MiB
1790495495,payflow-grafana-1,0.94%,319.6MiB / 512MiB
1790495495,payflow-prometheus-1,0.74%,77.2MiB / 1GiB
1790495495,payflow-tempo-1,0.29%,153.9MiB / 1GiB
1790495495,k3d-tiny-url-serverlb,0.00%,26.21MiB / 10.7GiB
1790495495,k3d-tiny-url-server-0,7.53%,1.112GiB / 10.7GiB
1790495502,stupefied_keller,2.95%,24.34MiB / 10.7GiB
1790495502,payflow-payflow-1,68.55%,504MiB / 1.5GiB
1790495502,payflow-postgres-exporter-1,0.00%,9.09MiB / 128MiB
1790495502,payflow-mongo-1,12.01%,292MiB / 1GiB
1790495502,payflow-postgres-1,27.92%,237.3MiB / 1GiB
1790495502,payflow-kafka-1,182.47%,644.9MiB / 1.5GiB
1790495502,payflow-keycloak-1,0.16%,751.5MiB / 10.7GiB
1790495502,payflow-settlement-rail-1,1.49%,38.46MiB / 256MiB
1790495502,payflow-grafana-1,0.80%,319.6MiB / 512MiB
1790495502,payflow-prometheus-1,0.20%,77.2MiB / 1GiB
1790495502,payflow-tempo-1,0.26%,155.4MiB / 1GiB
1790495502,k3d-tiny-url-serverlb,0.01%,26.21MiB / 10.7GiB
1790495502,k3d-tiny-url-server-0,17.10%,1.112GiB / 10.7GiB
1790495509,stupefied_keller,5.54%,24.7MiB / 10.7GiB
1790495509,payflow-payflow-1,74.36%,505MiB / 1.5GiB
1790495509,payflow-postgres-exporter-1,0.00%,9.176MiB / 128MiB
1790495509,payflow-mongo-1,4.26%,211.4MiB / 1GiB
1790495509,payflow-postgres-1,36.96%,238.1MiB / 1GiB
1790495509,payflow-kafka-1,80.12%,538.4MiB / 1.5GiB
1790495509,payflow-keycloak-1,0.19%,751.6MiB / 10.7GiB
1790495509,payflow-settlement-rail-1,0.95%,32.22MiB / 256MiB
1790495509,payflow-grafana-1,1.24%,319.6MiB / 512MiB
1790495509,payflow-prometheus-1,0.27%,77.2MiB / 1GiB
1790495509,payflow-tempo-1,1.03%,158MiB / 1GiB
1790495509,k3d-tiny-url-serverlb,0.00%,26.21MiB / 10.7GiB
1790495509,k3d-tiny-url-server-0,7.78%,1.112GiB / 10.7GiB
1790495517,stupefied_keller,4.25%,24.7MiB / 10.7GiB
1790495517,payflow-payflow-1,55.87%,504.7MiB / 1.5GiB
1790495517,payflow-postgres-exporter-1,0.00%,9.211MiB / 128MiB
1790495517,payflow-mongo-1,6.76%,211.4MiB / 1GiB
1790495517,payflow-postgres-1,41.90%,238.3MiB / 1GiB
1790495517,payflow-kafka-1,18.98%,540.8MiB / 1.5GiB
1790495517,payflow-keycloak-1,0.21%,751.5MiB / 10.7GiB
1790495517,payflow-settlement-rail-1,2.01%,32.01MiB / 256MiB
1790495517,payflow-grafana-1,0.98%,319.6MiB / 512MiB
1790495517,payflow-prometheus-1,0.26%,77.21MiB / 1GiB
1790495517,payflow-tempo-1,1.60%,158.1MiB / 1GiB
1790495517,k3d-tiny-url-serverlb,0.04%,26.21MiB / 10.7GiB
1790495517,k3d-tiny-url-server-0,13.18%,1.113GiB / 10.7GiB
1790495524,stupefied_keller,4.60%,24.71MiB / 10.7GiB
1790495524,payflow-payflow-1,77.84%,505.2MiB / 1.5GiB
1790495524,payflow-postgres-exporter-1,0.00%,9.617MiB / 128MiB
1790495524,payflow-mongo-1,5.76%,211.4MiB / 1GiB
1790495524,payflow-postgres-1,37.21%,238.1MiB / 1GiB
1790495524,payflow-kafka-1,16.73%,541.9MiB / 1.5GiB
1790495524,payflow-keycloak-1,0.22%,751.5MiB / 10.7GiB
1790495524,payflow-settlement-rail-1,1.06%,31.88MiB / 256MiB
1790495524,payflow-grafana-1,1.27%,319.6MiB / 512MiB
1790495524,payflow-prometheus-1,0.32%,77.21MiB / 1GiB
1790495524,payflow-tempo-1,0.39%,158.2MiB / 1GiB
1790495524,k3d-tiny-url-serverlb,0.00%,26.21MiB / 10.7GiB
1790495524,k3d-tiny-url-server-0,11.09%,1.112GiB / 10.7GiB
1790495531,stupefied_keller,4.05%,24.71MiB / 10.7GiB
1790495531,payflow-payflow-1,91.48%,505.6MiB / 1.5GiB
1790495531,payflow-postgres-exporter-1,1.78%,9.125MiB / 128MiB
1790495531,payflow-mongo-1,16.23%,211.4MiB / 1GiB
1790495531,payflow-postgres-1,46.90%,238.7MiB / 1GiB
1790495531,payflow-kafka-1,15.54%,545.8MiB / 1.5GiB
1790495531,payflow-keycloak-1,0.20%,751.4MiB / 10.7GiB
1790495531,payflow-settlement-rail-1,1.20%,31.93MiB / 256MiB
1790495531,payflow-grafana-1,1.06%,319.9MiB / 512MiB
1790495531,payflow-prometheus-1,0.51%,77.21MiB / 1GiB
1790495531,payflow-tempo-1,0.33%,157.7MiB / 1GiB
1790495531,k3d-tiny-url-serverlb,0.03%,26.21MiB / 10.7GiB
1790495531,k3d-tiny-url-server-0,11.03%,1.112GiB / 10.7GiB
1790495538,stupefied_keller,4.45%,24.73MiB / 10.7GiB
1790495538,payflow-payflow-1,73.38%,506MiB / 1.5GiB
1790495538,payflow-postgres-exporter-1,0.00%,9.02MiB / 128MiB
1790495538,payflow-mongo-1,5.34%,211.4MiB / 1GiB
1790495538,payflow-postgres-1,38.45%,238.8MiB / 1GiB
1790495538,payflow-kafka-1,17.51%,546.2MiB / 1.5GiB
1790495538,payflow-keycloak-1,0.20%,751.3MiB / 10.7GiB
1790495538,payflow-settlement-rail-1,1.03%,31.93MiB / 256MiB
1790495538,payflow-grafana-1,1.47%,319.6MiB / 512MiB
1790495538,payflow-prometheus-1,1.09%,77.21MiB / 1GiB
1790495538,payflow-tempo-1,1.95%,158.1MiB / 1GiB
1790495538,k3d-tiny-url-serverlb,0.00%,26.21MiB / 10.7GiB
1790495538,k3d-tiny-url-server-0,11.18%,1.112GiB / 10.7GiB
1790495545,stupefied_keller,4.59%,24.72MiB / 10.7GiB
1790495545,payflow-payflow-1,82.78%,506MiB / 1.5GiB
1790495545,payflow-postgres-exporter-1,0.00%,9.438MiB / 128MiB
1790495545,payflow-mongo-1,5.78%,211.5MiB / 1GiB
1790495545,payflow-postgres-1,44.46%,239.4MiB / 1GiB
1790495545,payflow-kafka-1,19.27%,546.3MiB / 1.5GiB
1790495545,payflow-keycloak-1,0.24%,751.3MiB / 10.7GiB
1790495545,payflow-settlement-rail-1,1.06%,33.67MiB / 256MiB
1790495545,payflow-grafana-1,1.20%,319.6MiB / 512MiB
1790495545,payflow-prometheus-1,0.50%,77.21MiB / 1GiB
1790495545,payflow-tempo-1,0.38%,158.1MiB / 1GiB
1790495545,k3d-tiny-url-serverlb,0.01%,26.21MiB / 10.7GiB
1790495545,k3d-tiny-url-server-0,11.10%,1.113GiB / 10.7GiB
1790495553,stupefied_keller,3.84%,24.73MiB / 10.7GiB
1790495553,payflow-payflow-1,75.70%,506.1MiB / 1.5GiB
1790495553,payflow-postgres-exporter-1,0.00%,9.375MiB / 128MiB
1790495553,payflow-mongo-1,5.65%,211.9MiB / 1GiB
1790495553,payflow-postgres-1,34.25%,239.5MiB / 1GiB
1790495553,payflow-kafka-1,15.26%,548.5MiB / 1.5GiB
1790495553,payflow-keycloak-1,0.21%,751.3MiB / 10.7GiB
1790495553,payflow-settlement-rail-1,1.39%,33MiB / 256MiB
1790495553,payflow-grafana-1,0.97%,319.6MiB / 512MiB
1790495553,payflow-prometheus-1,0.63%,77.22MiB / 1GiB
1790495553,payflow-tempo-1,3.03%,158.1MiB / 1GiB
1790495553,k3d-tiny-url-serverlb,0.00%,26.21MiB / 10.7GiB
1790495553,k3d-tiny-url-server-0,10.38%,1.112GiB / 10.7GiB
1790495560,stupefied_keller,8.17%,25.11MiB / 10.7GiB
1790495560,payflow-payflow-1,80.05%,506.7MiB / 1.5GiB
1790495560,payflow-postgres-exporter-1,0.00%,8.766MiB / 128MiB
1790495560,payflow-mongo-1,5.16%,211.8MiB / 1GiB
1790495560,payflow-postgres-1,43.98%,240.8MiB / 1GiB
1790495560,payflow-kafka-1,18.97%,549.7MiB / 1.5GiB
1790495560,payflow-keycloak-1,0.22%,751.3MiB / 10.7GiB
1790495560,payflow-settlement-rail-1,1.22%,32.41MiB / 256MiB
1790495560,payflow-grafana-1,1.04%,319.6MiB / 512MiB
1790495560,payflow-prometheus-1,1.25%,77.23MiB / 1GiB
1790495560,payflow-tempo-1,0.29%,158.1MiB / 1GiB
1790495560,k3d-tiny-url-serverlb,0.03%,26.21MiB / 10.7GiB
1790495560,k3d-tiny-url-server-0,13.92%,1.112GiB / 10.7GiB
1790495567,stupefied_keller,4.94%,25.11MiB / 10.7GiB
1790495567,payflow-payflow-1,65.99%,506.9MiB / 1.5GiB
1790495567,payflow-postgres-exporter-1,0.00%,9.07MiB / 128MiB
1790495567,payflow-mongo-1,6.06%,212.1MiB / 1GiB
1790495567,payflow-postgres-1,42.31%,240.4MiB / 1GiB
1790495567,payflow-kafka-1,28.10%,554.2MiB / 1.5GiB
1790495567,payflow-keycloak-1,1.18%,751.4MiB / 10.7GiB
1790495567,payflow-settlement-rail-1,1.29%,32.22MiB / 256MiB
1790495567,payflow-grafana-1,1.09%,319.6MiB / 512MiB
1790495567,payflow-prometheus-1,0.25%,77.28MiB / 1GiB
1790495567,payflow-tempo-1,0.34%,158.1MiB / 1GiB
1790495567,k3d-tiny-url-serverlb,0.02%,26.21MiB / 10.7GiB
1790495567,k3d-tiny-url-server-0,11.84%,1.112GiB / 10.7GiB
1790495574,stupefied_keller,3.82%,25.11MiB / 10.7GiB
1790495574,payflow-payflow-1,73.78%,507MiB / 1.5GiB
1790495574,payflow-postgres-exporter-1,0.00%,8.891MiB / 128MiB
1790495574,payflow-mongo-1,54.79%,212.1MiB / 1GiB
1790495574,payflow-postgres-1,30.38%,240.3MiB / 1GiB
1790495574,payflow-kafka-1,120.16%,608.9MiB / 1.5GiB
1790495574,payflow-keycloak-1,0.18%,751.4MiB / 10.7GiB
1790495574,payflow-settlement-rail-1,0.91%,32.3MiB / 256MiB
1790495574,payflow-grafana-1,1.49%,319.6MiB / 512MiB
1790495574,payflow-prometheus-1,0.39%,77.29MiB / 1GiB
1790495574,payflow-tempo-1,1.10%,152.8MiB / 1GiB
1790495574,k3d-tiny-url-serverlb,0.00%,26.21MiB / 10.7GiB
1790495574,k3d-tiny-url-server-0,12.21%,1.113GiB / 10.7GiB
1790495581,stupefied_keller,3.26%,25.12MiB / 10.7GiB
1790495581,payflow-payflow-1,62.89%,507.2MiB / 1.5GiB
1790495581,payflow-postgres-exporter-1,0.00%,10.02MiB / 128MiB
1790495581,payflow-mongo-1,3.70%,212.1MiB / 1GiB
1790495581,payflow-postgres-1,30.08%,240.5MiB / 1GiB
1790495581,payflow-kafka-1,184.87%,648.6MiB / 1.5GiB
1790495581,payflow-keycloak-1,0.14%,751.4MiB / 10.7GiB
1790495581,payflow-settlement-rail-1,0.81%,32.31MiB / 256MiB
1790495581,payflow-grafana-1,0.64%,319.6MiB / 512MiB
1790495581,payflow-prometheus-1,0.16%,77.29MiB / 1GiB
1790495581,payflow-tempo-1,2.43%,154.1MiB / 1GiB
1790495581,k3d-tiny-url-serverlb,0.01%,26.21MiB / 10.7GiB
1790495581,k3d-tiny-url-server-0,11.19%,1.112GiB / 10.7GiB
1790495589,stupefied_keller,4.42%,25.12MiB / 10.7GiB
1790495589,payflow-payflow-1,66.47%,507.3MiB / 1.5GiB
1790495589,payflow-postgres-exporter-1,0.00%,9.188MiB / 128MiB
1790495589,payflow-mongo-1,5.19%,212.1MiB / 1GiB
1790495589,payflow-postgres-1,36.62%,241MiB / 1GiB
1790495589,payflow-kafka-1,102.42%,556.2MiB / 1.5GiB
1790495589,payflow-keycloak-1,0.26%,751.4MiB / 10.7GiB
1790495589,payflow-settlement-rail-1,0.81%,32.36MiB / 256MiB
1790495589,payflow-grafana-1,1.01%,319.6MiB / 512MiB
1790495589,payflow-prometheus-1,0.20%,77.29MiB / 1GiB
1790495589,payflow-tempo-1,2.24%,155.2MiB / 1GiB
1790495589,k3d-tiny-url-serverlb,0.00%,26.21MiB / 10.7GiB
1790495589,k3d-tiny-url-server-0,9.79%,1.112GiB / 10.7GiB
1790495596,stupefied_keller,4.18%,25.13MiB / 10.7GiB
1790495596,payflow-payflow-1,72.93%,507.6MiB / 1.5GiB
1790495596,payflow-postgres-exporter-1,1.51%,10.07MiB / 128MiB
1790495596,payflow-mongo-1,3.14%,211.8MiB / 1GiB
1790495596,payflow-postgres-1,41.14%,241.5MiB / 1GiB
1790495596,payflow-kafka-1,16.69%,557.4MiB / 1.5GiB
1790495596,payflow-keycloak-1,0.24%,751.4MiB / 10.7GiB
1790495596,payflow-settlement-rail-1,0.95%,32.41MiB / 256MiB
1790495596,payflow-grafana-1,1.35%,319.6MiB / 512MiB
1790495596,payflow-prometheus-1,0.57%,77.29MiB / 1GiB
1790495596,payflow-tempo-1,1.05%,156.6MiB / 1GiB
1790495596,k3d-tiny-url-serverlb,0.06%,26.21MiB / 10.7GiB
1790495596,k3d-tiny-url-server-0,13.04%,1.112GiB / 10.7GiB
1790495603,stupefied_keller,4.39%,25.14MiB / 10.7GiB
1790495603,payflow-payflow-1,70.49%,512.1MiB / 1.5GiB
1790495603,payflow-postgres-exporter-1,0.00%,9.293MiB / 128MiB
1790495603,payflow-mongo-1,4.65%,211.9MiB / 1GiB
1790495603,payflow-postgres-1,31.83%,248.4MiB / 1GiB
1790495603,payflow-kafka-1,14.13%,559.4MiB / 1.5GiB
1790495603,payflow-keycloak-1,0.26%,751.3MiB / 10.7GiB
1790495603,payflow-settlement-rail-1,0.70%,32.43MiB / 256MiB
1790495603,payflow-grafana-1,1.39%,319.6MiB / 512MiB
1790495603,payflow-prometheus-1,0.69%,77.3MiB / 1GiB
1790495603,payflow-tempo-1,2.03%,149.1MiB / 1GiB
1790495603,k3d-tiny-url-serverlb,0.03%,26.21MiB / 10.7GiB
1790495603,k3d-tiny-url-server-0,10.67%,1.113GiB / 10.7GiB
1790495610,stupefied_keller,6.63%,25.14MiB / 10.7GiB
1790495610,payflow-payflow-1,97.19%,508.3MiB / 1.5GiB
1790495610,payflow-postgres-exporter-1,2.42%,10MiB / 128MiB
1790495610,payflow-mongo-1,6.64%,211.9MiB / 1GiB
1790495610,payflow-postgres-1,55.43%,249.5MiB / 1GiB
1790495610,payflow-kafka-1,20.27%,560.6MiB / 1.5GiB
1790495610,payflow-keycloak-1,0.23%,751.3MiB / 10.7GiB
1790495610,payflow-settlement-rail-1,1.25%,32.46MiB / 256MiB
1790495610,payflow-grafana-1,1.29%,319.6MiB / 512MiB
1790495610,payflow-prometheus-1,0.76%,77.3MiB / 1GiB
1790495610,payflow-tempo-1,3.28%,152.4MiB / 1GiB
1790495610,k3d-tiny-url-serverlb,0.00%,26.21MiB / 10.7GiB
1790495610,k3d-tiny-url-server-0,11.85%,1.112GiB / 10.7GiB
1790495618,stupefied_keller,4.72%,25.17MiB / 10.7GiB
1790495618,payflow-payflow-1,82.93%,508.4MiB / 1.5GiB
1790495618,payflow-postgres-exporter-1,0.00%,9.289MiB / 128MiB
1790495618,payflow-mongo-1,4.67%,211.9MiB / 1GiB
1790495618,payflow-postgres-1,40.62%,249.4MiB / 1GiB
1790495618,payflow-kafka-1,18.27%,563MiB / 1.5GiB
1790495618,payflow-keycloak-1,0.27%,751.3MiB / 10.7GiB
1790495618,payflow-settlement-rail-1,1.09%,32.49MiB / 256MiB
1790495618,payflow-grafana-1,1.48%,319.6MiB / 512MiB
1790495618,payflow-prometheus-1,0.65%,77.3MiB / 1GiB
1790495618,payflow-tempo-1,0.54%,154MiB / 1GiB
1790495618,k3d-tiny-url-serverlb,0.00%,26.21MiB / 10.7GiB
1790495618,k3d-tiny-url-server-0,10.44%,1.112GiB / 10.7GiB
1790495625,stupefied_keller,4.18%,25.42MiB / 10.7GiB
1790495625,payflow-payflow-1,69.57%,508.5MiB / 1.5GiB
1790495625,payflow-postgres-exporter-1,0.00%,9.094MiB / 128MiB
1790495625,payflow-mongo-1,23.93%,211.9MiB / 1GiB
1790495625,payflow-postgres-1,33.36%,249.4MiB / 1GiB
1790495625,payflow-kafka-1,14.66%,563.9MiB / 1.5GiB
1790495625,payflow-keycloak-1,0.20%,751.3MiB / 10.7GiB
1790495625,payflow-settlement-rail-1,0.93%,32.55MiB / 256MiB
1790495625,payflow-grafana-1,0.96%,319.6MiB / 512MiB
1790495625,payflow-prometheus-1,0.63%,77.3MiB / 1GiB
1790495625,payflow-tempo-1,1.97%,153.8MiB / 1GiB
1790495625,k3d-tiny-url-serverlb,0.00%,26.21MiB / 10.7GiB
1790495625,k3d-tiny-url-server-0,14.38%,1.112GiB / 10.7GiB
1790495632,stupefied_keller,4.51%,25.17MiB / 10.7GiB
1790495632,payflow-payflow-1,95.42%,508.7MiB / 1.5GiB
1790495632,payflow-postgres-exporter-1,0.00%,9.133MiB / 128MiB
1790495632,payflow-mongo-1,5.24%,211.9MiB / 1GiB
1790495632,payflow-postgres-1,40.47%,247.8MiB / 1GiB
1790495632,payflow-kafka-1,18.32%,565.1MiB / 1.5GiB
1790495632,payflow-keycloak-1,0.22%,751.4MiB / 10.7GiB
1790495632,payflow-settlement-rail-1,1.33%,32.58MiB / 256MiB
1790495632,payflow-grafana-1,1.24%,319.6MiB / 512MiB
1790495632,payflow-prometheus-1,0.23%,77.31MiB / 1GiB
1790495632,payflow-tempo-1,2.70%,155.6MiB / 1GiB
1790495632,k3d-tiny-url-serverlb,0.04%,26.21MiB / 10.7GiB
1790495632,k3d-tiny-url-server-0,10.77%,1.113GiB / 10.7GiB
1790495639,stupefied_keller,3.92%,25.18MiB / 10.7GiB
1790495639,payflow-payflow-1,70.12%,508.8MiB / 1.5GiB
1790495639,payflow-postgres-exporter-1,0.00%,9.109MiB / 128MiB
1790495639,payflow-mongo-1,3.61%,211.9MiB / 1GiB
1790495639,payflow-postgres-1,31.12%,247.8MiB / 1GiB
1790495639,payflow-kafka-1,16.36%,567.2MiB / 1.5GiB
1790495639,payflow-keycloak-1,0.20%,751.4MiB / 10.7GiB
1790495639,payflow-settlement-rail-1,0.75%,32.61MiB / 256MiB
1790495639,payflow-grafana-1,0.92%,319.6MiB / 512MiB
1790495639,payflow-prometheus-1,1.16%,77.31MiB / 1GiB
1790495639,payflow-tempo-1,0.36%,155.7MiB / 1GiB
1790495639,k3d-tiny-url-serverlb,0.01%,26.21MiB / 10.7GiB
1790495639,k3d-tiny-url-server-0,12.04%,1.113GiB / 10.7GiB
1790495647,stupefied_keller,3.82%,25.21MiB / 10.7GiB
1790495647,payflow-payflow-1,71.71%,509.2MiB / 1.5GiB
1790495647,payflow-postgres-exporter-1,0.00%,9.492MiB / 128MiB
1790495647,payflow-mongo-1,55.32%,211.9MiB / 1GiB
1790495647,payflow-postgres-1,38.22%,247.6MiB / 1GiB
1790495647,payflow-kafka-1,17.18%,569.9MiB / 1.5GiB
1790495647,payflow-keycloak-1,0.17%,751.4MiB / 10.7GiB
1790495647,payflow-settlement-rail-1,0.93%,32.64MiB / 256MiB
1790495647,payflow-grafana-1,1.40%,319.6MiB / 512MiB
1790495647,payflow-prometheus-1,0.18%,77.31MiB / 1GiB
1790495647,payflow-tempo-1,0.26%,156.1MiB / 1GiB
1790495647,k3d-tiny-url-serverlb,0.00%,26.21MiB / 10.7GiB
1790495647,k3d-tiny-url-server-0,22.13%,1.113GiB / 10.7GiB
1790495654,stupefied_keller,3.84%,25.21MiB / 10.7GiB
1790495654,payflow-payflow-1,69.84%,509.4MiB / 1.5GiB
1790495654,payflow-postgres-exporter-1,0.00%,9.816MiB / 128MiB
1790495654,payflow-mongo-1,5.12%,212.2MiB / 1GiB
1790495654,payflow-postgres-1,37.14%,247.7MiB / 1GiB
1790495654,payflow-kafka-1,94.46%,620.8MiB / 1.5GiB
1790495654,payflow-keycloak-1,0.20%,751.4MiB / 10.7GiB
1790495654,payflow-settlement-rail-1,0.88%,32.68MiB / 256MiB
1790495654,payflow-grafana-1,1.29%,319.6MiB / 512MiB
1790495654,payflow-prometheus-1,0.30%,77.31MiB / 1GiB
1790495654,payflow-tempo-1,0.80%,156.1MiB / 1GiB
1790495654,k3d-tiny-url-serverlb,0.00%,26.21MiB / 10.7GiB
1790495654,k3d-tiny-url-server-0,12.59%,1.114GiB / 10.7GiB
1790495661,stupefied_keller,3.14%,25.68MiB / 10.7GiB
1790495661,payflow-payflow-1,54.64%,509.5MiB / 1.5GiB
1790495661,payflow-postgres-exporter-1,1.84%,8.965MiB / 128MiB
1790495661,payflow-mongo-1,3.65%,212.2MiB / 1GiB
1790495661,payflow-postgres-1,94.21%,266.2MiB / 1GiB
1790495661,payflow-kafka-1,186.88%,664.4MiB / 1.5GiB
1790495661,payflow-keycloak-1,0.17%,751.3MiB / 10.7GiB
1790495661,payflow-settlement-rail-1,0.81%,32.71MiB / 256MiB
1790495661,payflow-grafana-1,0.69%,319.6MiB / 512MiB
1790495661,payflow-prometheus-1,0.50%,77.31MiB / 1GiB
1790495661,payflow-tempo-1,0.73%,157.9MiB / 1GiB
1790495661,k3d-tiny-url-serverlb,0.01%,26.21MiB / 10.7GiB
1790495661,k3d-tiny-url-server-0,17.43%,1.114GiB / 10.7GiB
1790495668,stupefied_keller,2.88%,25.7MiB / 10.7GiB
1790495668,payflow-payflow-1,68.24%,509.8MiB / 1.5GiB
1790495668,payflow-postgres-exporter-1,0.00%,9.598MiB / 128MiB
1790495668,payflow-mongo-1,50.38%,212.2MiB / 1GiB
1790495668,payflow-postgres-1,30.62%,261.6MiB / 1GiB
1790495668,payflow-kafka-1,122.27%,573.8MiB / 1.5GiB
1790495668,payflow-keycloak-1,0.18%,751.3MiB / 10.7GiB
1790495668,payflow-settlement-rail-1,0.75%,32.73MiB / 256MiB
1790495668,payflow-grafana-1,1.27%,319.6MiB / 512MiB
1790495668,payflow-prometheus-1,0.58%,77.31MiB / 1GiB
1790495668,payflow-tempo-1,3.54%,157.9MiB / 1GiB
1790495668,k3d-tiny-url-serverlb,0.00%,26.21MiB / 10.7GiB
1790495668,k3d-tiny-url-server-0,9.29%,1.113GiB / 10.7GiB
1790495675,stupefied_keller,3.79%,25.71MiB / 10.7GiB
1790495675,payflow-payflow-1,64.16%,510.1MiB / 1.5GiB
1790495675,payflow-postgres-exporter-1,1.25%,9.02MiB / 128MiB
1790495675,payflow-mongo-1,4.53%,212.4MiB / 1GiB
1790495675,payflow-postgres-1,34.97%,261.3MiB / 1GiB
1790495675,payflow-kafka-1,30.87%,574.8MiB / 1.5GiB
1790495675,payflow-keycloak-1,0.16%,751.3MiB / 10.7GiB
1790495675,payflow-settlement-rail-1,0.91%,32.82MiB / 256MiB
1790495675,payflow-grafana-1,1.22%,319.6MiB / 512MiB
1790495675,payflow-prometheus-1,0.56%,77.32MiB / 1GiB
1790495675,payflow-tempo-1,0.80%,157.9MiB / 1GiB
1790495675,k3d-tiny-url-serverlb,0.01%,26.21MiB / 10.7GiB
1790495675,k3d-tiny-url-server-0,10.65%,1.114GiB / 10.7GiB
1790495683,stupefied_keller,4.20%,25.72MiB / 10.7GiB
1790495683,payflow-payflow-1,77.71%,510.6MiB / 1.5GiB
1790495683,payflow-postgres-exporter-1,0.00%,8.52MiB / 128MiB
1790495683,payflow-mongo-1,4.64%,211.9MiB / 1GiB
1790495683,payflow-postgres-1,35.45%,261.9MiB / 1GiB
1790495683,payflow-kafka-1,15.00%,575.9MiB / 1.5GiB
1790495683,payflow-keycloak-1,0.20%,751.3MiB / 10.7GiB
1790495683,payflow-settlement-rail-1,0.69%,32.84MiB / 256MiB
1790495683,payflow-grafana-1,1.24%,319.6MiB / 512MiB
1790495683,payflow-prometheus-1,0.61%,77.32MiB / 1GiB
1790495683,payflow-tempo-1,1.19%,158.2MiB / 1GiB
1790495683,k3d-tiny-url-serverlb,0.00%,26.21MiB / 10.7GiB
1790495683,k3d-tiny-url-server-0,10.42%,1.113GiB / 10.7GiB
1790495690,stupefied_keller,4.09%,25.73MiB / 10.7GiB
1790495690,payflow-payflow-1,74.41%,510.4MiB / 1.5GiB
1790495690,payflow-postgres-exporter-1,0.00%,9.309MiB / 128MiB
1790495690,payflow-mongo-1,18.85%,356.3MiB / 1GiB
1790495690,payflow-postgres-1,39.32%,262.2MiB / 1GiB
1790495690,payflow-kafka-1,17.54%,577.4MiB / 1.5GiB
1790495690,payflow-keycloak-1,0.24%,751.4MiB / 10.7GiB
1790495690,payflow-settlement-rail-1,0.81%,32.86MiB / 256MiB
1790495690,payflow-grafana-1,1.35%,319.6MiB / 512MiB
1790495690,payflow-prometheus-1,1.40%,77.37MiB / 1GiB
1790495690,payflow-tempo-1,0.35%,160.2MiB / 1GiB
1790495690,k3d-tiny-url-serverlb,0.00%,26.21MiB / 10.7GiB
1790495690,k3d-tiny-url-server-0,16.44%,1.114GiB / 10.7GiB
1790495697,stupefied_keller,3.60%,25.75MiB / 10.7GiB
1790495697,payflow-payflow-1,75.78%,510.8MiB / 1.5GiB
1790495697,payflow-postgres-exporter-1,0.00%,8.793MiB / 128MiB
1790495697,payflow-mongo-1,6.24%,211.9MiB / 1GiB
1790495697,payflow-postgres-1,43.26%,262.4MiB / 1GiB
1790495697,payflow-kafka-1,17.89%,579.1MiB / 1.5GiB
1790495697,payflow-keycloak-1,0.23%,751.4MiB / 10.7GiB
1790495697,payflow-settlement-rail-1,0.74%,33.16MiB / 256MiB
1790495697,payflow-grafana-1,1.09%,319.6MiB / 512MiB
1790495697,payflow-prometheus-1,0.32%,77.38MiB / 1GiB
1790495697,payflow-tempo-1,0.43%,160.2MiB / 1GiB
1790495697,k3d-tiny-url-serverlb,0.00%,26.21MiB / 10.7GiB
1790495697,k3d-tiny-url-server-0,16.97%,1.114GiB / 10.7GiB
1790495704,stupefied_keller,4.00%,25.74MiB / 10.7GiB
1790495704,payflow-payflow-1,65.98%,510.6MiB / 1.5GiB
1790495704,payflow-postgres-exporter-1,0.00%,9.309MiB / 128MiB
1790495704,payflow-mongo-1,4.01%,211.9MiB / 1GiB
1790495704,payflow-postgres-1,36.32%,262.1MiB / 1GiB
1790495704,payflow-kafka-1,14.21%,580.2MiB / 1.5GiB
1790495704,payflow-keycloak-1,0.21%,751.4MiB / 10.7GiB
1790495704,payflow-settlement-rail-1,0.89%,32.94MiB / 256MiB
1790495704,payflow-grafana-1,1.08%,319.6MiB / 512MiB
1790495704,payflow-prometheus-1,0.49%,77.38MiB / 1GiB
1790495704,payflow-tempo-1,0.33%,158.5MiB / 1GiB
1790495704,k3d-tiny-url-serverlb,0.00%,26.21MiB / 10.7GiB
1790495704,k3d-tiny-url-server-0,10.37%,1.114GiB / 10.7GiB
1790495711,stupefied_keller,6.60%,25.74MiB / 10.7GiB
1790495711,payflow-payflow-1,66.70%,510.9MiB / 1.5GiB
1790495711,payflow-postgres-exporter-1,1.59%,9.43MiB / 128MiB
1790495711,payflow-mongo-1,3.75%,211.9MiB / 1GiB
1790495711,payflow-postgres-1,33.78%,262.9MiB / 1GiB
1790495711,payflow-kafka-1,16.21%,581.6MiB / 1.5GiB
1790495711,payflow-keycloak-1,0.23%,751.4MiB / 10.7GiB
1790495711,payflow-settlement-rail-1,0.65%,32.98MiB / 256MiB
1790495711,payflow-grafana-1,1.00%,319.6MiB / 512MiB
1790495711,payflow-prometheus-1,0.24%,77.38MiB / 1GiB
1790495711,payflow-tempo-1,0.38%,158.6MiB / 1GiB
1790495711,k3d-tiny-url-serverlb,0.03%,26.21MiB / 10.7GiB
1790495711,k3d-tiny-url-server-0,9.94%,1.114GiB / 10.7GiB
1790495719,stupefied_keller,4.75%,25.76MiB / 10.7GiB
1790495719,payflow-payflow-1,82.33%,511.1MiB / 1.5GiB
1790495719,payflow-postgres-exporter-1,0.00%,8.762MiB / 128MiB
1790495719,payflow-mongo-1,16.18%,212MiB / 1GiB
1790495719,payflow-postgres-1,42.89%,263.1MiB / 1GiB
1790495719,payflow-kafka-1,17.98%,583.3MiB / 1.5GiB
1790495719,payflow-keycloak-1,0.23%,751.3MiB / 10.7GiB
1790495719,payflow-settlement-rail-1,1.00%,33MiB / 256MiB
1790495719,payflow-grafana-1,1.19%,319.6MiB / 512MiB
1790495719,payflow-prometheus-1,0.25%,77.38MiB / 1GiB
1790495719,payflow-tempo-1,1.23%,158.6MiB / 1GiB
1790495719,k3d-tiny-url-serverlb,0.00%,26.21MiB / 10.7GiB
1790495719,k3d-tiny-url-server-0,12.64%,1.114GiB / 10.7GiB
1790495726,stupefied_keller,4.29%,25.76MiB / 10.7GiB
1790495726,payflow-payflow-1,73.06%,511.8MiB / 1.5GiB
1790495726,payflow-postgres-exporter-1,0.00%,9.168MiB / 128MiB
1790495726,payflow-mongo-1,4.76%,212MiB / 1GiB
1790495726,payflow-postgres-1,44.21%,275.7MiB / 1GiB
1790495726,payflow-kafka-1,15.33%,584.1MiB / 1.5GiB
1790495726,payflow-keycloak-1,0.20%,751.3MiB / 10.7GiB
1790495726,payflow-settlement-rail-1,0.65%,34.41MiB / 256MiB
1790495726,payflow-grafana-1,1.24%,319.6MiB / 512MiB
1790495726,payflow-prometheus-1,0.71%,77.38MiB / 1GiB
1790495726,payflow-tempo-1,0.72%,158.6MiB / 1GiB
1790495726,k3d-tiny-url-serverlb,0.00%,26.21MiB / 10.7GiB
1790495726,k3d-tiny-url-server-0,11.88%,1.114GiB / 10.7GiB
1790495733,stupefied_keller,5.53%,25.76MiB / 10.7GiB
1790495733,payflow-payflow-1,77.66%,511.5MiB / 1.5GiB
1790495733,payflow-postgres-exporter-1,0.00%,8.645MiB / 128MiB
1790495733,payflow-mongo-1,4.36%,212.3MiB / 1GiB
1790495733,payflow-postgres-1,36.57%,275.7MiB / 1GiB
1790495733,payflow-kafka-1,53.65%,617.9MiB / 1.5GiB
1790495733,payflow-keycloak-1,0.22%,751.3MiB / 10.7GiB
1790495733,payflow-settlement-rail-1,0.95%,33.1MiB / 256MiB
1790495733,payflow-grafana-1,0.94%,319.6MiB / 512MiB
1790495733,payflow-prometheus-1,0.74%,77.38MiB / 1GiB
1790495733,payflow-tempo-1,1.09%,157.9MiB / 1GiB
1790495733,k3d-tiny-url-serverlb,0.00%,26.21MiB / 10.7GiB
1790495733,k3d-tiny-url-server-0,9.26%,1.114GiB / 10.7GiB
1790495740,stupefied_keller,3.28%,25.78MiB / 10.7GiB
1790495740,payflow-payflow-1,56.13%,511.7MiB / 1.5GiB
1790495740,payflow-postgres-exporter-1,1.40%,8.703MiB / 128MiB
1790495740,payflow-mongo-1,50.03%,212.7MiB / 1GiB
1790495740,payflow-postgres-1,31.83%,275.6MiB / 1GiB
1790495740,payflow-kafka-1,160.18%,672.3MiB / 1.5GiB
1790495740,payflow-keycloak-1,10.20%,751.9MiB / 10.7GiB
1790495740,payflow-settlement-rail-1,0.73%,33.62MiB / 256MiB
1790495740,payflow-grafana-1,0.74%,319.6MiB / 512MiB
1790495740,payflow-prometheus-1,1.02%,77.39MiB / 1GiB
1790495740,payflow-tempo-1,0.27%,157.9MiB / 1GiB
1790495740,k3d-tiny-url-serverlb,0.01%,26.21MiB / 10.7GiB
1790495740,k3d-tiny-url-server-0,9.77%,1.114GiB / 10.7GiB
1790495748,stupefied_keller,3.26%,25.78MiB / 10.7GiB
1790495748,payflow-payflow-1,56.29%,511.9MiB / 1.5GiB
1790495748,payflow-postgres-exporter-1,0.00%,9.586MiB / 128MiB
1790495748,payflow-mongo-1,3.47%,212.7MiB / 1GiB
1790495748,payflow-postgres-1,33.15%,275.6MiB / 1GiB
1790495748,payflow-kafka-1,147.43%,696.3MiB / 1.5GiB
1790495748,payflow-keycloak-1,2.72%,752MiB / 10.7GiB
1790495748,payflow-settlement-rail-1,0.75%,33.16MiB / 256MiB
1790495748,payflow-grafana-1,0.97%,319.6MiB / 512MiB
1790495748,payflow-prometheus-1,0.85%,77.39MiB / 1GiB
1790495748,payflow-tempo-1,0.49%,158MiB / 1GiB
1790495748,k3d-tiny-url-serverlb,0.00%,26.21MiB / 10.7GiB
1790495748,k3d-tiny-url-server-0,8.26%,1.114GiB / 10.7GiB
1790495755,stupefied_keller,3.18%,25.99MiB / 10.7GiB
1790495755,payflow-payflow-1,71.75%,512MiB / 1.5GiB
1790495755,payflow-postgres-exporter-1,0.00%,9.512MiB / 128MiB
1790495755,payflow-mongo-1,4.71%,212.7MiB / 1GiB
1790495755,payflow-postgres-1,37.38%,276.2MiB / 1GiB
1790495755,payflow-kafka-1,49.36%,590.1MiB / 1.5GiB
1790495755,payflow-keycloak-1,0.21%,752MiB / 10.7GiB
1790495755,payflow-settlement-rail-1,0.87%,33.54MiB / 256MiB
1790495755,payflow-grafana-1,1.52%,319.6MiB / 512MiB
1790495755,payflow-prometheus-1,1.97%,77.39MiB / 1GiB
1790495755,payflow-tempo-1,0.39%,158MiB / 1GiB
1790495755,k3d-tiny-url-serverlb,0.02%,26.21MiB / 10.7GiB
1790495755,k3d-tiny-url-server-0,11.09%,1.116GiB / 10.7GiB
1790495762,stupefied_keller,4.45%,26MiB / 10.7GiB
1790495762,payflow-payflow-1,74.05%,512.2MiB / 1.5GiB
1790495762,payflow-postgres-exporter-1,0.03%,8.547MiB / 128MiB
1790495762,payflow-mongo-1,50.13%,212.7MiB / 1GiB
1790495762,payflow-postgres-1,37.61%,276.6MiB / 1GiB
1790495762,payflow-kafka-1,17.58%,592.4MiB / 1.5GiB
1790495762,payflow-keycloak-1,0.23%,752MiB / 10.7GiB
1790495762,payflow-settlement-rail-1,1.03%,33.24MiB / 256MiB
1790495762,payflow-grafana-1,1.19%,319.6MiB / 512MiB
1790495762,payflow-prometheus-1,0.17%,77.39MiB / 1GiB
1790495762,payflow-tempo-1,1.01%,157.8MiB / 1GiB
1790495762,k3d-tiny-url-serverlb,0.02%,26.21MiB / 10.7GiB
1790495762,k3d-tiny-url-server-0,16.05%,1.116GiB / 10.7GiB
1790495769,stupefied_keller,3.75%,26MiB / 10.7GiB
1790495769,payflow-payflow-1,69.01%,512.2MiB / 1.5GiB
1790495769,payflow-postgres-exporter-1,0.00%,8.598MiB / 128MiB
1790495769,payflow-mongo-1,4.88%,212.5MiB / 1GiB
1790495769,payflow-postgres-1,35.26%,276.4MiB / 1GiB
1790495769,payflow-kafka-1,16.48%,593.3MiB / 1.5GiB
1790495769,payflow-keycloak-1,0.34%,751.9MiB / 10.7GiB
1790495769,payflow-settlement-rail-1,0.87%,33.27MiB / 256MiB
1790495769,payflow-grafana-1,1.03%,319.6MiB / 512MiB
1790495769,payflow-prometheus-1,0.24%,77.39MiB / 1GiB
1790495769,payflow-tempo-1,1.72%,157.8MiB / 1GiB
1790495769,k3d-tiny-url-serverlb,0.02%,26.21MiB / 10.7GiB
1790495769,k3d-tiny-url-server-0,9.48%,1.116GiB / 10.7GiB
1790495777,stupefied_keller,5.46%,26MiB / 10.7GiB
1790495777,payflow-payflow-1,88.89%,512.4MiB / 1.5GiB
1790495777,payflow-postgres-exporter-1,0.00%,9.484MiB / 128MiB
1790495777,payflow-mongo-1,6.68%,212.5MiB / 1GiB
1790495777,payflow-postgres-1,45.92%,277.1MiB / 1GiB
1790495777,payflow-kafka-1,20.95%,594.5MiB / 1.5GiB
1790495777,payflow-keycloak-1,0.26%,751.9MiB / 10.7GiB
1790495777,payflow-settlement-rail-1,1.13%,33.31MiB / 256MiB
1790495777,payflow-grafana-1,1.07%,319.6MiB / 512MiB
1790495777,payflow-prometheus-1,0.21%,77.4MiB / 1GiB
1790495777,payflow-tempo-1,0.28%,157.8MiB / 1GiB
1790495777,k3d-tiny-url-serverlb,0.02%,26.21MiB / 10.7GiB
1790495777,k3d-tiny-url-server-0,10.04%,1.115GiB / 10.7GiB
1790495784,stupefied_keller,4.53%,26MiB / 10.7GiB
1790495784,payflow-payflow-1,61.44%,512.5MiB / 1.5GiB
1790495784,payflow-postgres-exporter-1,0.00%,9.047MiB / 128MiB
1790495784,payflow-mongo-1,23.36%,357.2MiB / 1GiB
1790495784,payflow-postgres-1,37.71%,334.6MiB / 1GiB
1790495784,payflow-kafka-1,15.81%,604.5MiB / 1.5GiB
1790495784,payflow-keycloak-1,0.23%,751.8MiB / 10.7GiB
1790495784,payflow-settlement-rail-1,0.57%,33.35MiB / 256MiB
1790495784,payflow-grafana-1,1.09%,319.6MiB / 512MiB
1790495784,payflow-prometheus-1,0.18%,77.4MiB / 1GiB
1790495784,payflow-tempo-1,0.44%,157.8MiB / 1GiB
1790495784,k3d-tiny-url-serverlb,0.03%,26.21MiB / 10.7GiB
1790495784,k3d-tiny-url-server-0,9.52%,1.116GiB / 10.7GiB
1790495791,stupefied_keller,3.67%,26.01MiB / 10.7GiB
1790495791,payflow-payflow-1,72.35%,512.7MiB / 1.5GiB
1790495791,payflow-postgres-exporter-1,1.58%,9.676MiB / 128MiB
1790495791,payflow-mongo-1,4.59%,214.7MiB / 1GiB
1790495791,payflow-postgres-1,42.11%,334.7MiB / 1GiB
1790495791,payflow-kafka-1,16.04%,597.7MiB / 1.5GiB
1790495791,payflow-keycloak-1,0.29%,751.8MiB / 10.7GiB
1790495791,payflow-settlement-rail-1,0.83%,33.36MiB / 256MiB
1790495791,payflow-grafana-1,0.94%,319.6MiB / 512MiB
1790495791,payflow-prometheus-1,0.50%,77.4MiB / 1GiB
1790495791,payflow-tempo-1,0.29%,157.8MiB / 1GiB
1790495791,k3d-tiny-url-serverlb,0.00%,26.21MiB / 10.7GiB
1790495791,k3d-tiny-url-server-0,9.88%,1.115GiB / 10.7GiB
1790495798,stupefied_keller,5.06%,26.64MiB / 10.7GiB
1790495798,payflow-payflow-1,96.35%,512.9MiB / 1.5GiB
1790495798,payflow-postgres-exporter-1,0.00%,8.754MiB / 128MiB
1790495798,payflow-mongo-1,5.68%,215MiB / 1GiB
1790495798,payflow-postgres-1,52.00%,335.7MiB / 1GiB
1790495798,payflow-kafka-1,22.24%,598.8MiB / 1.5GiB
1790495798,payflow-keycloak-1,0.31%,751.8MiB / 10.7GiB
1790495798,payflow-settlement-rail-1,0.96%,33.39MiB / 256MiB
1790495798,payflow-grafana-1,1.76%,319.6MiB / 512MiB
1790495798,payflow-prometheus-1,1.00%,77.4MiB / 1GiB
1790495798,payflow-tempo-1,3.25%,152.6MiB / 1GiB
1790495798,k3d-tiny-url-serverlb,0.02%,26.21MiB / 10.7GiB
1790495798,k3d-tiny-url-server-0,15.80%,1.116GiB / 10.7GiB
1790495805,stupefied_keller,5.06%,26.65MiB / 10.7GiB
1790495805,payflow-payflow-1,86.73%,513.2MiB / 1.5GiB
1790495805,payflow-postgres-exporter-1,2.60%,9.387MiB / 128MiB
1790495805,payflow-mongo-1,5.86%,215MiB / 1GiB
1790495805,payflow-postgres-1,50.13%,335.2MiB / 1GiB
1790495805,payflow-kafka-1,20.38%,600.8MiB / 1.5GiB
1790495805,payflow-keycloak-1,0.25%,751.8MiB / 10.7GiB
1790495805,payflow-settlement-rail-1,1.02%,33.45MiB / 256MiB
1790495805,payflow-grafana-1,1.19%,319.6MiB / 512MiB
1790495805,payflow-prometheus-1,0.59%,77.46MiB / 1GiB
1790495805,payflow-tempo-1,0.30%,152.4MiB / 1GiB
1790495805,k3d-tiny-url-serverlb,0.00%,26.21MiB / 10.7GiB
1790495805,k3d-tiny-url-server-0,15.82%,1.116GiB / 10.7GiB
1790495813,stupefied_keller,3.48%,26.66MiB / 10.7GiB
1790495813,payflow-payflow-1,64.20%,513.3MiB / 1.5GiB
1790495813,payflow-postgres-exporter-1,0.00%,9.582MiB / 128MiB
1790495813,payflow-mongo-1,41.96%,215MiB / 1GiB
1790495813,payflow-postgres-1,32.69%,335.2MiB / 1GiB
1790495813,payflow-kafka-1,14.81%,602MiB / 1.5GiB
1790495813,payflow-keycloak-1,0.19%,751.9MiB / 10.7GiB
1790495813,payflow-settlement-rail-1,0.75%,33.48MiB / 256MiB
1790495813,payflow-grafana-1,0.95%,319.6MiB / 512MiB
1790495813,payflow-prometheus-1,0.65%,77.46MiB / 1GiB
1790495813,payflow-tempo-1,0.39%,152.2MiB / 1GiB
1790495813,k3d-tiny-url-serverlb,0.01%,26.21MiB / 10.7GiB
1790495813,k3d-tiny-url-server-0,9.76%,1.116GiB / 10.7GiB
1790495820,stupefied_keller,3.82%,26.66MiB / 10.7GiB
1790495820,payflow-payflow-1,69.94%,513.6MiB / 1.5GiB
1790495820,payflow-postgres-exporter-1,0.00%,8.695MiB / 128MiB
1790495820,payflow-mongo-1,4.56%,215MiB / 1GiB
1790495820,payflow-postgres-1,35.47%,335.3MiB / 1GiB
1790495820,payflow-kafka-1,15.30%,603.2MiB / 1.5GiB
1790495820,payflow-keycloak-1,0.19%,751.9MiB / 10.7GiB
1790495820,payflow-settlement-rail-1,0.89%,33.52MiB / 256MiB
1790495820,payflow-grafana-1,1.14%,319.6MiB / 512MiB
1790495820,payflow-prometheus-1,0.81%,77.47MiB / 1GiB
1790495820,payflow-tempo-1,0.29%,152.3MiB / 1GiB
1790495820,k3d-tiny-url-serverlb,0.00%,26.21MiB / 10.7GiB
1790495820,k3d-tiny-url-server-0,14.24%,1.114GiB / 10.7GiB
1790495827,stupefied_keller,4.96%,26.83MiB / 10.7GiB
1790495827,payflow-payflow-1,57.57%,513.7MiB / 1.5GiB
1790495827,payflow-postgres-exporter-1,0.00%,8.711MiB / 128MiB
1790495827,payflow-mongo-1,4.26%,214.8MiB / 1GiB
1790495827,payflow-postgres-1,50.19%,335.8MiB / 1GiB
1790495827,payflow-kafka-1,108.62%,663.2MiB / 1.5GiB
1790495827,payflow-keycloak-1,0.19%,751.9MiB / 10.7GiB
1790495827,payflow-settlement-rail-1,0.66%,33.54MiB / 256MiB
1790495827,payflow-grafana-1,0.92%,319.6MiB / 512MiB
1790495827,payflow-prometheus-1,0.19%,77.47MiB / 1GiB
1790495827,payflow-tempo-1,0.25%,153.7MiB / 1GiB
1790495827,k3d-tiny-url-serverlb,0.00%,26.21MiB / 10.7GiB
1790495827,k3d-tiny-url-server-0,10.58%,1.115GiB / 10.7GiB
1790495834,stupefied_keller,2.94%,26.83MiB / 10.7GiB
1790495834,payflow-payflow-1,60.36%,514MiB / 1.5GiB
1790495834,payflow-postgres-exporter-1,0.00%,9.43MiB / 128MiB
1790495834,payflow-mongo-1,53.22%,214.8MiB / 1GiB
1790495834,payflow-postgres-1,49.74%,336.6MiB / 1GiB
1790495834,payflow-kafka-1,38.90%,608.9MiB / 1.5GiB
1790495834,payflow-keycloak-1,0.15%,751.9MiB / 10.7GiB
1790495834,payflow-settlement-rail-1,0.74%,33.57MiB / 256MiB
1790495834,payflow-grafana-1,0.85%,319.6MiB / 512MiB
1790495834,payflow-prometheus-1,0.55%,77.47MiB / 1GiB
1790495834,payflow-tempo-1,1.84%,155.1MiB / 1GiB
1790495834,k3d-tiny-url-serverlb,0.01%,26.21MiB / 10.7GiB
1790495834,k3d-tiny-url-server-0,12.47%,1.115GiB / 10.7GiB
1790495842,stupefied_keller,4.53%,26.37MiB / 10.7GiB
1790495842,payflow-payflow-1,65.83%,514.1MiB / 1.5GiB
1790495842,payflow-postgres-exporter-1,0.00%,9.355MiB / 128MiB
1790495842,payflow-mongo-1,35.60%,214.8MiB / 1GiB
1790495842,payflow-postgres-1,110.44%,368.2MiB / 1GiB
1790495842,payflow-kafka-1,113.74%,609.4MiB / 1.5GiB
1790495842,payflow-keycloak-1,0.18%,751.8MiB / 10.7GiB
1790495842,payflow-settlement-rail-1,1.00%,33.65MiB / 256MiB
1790495842,payflow-grafana-1,0.76%,319.6MiB / 512MiB
1790495842,payflow-prometheus-1,0.16%,77.47MiB / 1GiB
1790495842,payflow-tempo-1,0.71%,155.5MiB / 1GiB
1790495842,k3d-tiny-url-serverlb,0.00%,26.21MiB / 10.7GiB
1790495842,k3d-tiny-url-server-0,12.84%,1.116GiB / 10.7GiB
1790495849,stupefied_keller,4.93%,26.37MiB / 10.7GiB
1790495849,payflow-payflow-1,82.84%,514.2MiB / 1.5GiB
1790495849,payflow-postgres-exporter-1,0.00%,9.578MiB / 128MiB
1790495849,payflow-mongo-1,6.13%,214.8MiB / 1GiB
1790495849,payflow-postgres-1,43.23%,339.9MiB / 1GiB
1790495849,payflow-kafka-1,47.32%,611.2MiB / 1.5GiB
1790495849,payflow-keycloak-1,0.28%,751.8MiB / 10.7GiB
1790495849,payflow-settlement-rail-1,0.65%,33.75MiB / 256MiB
1790495849,payflow-grafana-1,1.38%,319.6MiB / 512MiB
1790495849,payflow-prometheus-1,0.34%,77.47MiB / 1GiB
1790495849,payflow-tempo-1,3.46%,155.3MiB / 1GiB
1790495849,k3d-tiny-url-serverlb,0.00%,26.21MiB / 10.7GiB
1790495849,k3d-tiny-url-server-0,13.27%,1.114GiB / 10.7GiB
1790495856,stupefied_keller,4.50%,26.38MiB / 10.7GiB
1790495856,payflow-payflow-1,77.44%,514.5MiB / 1.5GiB
1790495856,payflow-postgres-exporter-1,1.77%,9.664MiB / 128MiB
1790495856,payflow-mongo-1,7.20%,225.7MiB / 1GiB
1790495856,payflow-postgres-1,45.30%,340.7MiB / 1GiB
1790495856,payflow-kafka-1,17.22%,610.6MiB / 1.5GiB
1790495856,payflow-keycloak-1,0.25%,751.8MiB / 10.7GiB
1790495856,payflow-settlement-rail-1,0.75%,34.34MiB / 256MiB
1790495856,payflow-grafana-1,1.12%,319.6MiB / 512MiB
1790495856,payflow-prometheus-1,0.48%,77.48MiB / 1GiB
1790495856,payflow-tempo-1,0.34%,155.3MiB / 1GiB
1790495856,k3d-tiny-url-serverlb,0.00%,26.21MiB / 10.7GiB
1790495856,k3d-tiny-url-server-0,11.09%,1.115GiB / 10.7GiB
1790495863,payflow-payflow-1,8.06%,514.5MiB / 1.5GiB
1790495863,payflow-postgres-exporter-1,0.00%,9.371MiB / 128MiB
1790495863,payflow-mongo-1,41.59%,214.9MiB / 1GiB
1790495863,payflow-postgres-1,2.11%,340.8MiB / 1GiB
1790495863,payflow-kafka-1,3.83%,610.9MiB / 1.5GiB
1790495863,payflow-keycloak-1,0.30%,751.8MiB / 10.7GiB
1790495863,payflow-settlement-rail-1,0.02%,34.04MiB / 256MiB
1790495863,payflow-grafana-1,1.58%,319.6MiB / 512MiB
1790495863,payflow-prometheus-1,1.04%,77.48MiB / 1GiB
1790495863,payflow-tempo-1,0.50%,155.4MiB / 1GiB
1790495863,k3d-tiny-url-serverlb,0.00%,26.21MiB / 10.7GiB
1790495863,k3d-tiny-url-server-0,13.80%,1.115GiB / 10.7GiB
1790495870,payflow-payflow-1,5.82%,514.5MiB / 1.5GiB
1790495870,payflow-postgres-exporter-1,2.14%,9.434MiB / 128MiB
1790495870,payflow-mongo-1,0.68%,214.8MiB / 1GiB
1790495870,payflow-postgres-1,5.17%,341.2MiB / 1GiB
1790495870,payflow-kafka-1,3.35%,611.8MiB / 1.5GiB
1790495870,payflow-keycloak-1,0.25%,751.9MiB / 10.7GiB
1790495870,payflow-settlement-rail-1,0.02%,34.04MiB / 256MiB
1790495870,payflow-grafana-1,1.31%,319.6MiB / 512MiB
1790495870,payflow-prometheus-1,0.57%,77.48MiB / 1GiB
1790495870,payflow-tempo-1,0.36%,156.6MiB / 1GiB
1790495870,k3d-tiny-url-serverlb,0.02%,26.21MiB / 10.7GiB
1790495870,k3d-tiny-url-server-0,13.91%,1.116GiB / 10.7GiB
1790495878,payflow-payflow-1,9.85%,514.5MiB / 1.5GiB
1790495878,payflow-postgres-exporter-1,0.00%,8.836MiB / 128MiB
1790495878,payflow-mongo-1,0.75%,214.8MiB / 1GiB
1790495878,payflow-postgres-1,2.14%,340.7MiB / 1GiB
1790495878,payflow-kafka-1,4.55%,611.8MiB / 1.5GiB
1790495878,payflow-keycloak-1,0.28%,751.9MiB / 10.7GiB
1790495878,payflow-settlement-rail-1,0.02%,34.04MiB / 256MiB
1790495878,payflow-grafana-1,1.95%,319.6MiB / 512MiB
1790495878,payflow-prometheus-1,0.83%,77.48MiB / 1GiB
1790495878,payflow-tempo-1,0.56%,156.6MiB / 1GiB
1790495878,k3d-tiny-url-serverlb,0.00%,26.21MiB / 10.7GiB
1790495878,k3d-tiny-url-server-0,18.30%,1.108GiB / 10.7GiB
1790495885,payflow-payflow-1,8.56%,514.5MiB / 1.5GiB
1790495885,payflow-postgres-exporter-1,0.00%,8.91MiB / 128MiB
1790495885,payflow-mongo-1,3.18%,215.1MiB / 1GiB
1790495885,payflow-postgres-1,6.11%,340.9MiB / 1GiB
1790495885,payflow-kafka-1,4.98%,611.8MiB / 1.5GiB
1790495885,payflow-keycloak-1,0.27%,751.9MiB / 10.7GiB
1790495885,payflow-settlement-rail-1,0.02%,34.04MiB / 256MiB
1790495885,payflow-grafana-1,1.38%,319.6MiB / 512MiB
1790495885,payflow-prometheus-1,0.86%,77.48MiB / 1GiB
1790495885,payflow-tempo-1,0.54%,156.6MiB / 1GiB
1790495885,k3d-tiny-url-serverlb,0.03%,26.21MiB / 10.7GiB
1790495885,k3d-tiny-url-server-0,14.91%,1.107GiB / 10.7GiB
