1790488879,payflow-payflow-1,199.10%,431.4MiB / 1.5GiB
1790488879,payflow-postgres-exporter-1,0.00%,8.027MiB / 128MiB
1790488879,payflow-postgres-1,12.94%,84.34MiB / 1GiB
1790488879,payflow-keycloak-1,20.83%,682.7MiB / 10.7GiB
1790488879,payflow-mongo-1,0.61%,201.3MiB / 1GiB
1790488879,payflow-kafka-1,104.59%,469.5MiB / 1.5GiB
1790488879,payflow-grafana-1,0.99%,320MiB / 512MiB
1790488879,payflow-prometheus-1,0.22%,79.29MiB / 1GiB
1790488879,payflow-tempo-1,0.23%,96.22MiB / 1GiB
1790488879,k3d-tiny-url-serverlb,0.03%,26.13MiB / 10.7GiB
1790488879,k3d-tiny-url-server-0,7.77%,1024MiB / 10.7GiB
1790488879,sleepy_poitras,2.98%,13.15MiB / 10.7GiB
1790488886,sleepy_poitras,1.37%,14.33MiB / 10.7GiB
1790488886,payflow-payflow-1,155.47%,453.1MiB / 1.5GiB
1790488886,payflow-postgres-exporter-1,1.90%,7.633MiB / 128MiB
1790488886,payflow-postgres-1,15.89%,88.84MiB / 1GiB
1790488886,payflow-keycloak-1,0.24%,684.7MiB / 10.7GiB
1790488886,payflow-mongo-1,1.49%,201.6MiB / 1GiB
1790488886,payflow-kafka-1,114.32%,499.5MiB / 1.5GiB
1790488886,payflow-grafana-1,0.96%,320MiB / 512MiB
1790488886,payflow-prometheus-1,0.79%,75.52MiB / 1GiB
1790488886,payflow-tempo-1,0.21%,97.05MiB / 1GiB
1790488886,k3d-tiny-url-serverlb,0.01%,26.13MiB / 10.7GiB
1790488886,k3d-tiny-url-server-0,9.41%,1GiB / 10.7GiB
1790488893,sleepy_poitras,1.05%,14.96MiB / 10.7GiB
1790488893,payflow-payflow-1,95.42%,485.3MiB / 1.5GiB
1790488893,payflow-postgres-exporter-1,0.00%,7.141MiB / 128MiB
1790488893,payflow-postgres-1,13.30%,90.69MiB / 1GiB
1790488893,payflow-keycloak-1,0.33%,684.8MiB / 10.7GiB
1790488893,payflow-mongo-1,1.37%,202.1MiB / 1GiB
1790488893,payflow-kafka-1,175.54%,556.1MiB / 1.5GiB
1790488893,payflow-grafana-1,0.83%,320MiB / 512MiB
1790488893,payflow-prometheus-1,0.19%,76.07MiB / 1GiB
1790488893,payflow-tempo-1,0.40%,97.06MiB / 1GiB
1790488893,k3d-tiny-url-serverlb,0.01%,26.13MiB / 10.7GiB
1790488893,k3d-tiny-url-server-0,7.93%,1023MiB / 10.7GiB
1790488901,sleepy_poitras,1.42%,15.39MiB / 10.7GiB
1790488901,payflow-payflow-1,55.02%,491.1MiB / 1.5GiB
1790488901,payflow-postgres-exporter-1,1.39%,7.234MiB / 128MiB
1790488901,payflow-postgres-1,13.43%,93.79MiB / 1GiB
1790488901,payflow-keycloak-1,0.22%,684.8MiB / 10.7GiB
1790488901,payflow-mongo-1,1.07%,202.9MiB / 1GiB
1790488901,payflow-kafka-1,145.40%,575.4MiB / 1.5GiB
1790488901,payflow-grafana-1,1.13%,320MiB / 512MiB
1790488901,payflow-prometheus-1,0.38%,76.1MiB / 1GiB
1790488901,payflow-tempo-1,0.27%,97.26MiB / 1GiB
1790488901,k3d-tiny-url-serverlb,0.00%,26.13MiB / 10.7GiB
1790488901,k3d-tiny-url-server-0,7.51%,1023MiB / 10.7GiB
1790488908,sleepy_poitras,1.74%,15.88MiB / 10.7GiB
1790488908,payflow-payflow-1,71.55%,494.7MiB / 1.5GiB
1790488908,payflow-postgres-exporter-1,0.00%,8.07MiB / 128MiB
1790488908,payflow-postgres-1,13.35%,94.74MiB / 1GiB
1790488908,payflow-keycloak-1,1.74%,684.8MiB / 10.7GiB
1790488908,payflow-mongo-1,0.85%,203.2MiB / 1GiB
1790488908,payflow-kafka-1,45.86%,473.5MiB / 1.5GiB
1790488908,payflow-grafana-1,1.20%,320MiB / 512MiB
1790488908,payflow-prometheus-1,1.43%,76.11MiB / 1GiB
1790488908,payflow-tempo-1,0.44%,97.26MiB / 1GiB
1790488908,k3d-tiny-url-serverlb,0.00%,26.13MiB / 10.7GiB
1790488908,k3d-tiny-url-server-0,10.81%,1024MiB / 10.7GiB
1790488915,sleepy_poitras,1.40%,16.46MiB / 10.7GiB
1790488915,payflow-payflow-1,87.89%,498.4MiB / 1.5GiB
1790488915,payflow-postgres-exporter-1,0.00%,7.898MiB / 128MiB
1790488915,payflow-postgres-1,9.91%,95.95MiB / 1GiB
1790488915,payflow-keycloak-1,0.24%,685.3MiB / 10.7GiB
1790488915,payflow-mongo-1,20.43%,203.3MiB / 1GiB
1790488915,payflow-kafka-1,16.61%,473.5MiB / 1.5GiB
1790488915,payflow-grafana-1,1.44%,320MiB / 512MiB
1790488915,payflow-prometheus-1,3.65%,66.02MiB / 1GiB
1790488915,payflow-tempo-1,0.64%,97.56MiB / 1GiB
1790488915,k3d-tiny-url-serverlb,0.01%,26.13MiB / 10.7GiB
1790488915,k3d-tiny-url-server-0,10.19%,1GiB / 10.7GiB
1790488922,sleepy_poitras,1.46%,16.76MiB / 10.7GiB
1790488922,payflow-payflow-1,55.36%,501.4MiB / 1.5GiB
1790488922,payflow-postgres-exporter-1,1.17%,7.598MiB / 128MiB
1790488922,payflow-postgres-1,9.33%,96.75MiB / 1GiB
1790488922,payflow-keycloak-1,0.26%,685.2MiB / 10.7GiB
1790488922,payflow-mongo-1,1.53%,203.3MiB / 1GiB
1790488922,payflow-kafka-1,15.71%,474.1MiB / 1.5GiB
1790488922,payflow-grafana-1,1.29%,320MiB / 512MiB
1790488922,payflow-prometheus-1,0.25%,66.07MiB / 1GiB
1790488922,payflow-tempo-1,0.38%,98.42MiB / 1GiB
1790488922,k3d-tiny-url-serverlb,0.00%,26.13MiB / 10.7GiB
1790488922,k3d-tiny-url-server-0,11.38%,1023MiB / 10.7GiB
1790488929,sleepy_poitras,1.42%,16.95MiB / 10.7GiB
1790488929,payflow-payflow-1,57.28%,504.2MiB / 1.5GiB
1790488929,payflow-postgres-exporter-1,0.00%,7.254MiB / 128MiB
1790488929,payflow-postgres-1,9.68%,97.55MiB / 1GiB
1790488929,payflow-keycloak-1,0.29%,685.3MiB / 10.7GiB
1790488929,payflow-mongo-1,1.23%,203.2MiB / 1GiB
1790488929,payflow-kafka-1,39.97%,483.9MiB / 1.5GiB
1790488929,payflow-grafana-1,1.15%,320MiB / 512MiB
1790488929,payflow-prometheus-1,0.83%,66.13MiB / 1GiB
1790488929,payflow-tempo-1,0.86%,98.46MiB / 1GiB
1790488929,k3d-tiny-url-serverlb,0.04%,26.13MiB / 10.7GiB
1790488929,k3d-tiny-url-server-0,11.17%,1024MiB / 10.7GiB
1790488937,sleepy_poitras,1.21%,17.07MiB / 10.7GiB
1790488937,payflow-payflow-1,50.37%,505.9MiB / 1.5GiB
1790488937,payflow-postgres-exporter-1,0.00%,7.66MiB / 128MiB
1790488937,payflow-postgres-1,14.54%,98.09MiB / 1GiB
1790488937,payflow-keycloak-1,0.24%,685.3MiB / 10.7GiB
1790488937,payflow-mongo-1,36.43%,203.4MiB / 1GiB
1790488937,payflow-kafka-1,18.02%,476.6MiB / 1.5GiB
1790488937,payflow-grafana-1,1.25%,320MiB / 512MiB
1790488937,payflow-prometheus-1,0.23%,66.14MiB / 1GiB
1790488937,payflow-tempo-1,0.27%,98.48MiB / 1GiB
1790488937,k3d-tiny-url-serverlb,0.04%,26.13MiB / 10.7GiB
1790488937,k3d-tiny-url-server-0,10.50%,1024MiB / 10.7GiB
1790488944,sleepy_poitras,1.79%,17.19MiB / 10.7GiB
1790488944,payflow-payflow-1,58.99%,509.3MiB / 1.5GiB
1790488944,payflow-postgres-exporter-1,0.00%,7.781MiB / 128MiB
1790488944,payflow-postgres-1,16.08%,99.45MiB / 1GiB
1790488944,payflow-keycloak-1,1.11%,685.2MiB / 10.7GiB
1790488944,payflow-mongo-1,1.35%,203.6MiB / 1GiB
1790488944,payflow-kafka-1,25.16%,477.2MiB / 1.5GiB
1790488944,payflow-grafana-1,1.31%,320MiB / 512MiB
1790488944,payflow-prometheus-1,0.21%,66.25MiB / 1GiB
1790488944,payflow-tempo-1,0.43%,98.52MiB / 1GiB
1790488944,k3d-tiny-url-serverlb,0.00%,26.13MiB / 10.7GiB
1790488944,k3d-tiny-url-server-0,11.71%,1024MiB / 10.7GiB
1790488951,sleepy_poitras,1.62%,17.21MiB / 10.7GiB
1790488951,payflow-payflow-1,58.65%,511MiB / 1.5GiB
1790488951,payflow-postgres-exporter-1,2.06%,7.527MiB / 128MiB
1790488951,payflow-postgres-1,17.05%,100.1MiB / 1GiB
1790488951,payflow-keycloak-1,0.29%,685.1MiB / 10.7GiB
1790488951,payflow-mongo-1,1.13%,203.7MiB / 1GiB
1790488951,payflow-kafka-1,15.14%,477.6MiB / 1.5GiB
1790488951,payflow-grafana-1,1.10%,320MiB / 512MiB
1790488951,payflow-prometheus-1,0.55%,66.3MiB / 1GiB
1790488951,payflow-tempo-1,0.37%,98.52MiB / 1GiB
1790488951,k3d-tiny-url-serverlb,0.00%,26.13MiB / 10.7GiB
1790488951,k3d-tiny-url-server-0,15.58%,1023MiB / 10.7GiB
1790488958,sleepy_poitras,1.42%,17.22MiB / 10.7GiB
1790488958,payflow-payflow-1,73.74%,513.1MiB / 1.5GiB
1790488958,payflow-postgres-exporter-1,0.00%,7.457MiB / 128MiB
1790488958,payflow-postgres-1,11.01%,105.6MiB / 1GiB
1790488958,payflow-keycloak-1,0.25%,685.1MiB / 10.7GiB
1790488958,payflow-mongo-1,42.15%,203.8MiB / 1GiB
1790488958,payflow-kafka-1,19.61%,480.4MiB / 1.5GiB
1790488958,payflow-grafana-1,1.46%,320MiB / 512MiB
1790488958,payflow-prometheus-1,0.77%,66.3MiB / 1GiB
1790488958,payflow-tempo-1,2.07%,98.53MiB / 1GiB
1790488958,k3d-tiny-url-serverlb,0.00%,26.13MiB / 10.7GiB
1790488958,k3d-tiny-url-server-0,17.60%,1024MiB / 10.7GiB
1790488965,sleepy_poitras,1.35%,17.11MiB / 10.7GiB
1790488965,payflow-payflow-1,60.03%,514MiB / 1.5GiB
1790488965,payflow-postgres-exporter-1,1.56%,7.504MiB / 128MiB
1790488965,payflow-postgres-1,13.04%,101MiB / 1GiB
1790488965,payflow-keycloak-1,0.34%,685.1MiB / 10.7GiB
1790488965,payflow-mongo-1,1.76%,203.8MiB / 1GiB
1790488965,payflow-kafka-1,48.82%,497.7MiB / 1.5GiB
1790488965,payflow-grafana-1,1.23%,320MiB / 512MiB
1790488965,payflow-prometheus-1,0.46%,66.37MiB / 1GiB
1790488965,payflow-tempo-1,0.71%,98.53MiB / 1GiB
1790488965,k3d-tiny-url-serverlb,0.00%,26.13MiB / 10.7GiB
1790488965,k3d-tiny-url-server-0,9.65%,1024MiB / 10.7GiB
1790488973,--,--,-- / --
1790488973,payflow-payflow-1,54.99%,516.2MiB / 1.5GiB
1790488973,payflow-postgres-exporter-1,0.00%,7.523MiB / 128MiB
1790488973,payflow-postgres-1,10.76%,101.4MiB / 1GiB
1790488973,payflow-keycloak-1,1.27%,685.1MiB / 10.7GiB
1790488973,payflow-mongo-1,0.77%,203.9MiB / 1GiB
1790488973,payflow-kafka-1,154.79%,555MiB / 1.5GiB
1790488973,payflow-grafana-1,1.01%,320MiB / 512MiB
1790488973,payflow-prometheus-1,0.96%,66.39MiB / 1GiB
1790488973,payflow-tempo-1,0.26%,98.54MiB / 1GiB
1790488973,k3d-tiny-url-serverlb,0.01%,26.13MiB / 10.7GiB
1790488973,k3d-tiny-url-server-0,14.17%,1024MiB / 10.7GiB
1790488980,payflow-payflow-1,10.09%,516.2MiB / 1.5GiB
1790488980,payflow-postgres-exporter-1,0.00%,8.574MiB / 128MiB
1790488980,payflow-postgres-1,0.80%,101.6MiB / 1GiB
1790488980,payflow-keycloak-1,0.19%,685.1MiB / 10.7GiB
1790488980,payflow-mongo-1,43.24%,203.9MiB / 1GiB
1790488980,payflow-kafka-1,148.86%,586.6MiB / 1.5GiB
1790488980,payflow-grafana-1,0.80%,320MiB / 512MiB
1790488980,payflow-prometheus-1,0.64%,66.4MiB / 1GiB
1790488980,payflow-tempo-1,0.39%,99.06MiB / 1GiB
1790488980,k3d-tiny-url-serverlb,0.01%,26.13MiB / 10.7GiB
1790488980,k3d-tiny-url-server-0,12.42%,1023MiB / 10.7GiB
1790488987,payflow-payflow-1,12.29%,516.4MiB / 1.5GiB
1790488987,payflow-postgres-exporter-1,1.58%,8.227MiB / 128MiB
1790488987,payflow-postgres-1,1.22%,101.6MiB / 1GiB
1790488987,payflow-keycloak-1,0.33%,685.1MiB / 10.7GiB
1790488987,payflow-mongo-1,0.88%,204.2MiB / 1GiB
1790488987,payflow-kafka-1,37.88%,480.8MiB / 1.5GiB
1790488987,payflow-grafana-1,1.65%,320MiB / 512MiB
1790488987,payflow-prometheus-1,0.30%,66.4MiB / 1GiB
1790488987,payflow-tempo-1,0.55%,99.12MiB / 1GiB
1790488987,k3d-tiny-url-serverlb,0.00%,26.13MiB / 10.7GiB
1790488987,k3d-tiny-url-server-0,15.24%,1024MiB / 10.7GiB
1790488994,payflow-payflow-1,105.82%,517.2MiB / 1.5GiB
1790488994,payflow-postgres-exporter-1,0.00%,8.098MiB / 128MiB
1790488994,payflow-postgres-1,21.17%,101.8MiB / 1GiB
1790488994,payflow-keycloak-1,52.62%,688.4MiB / 10.7GiB
1790488994,payflow-mongo-1,0.34%,204.2MiB / 1GiB
1790488994,payflow-kafka-1,40.30%,494.2MiB / 1.5GiB
1790488994,payflow-grafana-1,0.84%,320MiB / 512MiB
1790488994,payflow-prometheus-1,0.30%,66.4MiB / 1GiB
1790488994,payflow-tempo-1,0.24%,99.12MiB / 1GiB
1790488994,k3d-tiny-url-serverlb,0.01%,26.13MiB / 10.7GiB
1790488994,k3d-tiny-url-server-0,10.77%,1024MiB / 10.7GiB
1790488994,determined_raman,7.35%,21.5MiB / 10.7GiB
1790489001,determined_raman,2.41%,27.39MiB / 10.7GiB
1790489001,payflow-payflow-1,97.57%,520.1MiB / 1.5GiB
1790489001,payflow-postgres-exporter-1,0.00%,7.73MiB / 128MiB
1790489001,payflow-postgres-1,17.61%,103MiB / 1GiB
1790489001,payflow-keycloak-1,0.20%,692.9MiB / 10.7GiB
1790489001,payflow-mongo-1,19.01%,347.5MiB / 1GiB
1790489001,payflow-kafka-1,38.92%,485.7MiB / 1.5GiB
1790489001,payflow-grafana-1,0.81%,320MiB / 512MiB
1790489001,payflow-prometheus-1,0.20%,67.47MiB / 1GiB
1790489001,payflow-tempo-1,0.24%,99.71MiB / 1GiB
1790489001,k3d-tiny-url-serverlb,0.02%,26.13MiB / 10.7GiB
1790489001,k3d-tiny-url-server-0,7.67%,1.001GiB / 10.7GiB
