1790667308,payflow-payflow-1,95.96%,485.2MiB / 1.5GiB
1790667308,payflow-postgres-exporter-1,0.00%,7.254MiB / 128MiB
1790667308,payflow-postgres-1,19.52%,84.78MiB / 1GiB
1790667308,payflow-mongo-1,0.49%,203.8MiB / 1GiB
1790667308,payflow-kafka-1,53.94%,467.3MiB / 1.5GiB
1790667308,payflow-keycloak-1,26.01%,734.2MiB / 10.7GiB
1790667308,payflow-settlement-rail-1,0.02%,20.33MiB / 256MiB
1790667308,payflow-tempo-1,0.50%,118MiB / 1.5GiB
1790667308,payflow-grafana-1,0.95%,330.8MiB / 512MiB
1790667308,payflow-prometheus-1,83.98%,102.4MiB / 1GiB
1790667308,k3d-tiny-url-serverlb,0.00%,25.91MiB / 10.7GiB
1790667308,k3d-tiny-url-server-0,9.57%,1.045GiB / 10.7GiB
1790667308,blissful_raman,3.07%,13.81MiB / 10.7GiB
1790667320,blissful_raman,1.30%,15.18MiB / 10.7GiB
1790667320,payflow-payflow-1,125.65%,522.3MiB / 1.5GiB
1790667320,payflow-postgres-exporter-1,0.00%,7.25MiB / 128MiB
1790667320,payflow-postgres-1,13.41%,94.37MiB / 1GiB
1790667320,payflow-mongo-1,1.53%,204.7MiB / 1GiB
1790667320,payflow-kafka-1,37.14%,467.7MiB / 1.5GiB
1790667320,payflow-keycloak-1,0.25%,735.3MiB / 10.7GiB
1790667320,payflow-settlement-rail-1,2.06%,26.49MiB / 256MiB
1790667320,payflow-tempo-1,0.29%,118MiB / 1.5GiB
1790667320,payflow-grafana-1,0.98%,330.8MiB / 512MiB
1790667320,payflow-prometheus-1,0.62%,62.94MiB / 1GiB
1790667320,k3d-tiny-url-serverlb,0.00%,25.91MiB / 10.7GiB
1790667320,k3d-tiny-url-server-0,8.96%,1.045GiB / 10.7GiB
1790667332,blissful_raman,2.25%,16.59MiB / 10.7GiB
1790667332,payflow-payflow-1,105.59%,541.2MiB / 1.5GiB
1790667332,payflow-postgres-exporter-1,0.00%,7.945MiB / 128MiB
1790667332,payflow-postgres-1,17.04%,97.24MiB / 1GiB
1790667332,payflow-mongo-1,2.11%,205MiB / 1GiB
1790667332,payflow-kafka-1,26.52%,483.9MiB / 1.5GiB
1790667332,payflow-keycloak-1,0.27%,735.3MiB / 10.7GiB
1790667332,payflow-settlement-rail-1,1.89%,27.52MiB / 256MiB
1790667332,payflow-tempo-1,1.49%,121.4MiB / 1.5GiB
1790667332,payflow-grafana-1,1.35%,330.8MiB / 512MiB
1790667332,payflow-prometheus-1,0.73%,66.47MiB / 1GiB
1790667332,k3d-tiny-url-serverlb,0.00%,25.91MiB / 10.7GiB
1790667332,k3d-tiny-url-server-0,13.13%,1.046GiB / 10.7GiB
1790667345,blissful_raman,1.37%,16.74MiB / 10.7GiB
1790667345,payflow-payflow-1,49.49%,532.1MiB / 1.5GiB
1790667345,payflow-postgres-exporter-1,0.00%,8.211MiB / 128MiB
1790667345,payflow-postgres-1,8.80%,99.2MiB / 1GiB
1790667345,payflow-mongo-1,39.74%,205.8MiB / 1GiB
1790667345,payflow-kafka-1,14.93%,480.4MiB / 1.5GiB
1790667345,payflow-keycloak-1,0.20%,735.3MiB / 10.7GiB
1790667345,payflow-settlement-rail-1,0.72%,27.67MiB / 256MiB
1790667345,payflow-tempo-1,0.65%,124.4MiB / 1.5GiB
1790667345,payflow-grafana-1,0.97%,330.8MiB / 512MiB
1790667345,payflow-prometheus-1,0.72%,66.72MiB / 1GiB
1790667345,k3d-tiny-url-serverlb,0.00%,25.91MiB / 10.7GiB
1790667345,k3d-tiny-url-server-0,11.79%,1.045GiB / 10.7GiB
1790667357,blissful_raman,1.22%,16.84MiB / 10.7GiB
1790667357,payflow-payflow-1,78.84%,533.9MiB / 1.5GiB
1790667357,payflow-postgres-exporter-1,0.00%,7.496MiB / 128MiB
1790667357,payflow-postgres-1,12.02%,100.5MiB / 1GiB
1790667357,payflow-mongo-1,1.37%,205.9MiB / 1GiB
1790667357,payflow-kafka-1,79.92%,483.3MiB / 1.5GiB
1790667357,payflow-keycloak-1,0.25%,735.3MiB / 10.7GiB
1790667357,payflow-settlement-rail-1,1.09%,28.09MiB / 256MiB
1790667357,payflow-tempo-1,0.30%,126.3MiB / 1.5GiB
1790667357,payflow-grafana-1,0.92%,330.8MiB / 512MiB
1790667357,payflow-prometheus-1,0.19%,66.93MiB / 1GiB
1790667357,k3d-tiny-url-serverlb,0.00%,25.91MiB / 10.7GiB
1790667357,k3d-tiny-url-server-0,13.18%,1.045GiB / 10.7GiB
1790667369,blissful_raman,1.63%,17.1MiB / 10.7GiB
1790667369,payflow-payflow-1,43.59%,536.6MiB / 1.5GiB
1790667369,payflow-postgres-exporter-1,0.00%,8.266MiB / 128MiB
1790667369,payflow-postgres-1,8.51%,102.6MiB / 1GiB
1790667369,payflow-mongo-1,1.45%,205.8MiB / 1GiB
1790667369,payflow-kafka-1,172.00%,571.6MiB / 1.5GiB
1790667369,payflow-keycloak-1,0.15%,735.3MiB / 10.7GiB
1790667369,payflow-settlement-rail-1,0.83%,29.6MiB / 256MiB
1790667369,payflow-tempo-1,0.29%,126MiB / 1.5GiB
1790667369,payflow-grafana-1,0.76%,330.8MiB / 512MiB
1790667369,payflow-prometheus-1,0.22%,67.24MiB / 1GiB
1790667369,k3d-tiny-url-serverlb,0.00%,25.91MiB / 10.7GiB
1790667369,k3d-tiny-url-server-0,7.98%,1.044GiB / 10.7GiB
1790667381,blissful_raman,2.70%,17.13MiB / 10.7GiB
1790667381,payflow-payflow-1,56.15%,538.1MiB / 1.5GiB
1790667381,payflow-postgres-exporter-1,0.00%,8.738MiB / 128MiB
1790667381,payflow-postgres-1,12.27%,103.2MiB / 1GiB
1790667381,payflow-mongo-1,1.99%,205.9MiB / 1GiB
1790667381,payflow-kafka-1,23.01%,490.9MiB / 1.5GiB
1790667381,payflow-keycloak-1,0.22%,735.2MiB / 10.7GiB
1790667381,payflow-settlement-rail-1,0.72%,27.81MiB / 256MiB
1790667381,payflow-tempo-1,0.48%,126MiB / 1.5GiB
1790667381,payflow-grafana-1,1.24%,330.8MiB / 512MiB
1790667381,payflow-prometheus-1,0.25%,68.3MiB / 1GiB
1790667381,k3d-tiny-url-serverlb,0.00%,25.91MiB / 10.7GiB
1790667381,k3d-tiny-url-server-0,12.24%,1.044GiB / 10.7GiB
1790667393,blissful_raman,1.79%,17.17MiB / 10.7GiB
1790667393,payflow-payflow-1,70.35%,540.8MiB / 1.5GiB
1790667393,payflow-postgres-exporter-1,0.00%,8.582MiB / 128MiB
1790667393,payflow-postgres-1,13.76%,104.3MiB / 1GiB
1790667393,payflow-mongo-1,44.33%,206.2MiB / 1GiB
1790667393,payflow-kafka-1,19.98%,488.7MiB / 1.5GiB
1790667393,payflow-keycloak-1,0.20%,735.9MiB / 10.7GiB
1790667393,payflow-settlement-rail-1,0.99%,28.18MiB / 256MiB
1790667393,payflow-tempo-1,0.32%,127.3MiB / 1.5GiB
1790667393,payflow-grafana-1,1.04%,330.8MiB / 512MiB
1790667393,payflow-prometheus-1,0.38%,70.86MiB / 1GiB
1790667393,k3d-tiny-url-serverlb,0.00%,25.91MiB / 10.7GiB
1790667393,k3d-tiny-url-server-0,10.23%,1.045GiB / 10.7GiB
1790667406,payflow-payflow-1,18.94%,542.2MiB / 1.5GiB
1790667406,payflow-postgres-exporter-1,0.00%,7.734MiB / 128MiB
1790667406,payflow-postgres-1,6.57%,105.4MiB / 1GiB
1790667406,payflow-mongo-1,0.75%,206.3MiB / 1GiB
1790667406,payflow-kafka-1,12.89%,485.6MiB / 1.5GiB
1790667406,payflow-keycloak-1,0.23%,735.9MiB / 10.7GiB
1790667406,payflow-settlement-rail-1,0.08%,28.04MiB / 256MiB
1790667406,payflow-tempo-1,0.39%,127.7MiB / 1.5GiB
1790667406,payflow-grafana-1,1.33%,330.8MiB / 512MiB
1790667406,payflow-prometheus-1,0.70%,72.91MiB / 1GiB
1790667406,k3d-tiny-url-serverlb,0.00%,25.91MiB / 10.7GiB
1790667406,k3d-tiny-url-server-0,13.18%,1.045GiB / 10.7GiB
1790667418,payflow-payflow-1,21.67%,542MiB / 1.5GiB
1790667418,payflow-postgres-exporter-1,0.00%,7.707MiB / 128MiB
1790667418,payflow-postgres-1,3.95%,105.2MiB / 1GiB
1790667418,payflow-mongo-1,0.61%,206.3MiB / 1GiB
1790667418,payflow-kafka-1,11.44%,486.4MiB / 1.5GiB
1790667418,payflow-keycloak-1,0.21%,735.8MiB / 10.7GiB
1790667418,payflow-settlement-rail-1,0.01%,28.04MiB / 256MiB
1790667418,payflow-tempo-1,0.81%,127.7MiB / 1.5GiB
1790667418,payflow-grafana-1,1.64%,330.8MiB / 512MiB
1790667418,payflow-prometheus-1,0.70%,74.24MiB / 1GiB
1790667418,k3d-tiny-url-serverlb,0.00%,25.91MiB / 10.7GiB
1790667418,k3d-tiny-url-server-0,10.97%,1.045GiB / 10.7GiB
1790667430,payflow-payflow-1,17.47%,542.1MiB / 1.5GiB
1790667430,payflow-postgres-exporter-1,0.00%,8.168MiB / 128MiB
1790667430,payflow-postgres-1,1.29%,105.5MiB / 1GiB
1790667430,payflow-mongo-1,1.14%,206.2MiB / 1GiB
1790667430,payflow-kafka-1,11.92%,486.7MiB / 1.5GiB
1790667430,payflow-keycloak-1,0.23%,735.8MiB / 10.7GiB
1790667430,payflow-settlement-rail-1,0.02%,28.04MiB / 256MiB
1790667430,payflow-tempo-1,0.45%,128.4MiB / 1.5GiB
1790667430,payflow-grafana-1,1.22%,330.8MiB / 512MiB
1790667430,payflow-prometheus-1,1.34%,74.33MiB / 1GiB
1790667430,k3d-tiny-url-serverlb,0.00%,25.91MiB / 10.7GiB
1790667430,k3d-tiny-url-server-0,17.03%,1.045GiB / 10.7GiB
