1790743506,payflow-payflow-1,199.75%,587.7MiB / 1.5GiB
1790743506,payflow-postgres-exporter-1,0.00%,10.04MiB / 128MiB
1790743506,payflow-postgres-1,15.15%,94.46MiB / 1GiB
1790743506,payflow-mongo-1,15.35%,313.5MiB / 1GiB
1790743506,payflow-kafka-1,37.79%,475.4MiB / 1.5GiB
1790743506,payflow-keycloak-1,28.08%,738MiB / 7.757GiB
1790743506,payflow-settlement-rail-1,0.02%,25.91MiB / 256MiB
1790743506,k3d-dev-agent-1-0,1.19%,147.7MiB / 7.757GiB
1790743506,payflow-grafana-1,0.76%,255.4MiB / 512MiB
1790743506,payflow-prometheus-1,0.10%,126.5MiB / 1GiB
1790743506,payflow-tempo-1,0.19%,87.94MiB / 1.5GiB
1790743506,k3d-dev-serverlb,0.00%,16.67MiB / 7.757GiB
1790743506,k3d-dev-agent-0,3.28%,327.6MiB / 7.757GiB
1790743506,k3d-dev-server-0,6.89%,760.2MiB / 7.757GiB
1790743506,romantic_curran,3.13%,35.88MiB / 7.757GiB
1790743518,romantic_curran,1.10%,37.41MiB / 7.757GiB
1790743518,payflow-payflow-1,96.09%,619MiB / 1.5GiB
1790743518,payflow-postgres-exporter-1,0.00%,10.27MiB / 128MiB
1790743518,payflow-postgres-1,8.32%,102.5MiB / 1GiB
1790743518,payflow-mongo-1,52.53%,215.4MiB / 1GiB
1790743518,payflow-kafka-1,137.03%,566.1MiB / 1.5GiB
1790743518,payflow-keycloak-1,0.23%,740.6MiB / 7.757GiB
1790743518,payflow-settlement-rail-1,1.68%,32.17MiB / 256MiB
1790743518,k3d-dev-agent-1-0,1.25%,147.5MiB / 7.757GiB
1790743518,payflow-grafana-1,0.95%,255.1MiB / 512MiB
1790743518,payflow-prometheus-1,0.29%,89.66MiB / 1GiB
1790743518,payflow-tempo-1,0.77%,89.64MiB / 1.5GiB
1790743518,k3d-dev-serverlb,0.00%,16.67MiB / 7.757GiB
1790743518,k3d-dev-agent-0,4.53%,332.5MiB / 7.757GiB
1790743518,k3d-dev-server-0,9.72%,760.4MiB / 7.757GiB
1790743530,romantic_curran,1.30%,38.76MiB / 7.757GiB
1790743530,payflow-payflow-1,118.10%,640.1MiB / 1.5GiB
1790743530,payflow-postgres-exporter-1,0.00%,9.879MiB / 128MiB
1790743530,payflow-postgres-1,11.31%,104.9MiB / 1GiB
1790743530,payflow-mongo-1,1.93%,216.3MiB / 1GiB
1790743530,payflow-kafka-1,140.18%,566.5MiB / 1.5GiB
1790743530,payflow-keycloak-1,0.22%,740.7MiB / 7.757GiB
1790743530,payflow-settlement-rail-1,2.12%,32.55MiB / 256MiB
1790743530,k3d-dev-agent-1-0,2.86%,147.1MiB / 7.757GiB
1790743530,payflow-grafana-1,0.94%,255.1MiB / 512MiB
1790743530,payflow-prometheus-1,0.19%,89.8MiB / 1GiB
1790743530,payflow-tempo-1,0.27%,89.67MiB / 1.5GiB
1790743530,k3d-dev-serverlb,0.00%,16.67MiB / 7.757GiB
1790743530,k3d-dev-agent-0,5.04%,331.6MiB / 7.757GiB
1790743530,k3d-dev-server-0,6.81%,759.8MiB / 7.757GiB
1790743544,romantic_curran,2.23%,39.27MiB / 7.757GiB
1790743544,payflow-payflow-1,67.27%,629MiB / 1.5GiB
1790743544,payflow-postgres-exporter-1,0.00%,9.438MiB / 128MiB
1790743544,payflow-postgres-1,11.93%,106.6MiB / 1GiB
1790743544,payflow-mongo-1,2.43%,216.8MiB / 1GiB
1790743544,payflow-kafka-1,16.51%,511.5MiB / 1.5GiB
1790743544,payflow-keycloak-1,0.24%,740.8MiB / 7.757GiB
1790743544,payflow-settlement-rail-1,0.82%,33.29MiB / 256MiB
1790743544,k3d-dev-agent-1-0,2.01%,147MiB / 7.757GiB
1790743544,payflow-grafana-1,1.46%,255.1MiB / 512MiB
1790743544,payflow-prometheus-1,0.18%,89.86MiB / 1GiB
1790743544,payflow-tempo-1,0.35%,90.25MiB / 1.5GiB
1790743544,k3d-dev-serverlb,0.00%,16.67MiB / 7.757GiB
1790743544,k3d-dev-agent-0,4.55%,330.8MiB / 7.757GiB
1790743544,k3d-dev-server-0,10.26%,760MiB / 7.757GiB
1790743556,romantic_curran,2.21%,39.39MiB / 7.757GiB
1790743556,payflow-payflow-1,62.92%,631.5MiB / 1.5GiB
1790743556,payflow-postgres-exporter-1,0.00%,10.48MiB / 128MiB
1790743556,payflow-postgres-1,10.74%,108.5MiB / 1GiB
1790743556,payflow-mongo-1,1.84%,217.2MiB / 1GiB
1790743556,payflow-kafka-1,19.09%,511.5MiB / 1.5GiB
1790743556,payflow-keycloak-1,0.25%,740.8MiB / 7.757GiB
1790743556,payflow-settlement-rail-1,6.63%,40.65MiB / 256MiB
1790743556,k3d-dev-agent-1-0,1.74%,147MiB / 7.757GiB
1790743556,payflow-grafana-1,1.03%,255.1MiB / 512MiB
1790743556,payflow-prometheus-1,1.60%,89.94MiB / 1GiB
1790743556,payflow-tempo-1,0.36%,90.38MiB / 1.5GiB
1790743556,k3d-dev-serverlb,0.01%,16.67MiB / 7.757GiB
1790743556,k3d-dev-agent-0,4.06%,332.3MiB / 7.757GiB
1790743556,k3d-dev-server-0,9.39%,761MiB / 7.757GiB
1790743571,romantic_curran,1.29%,39.6MiB / 7.757GiB
1790743571,payflow-payflow-1,50.66%,634.1MiB / 1.5GiB
1790743571,payflow-postgres-exporter-1,0.00%,9.973MiB / 128MiB
1790743571,payflow-postgres-1,11.17%,109.7MiB / 1GiB
1790743571,payflow-mongo-1,40.82%,217.4MiB / 1GiB
1790743571,payflow-kafka-1,14.79%,514.6MiB / 1.5GiB
1790743571,payflow-keycloak-1,0.20%,740.6MiB / 7.757GiB
1790743571,payflow-settlement-rail-1,1.11%,35.35MiB / 256MiB
1790743571,k3d-dev-agent-1-0,0.93%,147.8MiB / 7.757GiB
1790743571,payflow-grafana-1,0.87%,255.1MiB / 512MiB
1790743571,payflow-prometheus-1,0.18%,89.95MiB / 1GiB
1790743571,payflow-tempo-1,0.97%,90.69MiB / 1.5GiB
1790743571,k3d-dev-serverlb,0.01%,16.67MiB / 7.757GiB
1790743571,k3d-dev-agent-0,3.58%,328.1MiB / 7.757GiB
1790743571,k3d-dev-server-0,7.77%,761MiB / 7.757GiB
1790743583,romantic_curran,1.50%,39.75MiB / 7.757GiB
1790743583,payflow-payflow-1,87.63%,638.9MiB / 1.5GiB
1790743583,payflow-postgres-exporter-1,1.67%,9.891MiB / 128MiB
1790743583,payflow-postgres-1,13.06%,111.1MiB / 1GiB
1790743583,payflow-mongo-1,1.20%,217.4MiB / 1GiB
1790743583,payflow-kafka-1,14.89%,514.4MiB / 1.5GiB
1790743583,payflow-keycloak-1,0.24%,740.6MiB / 7.757GiB
1790743583,payflow-settlement-rail-1,0.55%,35.64MiB / 256MiB
1790743583,k3d-dev-agent-1-0,1.26%,147.4MiB / 7.757GiB
1790743583,payflow-grafana-1,1.04%,255.1MiB / 512MiB
1790743583,payflow-prometheus-1,1.37%,91.89MiB / 1GiB
1790743583,payflow-tempo-1,0.31%,90.84MiB / 1.5GiB
1790743583,k3d-dev-serverlb,0.00%,16.67MiB / 7.757GiB
1790743583,k3d-dev-agent-0,3.59%,331.5MiB / 7.757GiB
1790743583,k3d-dev-server-0,7.02%,761.3MiB / 7.757GiB
1790743595,romantic_curran,2.27%,39.78MiB / 7.757GiB
1790743595,payflow-payflow-1,42.56%,636MiB / 1.5GiB
1790743595,payflow-postgres-exporter-1,0.00%,9.996MiB / 128MiB
1790743595,payflow-postgres-1,8.97%,112MiB / 1GiB
1790743595,payflow-mongo-1,1.98%,217.5MiB / 1GiB
1790743595,payflow-kafka-1,62.44%,516.5MiB / 1.5GiB
1790743595,payflow-keycloak-1,0.22%,740.6MiB / 7.757GiB
1790743595,payflow-settlement-rail-1,0.60%,33.81MiB / 256MiB
1790743595,k3d-dev-agent-1-0,2.02%,147.6MiB / 7.757GiB
1790743595,payflow-grafana-1,0.95%,255.1MiB / 512MiB
1790743595,payflow-prometheus-1,0.21%,92.68MiB / 1GiB
1790743595,payflow-tempo-1,0.26%,88.19MiB / 1.5GiB
1790743595,k3d-dev-serverlb,0.01%,16.67MiB / 7.757GiB
1790743595,k3d-dev-agent-0,7.31%,325.5MiB / 7.757GiB
1790743595,k3d-dev-server-0,8.13%,760.5MiB / 7.757GiB
1790743609,payflow-payflow-1,12.85%,636.9MiB / 1.5GiB
1790743609,payflow-postgres-exporter-1,0.00%,9.773MiB / 128MiB
1790743609,payflow-postgres-1,0.93%,112.8MiB / 1GiB
1790743609,payflow-mongo-1,0.34%,217.6MiB / 1GiB
1790743609,payflow-kafka-1,180.72%,622.8MiB / 1.5GiB
1790743609,payflow-keycloak-1,0.17%,741.3MiB / 7.757GiB
1790743609,payflow-settlement-rail-1,0.01%,33.77MiB / 256MiB
1790743609,k3d-dev-agent-1-0,1.21%,147.5MiB / 7.757GiB
1790743609,payflow-grafana-1,0.73%,255.1MiB / 512MiB
1790743609,payflow-prometheus-1,0.28%,92.69MiB / 1GiB
1790743609,payflow-tempo-1,1.29%,88.99MiB / 1.5GiB
1790743609,k3d-dev-serverlb,0.01%,16.67MiB / 7.757GiB
1790743609,k3d-dev-agent-0,3.39%,330.4MiB / 7.757GiB
1790743609,k3d-dev-server-0,13.30%,744.2MiB / 7.757GiB
1790743621,payflow-payflow-1,14.99%,637MiB / 1.5GiB
1790743621,payflow-postgres-exporter-1,0.00%,10.82MiB / 128MiB
1790743621,payflow-postgres-1,1.37%,112.8MiB / 1GiB
1790743621,payflow-mongo-1,43.74%,217.9MiB / 1GiB
1790743621,payflow-kafka-1,29.12%,520.8MiB / 1.5GiB
1790743621,payflow-keycloak-1,0.23%,741.3MiB / 7.757GiB
1790743621,payflow-settlement-rail-1,0.03%,33.77MiB / 256MiB
1790743621,k3d-dev-agent-1-0,1.72%,147.5MiB / 7.757GiB
1790743621,payflow-grafana-1,0.97%,255.1MiB / 512MiB
1790743621,payflow-prometheus-1,0.16%,92.75MiB / 1GiB
1790743621,payflow-tempo-1,0.25%,89.01MiB / 1.5GiB
1790743621,k3d-dev-serverlb,0.01%,16.67MiB / 7.757GiB
1790743621,k3d-dev-agent-0,5.46%,332MiB / 7.757GiB
1790743621,k3d-dev-server-0,11.88%,756MiB / 7.757GiB
1790743633,payflow-payflow-1,24.92%,637.2MiB / 1.5GiB
1790743633,payflow-postgres-exporter-1,0.00%,10.8MiB / 128MiB
1790743633,payflow-postgres-1,4.99%,112.8MiB / 1GiB
1790743633,payflow-mongo-1,0.73%,218.3MiB / 1GiB
1790743633,payflow-kafka-1,12.02%,518.3MiB / 1.5GiB
1790743633,payflow-keycloak-1,0.31%,741.2MiB / 7.757GiB
1790743633,payflow-settlement-rail-1,0.03%,33.77MiB / 256MiB
1790743633,k3d-dev-agent-1-0,2.87%,147.5MiB / 7.757GiB
1790743633,payflow-grafana-1,1.37%,255.1MiB / 512MiB
1790743633,payflow-prometheus-1,0.38%,92.75MiB / 1GiB
1790743633,payflow-tempo-1,0.42%,89.02MiB / 1.5GiB
1790743633,k3d-dev-serverlb,0.00%,16.67MiB / 7.757GiB
1790743633,k3d-dev-agent-0,5.76%,328.1MiB / 7.757GiB
1790743633,k3d-dev-server-0,11.48%,760.8MiB / 7.757GiB
