1790660505,payflow-payflow-1,53.13%,588.3MiB / 1.5GiB
1790660505,payflow-postgres-exporter-1,0.00%,9.871MiB / 128MiB
1790660505,payflow-postgres-1,23.31%,715.1MiB / 1GiB
1790660505,payflow-mongo-1,0.82%,247.5MiB / 1GiB
1790660505,payflow-keycloak-1,50.10%,770.7MiB / 10.7GiB
1790660505,payflow-kafka-1,8.45%,524MiB / 1.5GiB
1790660505,payflow-settlement-rail-1,0.01%,41.5MiB / 256MiB
1790660505,payflow-tempo-1,0.61%,691.5MiB / 1.5GiB
1790660505,payflow-grafana-1,0.69%,324.6MiB / 512MiB
1790660505,payflow-prometheus-1,0.44%,72.16MiB / 1GiB
1790660505,k3d-tiny-url-serverlb,0.00%,25.91MiB / 10.7GiB
1790660505,k3d-tiny-url-server-0,7.96%,1.041GiB / 10.7GiB
1790660505,affectionate_mayer,8.11%,17.3MiB / 10.7GiB
1790660518,affectionate_mayer,6.93%,21.46MiB / 10.7GiB
1790660518,payflow-payflow-1,108.19%,589.1MiB / 1.5GiB
1790660518,payflow-postgres-exporter-1,0.00%,9.828MiB / 128MiB
1790660518,payflow-postgres-1,40.77%,708.3MiB / 1GiB
1790660518,payflow-mongo-1,5.25%,247.1MiB / 1GiB
1790660518,payflow-keycloak-1,0.22%,771MiB / 10.7GiB
1790660518,payflow-kafka-1,19.41%,523.4MiB / 1.5GiB
1790660518,payflow-settlement-rail-1,0.89%,43.4MiB / 256MiB
1790660518,payflow-tempo-1,0.30%,177.5MiB / 1.5GiB
1790660518,payflow-grafana-1,1.44%,324.6MiB / 512MiB
1790660518,payflow-prometheus-1,0.69%,72.97MiB / 1GiB
1790660518,k3d-tiny-url-serverlb,0.00%,25.91MiB / 10.7GiB
1790660518,k3d-tiny-url-server-0,10.62%,1.041GiB / 10.7GiB
1790660530,affectionate_mayer,3.75%,22.18MiB / 10.7GiB
1790660530,payflow-payflow-1,73.86%,589.6MiB / 1.5GiB
1790660530,payflow-postgres-exporter-1,0.00%,9.438MiB / 128MiB
1790660530,payflow-postgres-1,33.36%,694.1MiB / 1GiB
1790660530,payflow-mongo-1,44.46%,403.7MiB / 1GiB
1790660530,payflow-keycloak-1,0.17%,771MiB / 10.7GiB
1790660530,payflow-kafka-1,99.56%,532.4MiB / 1.5GiB
1790660530,payflow-settlement-rail-1,0.76%,43.53MiB / 256MiB
1790660530,payflow-tempo-1,0.93%,173.8MiB / 1.5GiB
1790660530,payflow-grafana-1,0.77%,324.6MiB / 512MiB
1790660530,payflow-prometheus-1,0.67%,73.11MiB / 1GiB
1790660530,k3d-tiny-url-serverlb,0.00%,25.91MiB / 10.7GiB
1790660530,k3d-tiny-url-server-0,8.57%,1.04GiB / 10.7GiB
1790660542,affectionate_mayer,2.68%,22.33MiB / 10.7GiB
1790660542,payflow-payflow-1,68.24%,589.6MiB / 1.5GiB
1790660542,payflow-postgres-exporter-1,0.00%,8.562MiB / 128MiB
1790660542,payflow-postgres-1,32.91%,676.7MiB / 1GiB
1790660542,payflow-mongo-1,5.18%,246.8MiB / 1GiB
1790660542,payflow-keycloak-1,0.17%,771.1MiB / 10.7GiB
1790660542,payflow-kafka-1,118.33%,591.5MiB / 1.5GiB
1790660542,payflow-settlement-rail-1,0.61%,41.95MiB / 256MiB
1790660542,payflow-tempo-1,1.84%,166.5MiB / 1.5GiB
1790660542,payflow-grafana-1,1.11%,324.6MiB / 512MiB
1790660542,payflow-prometheus-1,0.20%,73.12MiB / 1GiB
1790660542,k3d-tiny-url-serverlb,0.00%,25.91MiB / 10.7GiB
1790660542,k3d-tiny-url-server-0,8.80%,1.04GiB / 10.7GiB
1790660554,affectionate_mayer,4.48%,22.85MiB / 10.7GiB
1790660554,payflow-payflow-1,70.36%,589.7MiB / 1.5GiB
1790660554,payflow-postgres-exporter-1,0.00%,9.051MiB / 128MiB
1790660554,payflow-postgres-1,33.66%,668.1MiB / 1GiB
1790660554,payflow-mongo-1,4.14%,246.9MiB / 1GiB
1790660554,payflow-keycloak-1,0.22%,771.1MiB / 10.7GiB
1790660554,payflow-kafka-1,13.95%,535.6MiB / 1.5GiB
1790660554,payflow-settlement-rail-1,0.73%,42.01MiB / 256MiB
1790660554,payflow-tempo-1,2.02%,164.7MiB / 1.5GiB
1790660554,payflow-grafana-1,1.12%,324.6MiB / 512MiB
1790660554,payflow-prometheus-1,0.52%,73.14MiB / 1GiB
1790660554,k3d-tiny-url-serverlb,0.01%,25.91MiB / 10.7GiB
1790660554,k3d-tiny-url-server-0,10.46%,1.041GiB / 10.7GiB
1790660566,affectionate_mayer,4.38%,23.18MiB / 10.7GiB
1790660566,payflow-payflow-1,83.22%,590MiB / 1.5GiB
1790660566,payflow-postgres-exporter-1,0.00%,9.883MiB / 128MiB
1790660566,payflow-postgres-1,42.60%,657MiB / 1GiB
1790660566,payflow-mongo-1,3.87%,246.9MiB / 1GiB
1790660566,payflow-keycloak-1,0.23%,771MiB / 10.7GiB
1790660566,payflow-kafka-1,18.85%,551.1MiB / 1.5GiB
1790660566,payflow-settlement-rail-1,0.91%,42.19MiB / 256MiB
1790660566,payflow-tempo-1,0.31%,159.7MiB / 1.5GiB
1790660566,payflow-grafana-1,1.12%,324.6MiB / 512MiB
1790660566,payflow-prometheus-1,0.29%,73.22MiB / 1GiB
1790660566,k3d-tiny-url-serverlb,0.00%,25.91MiB / 10.7GiB
1790660566,k3d-tiny-url-server-0,13.08%,1.041GiB / 10.7GiB
1790660579,affectionate_mayer,4.02%,23.37MiB / 10.7GiB
1790660579,payflow-payflow-1,82.94%,590.5MiB / 1.5GiB
1790660579,payflow-postgres-exporter-1,0.00%,9.547MiB / 128MiB
1790660579,payflow-postgres-1,31.17%,648.3MiB / 1GiB
1790660579,payflow-mongo-1,4.26%,246.9MiB / 1GiB
1790660579,payflow-keycloak-1,0.20%,771MiB / 10.7GiB
1790660579,payflow-kafka-1,13.61%,539.4MiB / 1.5GiB
1790660579,payflow-settlement-rail-1,0.57%,42.12MiB / 256MiB
1790660579,payflow-tempo-1,0.33%,158.8MiB / 1.5GiB
1790660579,payflow-grafana-1,1.06%,324.6MiB / 512MiB
1790660579,payflow-prometheus-1,0.27%,73.22MiB / 1GiB
1790660579,k3d-tiny-url-serverlb,0.00%,25.91MiB / 10.7GiB
1790660579,k3d-tiny-url-server-0,10.76%,1.041GiB / 10.7GiB
1790660591,affectionate_mayer,3.69%,23.87MiB / 10.7GiB
1790660591,payflow-payflow-1,68.91%,590.4MiB / 1.5GiB
1790660591,payflow-postgres-exporter-1,1.40%,9.145MiB / 128MiB
1790660591,payflow-postgres-1,36.08%,626MiB / 1GiB
1790660591,payflow-mongo-1,46.48%,246.9MiB / 1GiB
1790660591,payflow-keycloak-1,0.17%,771MiB / 10.7GiB
1790660591,payflow-kafka-1,13.65%,542.8MiB / 1.5GiB
1790660591,payflow-settlement-rail-1,0.67%,42.18MiB / 256MiB
1790660591,payflow-tempo-1,0.29%,159.1MiB / 1.5GiB
1790660591,payflow-grafana-1,0.96%,324.6MiB / 512MiB
1790660591,payflow-prometheus-1,0.48%,73.23MiB / 1GiB
1790660591,k3d-tiny-url-serverlb,0.00%,25.91MiB / 10.7GiB
1790660591,k3d-tiny-url-server-0,10.77%,1.041GiB / 10.7GiB
1790660603,affectionate_mayer,2.93%,23.89MiB / 10.7GiB
1790660603,payflow-payflow-1,69.48%,590.8MiB / 1.5GiB
1790660603,payflow-postgres-exporter-1,0.00%,8.387MiB / 128MiB
1790660603,payflow-postgres-1,34.10%,627MiB / 1GiB
1790660603,payflow-mongo-1,4.20%,247.1MiB / 1GiB
1790660603,payflow-keycloak-1,0.21%,771.1MiB / 10.7GiB
1790660603,payflow-kafka-1,56.19%,544.3MiB / 1.5GiB
1790660603,payflow-settlement-rail-1,0.84%,42.24MiB / 256MiB
1790660603,payflow-tempo-1,0.31%,159.5MiB / 1.5GiB
1790660603,payflow-grafana-1,1.06%,324.6MiB / 512MiB
1790660603,payflow-prometheus-1,0.76%,73.23MiB / 1GiB
1790660603,k3d-tiny-url-serverlb,0.01%,25.91MiB / 10.7GiB
1790660603,k3d-tiny-url-server-0,10.62%,1.041GiB / 10.7GiB
1790660615,affectionate_mayer,5.05%,24.04MiB / 10.7GiB
1790660615,payflow-payflow-1,58.34%,590.9MiB / 1.5GiB
1790660615,payflow-postgres-exporter-1,1.72%,9.285MiB / 128MiB
1790660615,payflow-postgres-1,33.09%,629.2MiB / 1GiB
1790660615,payflow-mongo-1,3.73%,247.2MiB / 1GiB
1790660615,payflow-keycloak-1,0.16%,771.1MiB / 10.7GiB
1790660615,payflow-kafka-1,171.57%,633.1MiB / 1.5GiB
1790660615,payflow-settlement-rail-1,0.63%,42.29MiB / 256MiB
1790660615,payflow-tempo-1,6.16%,156.5MiB / 1.5GiB
1790660615,payflow-grafana-1,0.76%,324.6MiB / 512MiB
1790660615,payflow-prometheus-1,1.73%,73.23MiB / 1GiB
1790660615,k3d-tiny-url-serverlb,0.00%,25.91MiB / 10.7GiB
1790660615,k3d-tiny-url-server-0,8.67%,1.041GiB / 10.7GiB
1790660627,affectionate_mayer,4.37%,24.25MiB / 10.7GiB
1790660627,payflow-payflow-1,67.15%,591.1MiB / 1.5GiB
1790660627,payflow-postgres-exporter-1,0.00%,9.324MiB / 128MiB
1790660627,payflow-postgres-1,35.21%,629.3MiB / 1GiB
1790660627,payflow-mongo-1,4.58%,246.9MiB / 1GiB
1790660627,payflow-keycloak-1,0.25%,771MiB / 10.7GiB
1790660627,payflow-kafka-1,14.68%,547.3MiB / 1.5GiB
1790660627,payflow-settlement-rail-1,0.73%,42.34MiB / 256MiB
1790660627,payflow-tempo-1,0.87%,157.7MiB / 1.5GiB
1790660627,payflow-grafana-1,1.46%,324.6MiB / 512MiB
1790660627,payflow-prometheus-1,0.63%,73.35MiB / 1GiB
1790660627,k3d-tiny-url-serverlb,0.00%,25.91MiB / 10.7GiB
1790660627,k3d-tiny-url-server-0,26.21%,1.028GiB / 10.7GiB
1790660640,affectionate_mayer,5.01%,23.94MiB / 10.7GiB
1790660640,payflow-payflow-1,56.52%,591.5MiB / 1.5GiB
1790660640,payflow-postgres-exporter-1,0.00%,8.887MiB / 128MiB
1790660640,payflow-postgres-1,26.75%,629.1MiB / 1GiB
1790660640,payflow-mongo-1,46.44%,246.9MiB / 1GiB
1790660640,payflow-keycloak-1,0.17%,771MiB / 10.7GiB
1790660640,payflow-kafka-1,11.85%,550.4MiB / 1.5GiB
1790660640,payflow-settlement-rail-1,0.54%,42.41MiB / 256MiB
1790660640,payflow-tempo-1,0.98%,161.9MiB / 1.5GiB
1790660640,payflow-grafana-1,0.75%,324.6MiB / 512MiB
1790660640,payflow-prometheus-1,0.84%,73.36MiB / 1GiB
1790660640,k3d-tiny-url-serverlb,0.00%,25.91MiB / 10.7GiB
1790660640,k3d-tiny-url-server-0,8.17%,1.029GiB / 10.7GiB
1790660652,affectionate_mayer,4.03%,24.09MiB / 10.7GiB
1790660652,payflow-payflow-1,65.98%,591.6MiB / 1.5GiB
1790660652,payflow-postgres-exporter-1,0.00%,9.18MiB / 128MiB
1790660652,payflow-postgres-1,74.77%,701.2MiB / 1GiB
1790660652,payflow-mongo-1,4.46%,247.2MiB / 1GiB
1790660652,payflow-keycloak-1,0.19%,771MiB / 10.7GiB
1790660652,payflow-kafka-1,14.01%,552.4MiB / 1.5GiB
1790660652,payflow-settlement-rail-1,0.78%,42.46MiB / 256MiB
1790660652,payflow-tempo-1,0.89%,160.9MiB / 1.5GiB
1790660652,payflow-grafana-1,1.86%,324.6MiB / 512MiB
1790660652,payflow-prometheus-1,0.20%,73.36MiB / 1GiB
1790660652,k3d-tiny-url-serverlb,0.00%,25.91MiB / 10.7GiB
1790660652,k3d-tiny-url-server-0,12.99%,1.029GiB / 10.7GiB
1790660664,affectionate_mayer,4.38%,24.25MiB / 10.7GiB
1790660664,payflow-payflow-1,84.15%,592MiB / 1.5GiB
1790660664,payflow-postgres-exporter-1,0.00%,9.027MiB / 128MiB
1790660664,payflow-postgres-1,34.36%,704.3MiB / 1GiB
1790660664,payflow-mongo-1,4.41%,247.2MiB / 1GiB
1790660664,payflow-keycloak-1,0.18%,771.4MiB / 10.7GiB
1790660664,payflow-kafka-1,16.54%,553.4MiB / 1.5GiB
1790660664,payflow-settlement-rail-1,0.77%,42.51MiB / 256MiB
1790660664,payflow-tempo-1,0.32%,162.4MiB / 1.5GiB
1790660664,payflow-grafana-1,0.92%,324.6MiB / 512MiB
1790660664,payflow-prometheus-1,0.23%,73.36MiB / 1GiB
1790660664,k3d-tiny-url-serverlb,0.00%,25.91MiB / 10.7GiB
1790660664,k3d-tiny-url-server-0,11.15%,1.037GiB / 10.7GiB
1790660676,affectionate_mayer,4.64%,24.28MiB / 10.7GiB
1790660676,payflow-payflow-1,80.91%,591.6MiB / 1.5GiB
1790660676,payflow-postgres-exporter-1,0.00%,9.109MiB / 128MiB
1790660676,payflow-postgres-1,40.62%,708.7MiB / 1GiB
1790660676,payflow-mongo-1,5.48%,247.2MiB / 1GiB
1790660676,payflow-keycloak-1,0.25%,771.4MiB / 10.7GiB
1790660676,payflow-kafka-1,18.31%,557.4MiB / 1.5GiB
1790660676,payflow-settlement-rail-1,0.53%,42.57MiB / 256MiB
1790660676,payflow-tempo-1,0.30%,158.2MiB / 1.5GiB
1790660676,payflow-grafana-1,1.08%,324.6MiB / 512MiB
1790660676,payflow-prometheus-1,0.30%,73.36MiB / 1GiB
1790660676,k3d-tiny-url-serverlb,0.00%,25.91MiB / 10.7GiB
1790660676,k3d-tiny-url-server-0,21.80%,1.037GiB / 10.7GiB
1790660689,payflow-payflow-1,3.86%,591.7MiB / 1.5GiB
1790660689,payflow-postgres-exporter-1,0.00%,8.93MiB / 128MiB
1790660689,payflow-postgres-1,2.34%,695.6MiB / 1GiB
1790660689,payflow-mongo-1,4.09%,249.2MiB / 1GiB
1790660689,payflow-keycloak-1,0.18%,771.3MiB / 10.7GiB
1790660689,payflow-kafka-1,137.01%,665.1MiB / 1.5GiB
1790660689,payflow-settlement-rail-1,0.01%,42.61MiB / 256MiB
1790660689,payflow-tempo-1,0.26%,159MiB / 1.5GiB
1790660689,payflow-grafana-1,0.78%,324.7MiB / 512MiB
1790660689,payflow-prometheus-1,0.22%,73.66MiB / 1GiB
1790660689,k3d-tiny-url-serverlb,0.00%,25.91MiB / 10.7GiB
1790660689,k3d-tiny-url-server-0,18.30%,1.037GiB / 10.7GiB
1790660701,payflow-payflow-1,6.91%,591.7MiB / 1.5GiB
1790660701,payflow-postgres-exporter-1,1.72%,9.73MiB / 128MiB
1790660701,payflow-postgres-1,1.76%,695.4MiB / 1GiB
1790660701,payflow-mongo-1,8.93%,247MiB / 1GiB
1790660701,payflow-keycloak-1,0.19%,771.3MiB / 10.7GiB
1790660701,payflow-kafka-1,107.60%,629.5MiB / 1.5GiB
1790660701,payflow-settlement-rail-1,0.02%,42.61MiB / 256MiB
1790660701,payflow-tempo-1,0.28%,160MiB / 1.5GiB
1790660701,payflow-grafana-1,0.92%,324.7MiB / 512MiB
1790660701,payflow-prometheus-1,0.47%,73.66MiB / 1GiB
1790660701,k3d-tiny-url-serverlb,0.00%,25.91MiB / 10.7GiB
1790660701,k3d-tiny-url-server-0,7.85%,1.039GiB / 10.7GiB
1790660713,payflow-payflow-1,7.73%,591.8MiB / 1.5GiB
1790660713,payflow-postgres-exporter-1,0.00%,8.379MiB / 128MiB
1790660713,payflow-postgres-1,5.65%,684.3MiB / 1GiB
1790660713,payflow-mongo-1,0.80%,247MiB / 1GiB
1790660713,payflow-keycloak-1,0.48%,771.3MiB / 10.7GiB
1790660713,payflow-kafka-1,3.73%,556.5MiB / 1.5GiB
1790660713,payflow-settlement-rail-1,0.03%,42.61MiB / 256MiB
1790660713,payflow-tempo-1,0.45%,160.3MiB / 1.5GiB
1790660713,payflow-grafana-1,1.40%,324.7MiB / 512MiB
1790660713,payflow-prometheus-1,0.75%,73.67MiB / 1GiB
1790660713,k3d-tiny-url-serverlb,0.00%,25.91MiB / 10.7GiB
1790660713,k3d-tiny-url-server-0,13.46%,1.037GiB / 10.7GiB
