1790490316,payflow-payflow-1,105.17%,521.9MiB / 1.5GiB
1790490316,payflow-postgres-exporter-1,1.62%,8.219MiB / 128MiB
1790490316,payflow-postgres-1,21.27%,102.2MiB / 1GiB
1790490316,payflow-mongo-1,0.41%,206.4MiB / 1GiB
1790490316,payflow-keycloak-1,60.35%,682.1MiB / 10.7GiB
1790490316,payflow-kafka-1,202.34%,585.7MiB / 1.5GiB
1790490316,payflow-grafana-1,0.73%,320MiB / 512MiB
1790490316,payflow-prometheus-1,0.48%,66.04MiB / 1GiB
1790490316,payflow-tempo-1,0.21%,113.3MiB / 1GiB
1790490316,k3d-tiny-url-serverlb,0.00%,26.15MiB / 10.7GiB
1790490316,k3d-tiny-url-server-0,10.14%,1.003GiB / 10.7GiB
1790490316,tender_bouman,7.58%,31.45MiB / 10.7GiB
1790490323,tender_bouman,3.14%,44.2MiB / 10.7GiB
1790490323,payflow-payflow-1,112.01%,526.1MiB / 1.5GiB
1790490323,payflow-postgres-exporter-1,0.00%,7.848MiB / 128MiB
1790490323,payflow-postgres-1,17.24%,103.7MiB / 1GiB
1790490323,payflow-mongo-1,53.11%,209MiB / 1GiB
1790490323,payflow-keycloak-1,0.46%,689.7MiB / 10.7GiB
1790490323,payflow-kafka-1,190.64%,595.8MiB / 1.5GiB
1790490323,payflow-grafana-1,1.08%,320MiB / 512MiB
1790490323,payflow-prometheus-1,0.66%,66.04MiB / 1GiB
1790490323,payflow-tempo-1,0.23%,114.4MiB / 1GiB
1790490323,k3d-tiny-url-serverlb,0.02%,26.15MiB / 10.7GiB
1790490323,k3d-tiny-url-server-0,7.40%,1.004GiB / 10.7GiB
1790490330,tender_bouman,8.10%,52.36MiB / 10.7GiB
1790490330,payflow-payflow-1,73.55%,528.5MiB / 1.5GiB
1790490330,payflow-postgres-exporter-1,2.05%,8.523MiB / 128MiB
1790490330,payflow-postgres-1,20.39%,106.9MiB / 1GiB
1790490330,payflow-mongo-1,2.78%,206.7MiB / 1GiB
1790490330,payflow-keycloak-1,0.19%,689.7MiB / 10.7GiB
1790490330,payflow-kafka-1,90.47%,495.6MiB / 1.5GiB
1790490330,payflow-grafana-1,0.72%,320MiB / 512MiB
1790490330,payflow-prometheus-1,0.39%,66.04MiB / 1GiB
1790490330,payflow-tempo-1,0.88%,115MiB / 1GiB
1790490330,k3d-tiny-url-serverlb,0.01%,26.15MiB / 10.7GiB
1790490330,k3d-tiny-url-server-0,8.61%,1.003GiB / 10.7GiB
1790490338,tender_bouman,3.15%,53.49MiB / 10.7GiB
1790490338,payflow-payflow-1,93.24%,531.4MiB / 1.5GiB
1790490338,payflow-postgres-exporter-1,0.00%,8.801MiB / 128MiB
1790490338,payflow-postgres-1,22.42%,109MiB / 1GiB
1790490338,payflow-mongo-1,2.70%,206.5MiB / 1GiB
1790490338,payflow-keycloak-1,0.18%,689.6MiB / 10.7GiB
1790490338,payflow-kafka-1,24.05%,493MiB / 1.5GiB
1790490338,payflow-grafana-1,1.04%,320MiB / 512MiB
1790490338,payflow-prometheus-1,1.50%,66.07MiB / 1GiB
1790490338,payflow-tempo-1,0.25%,116.6MiB / 1GiB
1790490338,k3d-tiny-url-serverlb,0.01%,26.15MiB / 10.7GiB
1790490338,k3d-tiny-url-server-0,10.69%,1.004GiB / 10.7GiB
1790490345,tender_bouman,3.55%,55.98MiB / 10.7GiB
1790490345,payflow-payflow-1,73.31%,532.2MiB / 1.5GiB
1790490345,payflow-postgres-exporter-1,0.00%,8.207MiB / 128MiB
1790490345,payflow-postgres-1,17.99%,110.9MiB / 1GiB
1790490345,payflow-mongo-1,15.95%,350.5MiB / 1GiB
1790490345,payflow-keycloak-1,0.18%,689.6MiB / 10.7GiB
1790490345,payflow-kafka-1,16.90%,496.3MiB / 1.5GiB
1790490345,payflow-grafana-1,0.89%,320MiB / 512MiB
1790490345,payflow-prometheus-1,0.67%,66.07MiB / 1GiB
1790490345,payflow-tempo-1,0.78%,116.6MiB / 1GiB
1790490345,k3d-tiny-url-serverlb,0.00%,26.15MiB / 10.7GiB
1790490345,k3d-tiny-url-server-0,12.43%,1.004GiB / 10.7GiB
1790490352,tender_bouman,8.12%,56.5MiB / 10.7GiB
1790490352,payflow-payflow-1,74.05%,533.5MiB / 1.5GiB
1790490352,payflow-postgres-exporter-1,1.37%,8.07MiB / 128MiB
1790490352,payflow-postgres-1,16.07%,111.8MiB / 1GiB
1790490352,payflow-mongo-1,2.70%,207MiB / 1GiB
1790490352,payflow-keycloak-1,0.19%,689.6MiB / 10.7GiB
1790490352,payflow-kafka-1,14.45%,492.1MiB / 1.5GiB
1790490352,payflow-grafana-1,0.79%,320MiB / 512MiB
1790490352,payflow-prometheus-1,0.15%,66.08MiB / 1GiB
1790490352,payflow-tempo-1,0.87%,113.5MiB / 1GiB
1790490352,k3d-tiny-url-serverlb,0.01%,26.15MiB / 10.7GiB
1790490352,k3d-tiny-url-server-0,7.08%,1.005GiB / 10.7GiB
1790490359,tender_bouman,2.98%,56.55MiB / 10.7GiB
1790490359,payflow-payflow-1,64.91%,534MiB / 1.5GiB
1790490359,payflow-postgres-exporter-1,0.00%,8.852MiB / 128MiB
1790490359,payflow-postgres-1,16.18%,114.7MiB / 1GiB
1790490359,payflow-mongo-1,2.30%,207.1MiB / 1GiB
1790490359,payflow-keycloak-1,0.18%,689.6MiB / 10.7GiB
1790490359,payflow-kafka-1,16.46%,494.6MiB / 1.5GiB
1790490359,payflow-grafana-1,0.89%,320MiB / 512MiB
1790490359,payflow-prometheus-1,0.24%,66.09MiB / 1GiB
1790490359,payflow-tempo-1,0.22%,114.3MiB / 1GiB
1790490359,k3d-tiny-url-serverlb,0.00%,26.15MiB / 10.7GiB
1790490359,k3d-tiny-url-server-0,13.48%,1.004GiB / 10.7GiB
1790490366,tender_bouman,3.94%,61.05MiB / 10.7GiB
1790490366,payflow-payflow-1,66.64%,535MiB / 1.5GiB
1790490366,payflow-postgres-exporter-1,0.00%,8.758MiB / 128MiB
1790490366,payflow-postgres-1,19.02%,116.3MiB / 1GiB
1790490366,payflow-mongo-1,3.12%,207.1MiB / 1GiB
1790490366,payflow-keycloak-1,0.19%,689.6MiB / 10.7GiB
1790490366,payflow-kafka-1,15.22%,497.3MiB / 1.5GiB
1790490366,payflow-grafana-1,0.94%,320MiB / 512MiB
1790490366,payflow-prometheus-1,0.18%,66.11MiB / 1GiB
1790490366,payflow-tempo-1,0.71%,114.8MiB / 1GiB
1790490366,k3d-tiny-url-serverlb,0.01%,26.15MiB / 10.7GiB
1790490366,k3d-tiny-url-server-0,8.28%,1.006GiB / 10.7GiB
1790490374,tender_bouman,3.89%,61.9MiB / 10.7GiB
1790490374,payflow-payflow-1,71.47%,535.9MiB / 1.5GiB
1790490374,payflow-postgres-exporter-1,0.00%,8.078MiB / 128MiB
1790490374,payflow-postgres-1,21.18%,118.8MiB / 1GiB
1790490374,payflow-mongo-1,5.93%,207.2MiB / 1GiB
1790490374,payflow-keycloak-1,0.30%,689.6MiB / 10.7GiB
1790490374,payflow-kafka-1,16.66%,498.6MiB / 1.5GiB
1790490374,payflow-grafana-1,0.87%,320MiB / 512MiB
1790490374,payflow-prometheus-1,0.22%,66.12MiB / 1GiB
1790490374,payflow-tempo-1,0.30%,114.8MiB / 1GiB
1790490374,k3d-tiny-url-serverlb,0.00%,26.15MiB / 10.7GiB
1790490374,k3d-tiny-url-server-0,7.83%,1.006GiB / 10.7GiB
1790490381,tender_bouman,11.99%,63.28MiB / 10.7GiB
1790490381,payflow-payflow-1,124.89%,537.7MiB / 1.5GiB
1790490381,payflow-postgres-exporter-1,1.72%,8.34MiB / 128MiB
1790490381,payflow-postgres-1,37.20%,122.3MiB / 1GiB
1790490381,payflow-mongo-1,2.56%,207.2MiB / 1GiB
1790490381,payflow-keycloak-1,0.16%,689.6MiB / 10.7GiB
1790490381,payflow-kafka-1,17.73%,507.7MiB / 1.5GiB
1790490381,payflow-grafana-1,0.71%,320MiB / 512MiB
1790490381,payflow-prometheus-1,0.52%,66.12MiB / 1GiB
1790490381,payflow-tempo-1,0.77%,116.1MiB / 1GiB
1790490381,k3d-tiny-url-serverlb,0.00%,26.15MiB / 10.7GiB
1790490381,k3d-tiny-url-server-0,6.03%,1.007GiB / 10.7GiB
1790490388,tender_bouman,15.26%,64.54MiB / 10.7GiB
1790490388,payflow-payflow-1,115.95%,541.3MiB / 1.5GiB
1790490388,payflow-postgres-exporter-1,0.00%,8.48MiB / 128MiB
1790490388,payflow-postgres-1,39.60%,133.1MiB / 1GiB
1790490388,payflow-mongo-1,2.32%,207.2MiB / 1GiB
1790490388,payflow-keycloak-1,0.16%,689.6MiB / 10.7GiB
1790490388,payflow-kafka-1,19.00%,504.5MiB / 1.5GiB
1790490388,payflow-grafana-1,0.89%,320MiB / 512MiB
1790490388,payflow-prometheus-1,0.74%,66.12MiB / 1GiB
1790490388,payflow-tempo-1,4.43%,116.9MiB / 1GiB
1790490388,k3d-tiny-url-serverlb,0.00%,26.15MiB / 10.7GiB
1790490388,k3d-tiny-url-server-0,11.20%,1.007GiB / 10.7GiB
1790490395,tender_bouman,23.75%,65.2MiB / 10.7GiB
1790490395,payflow-payflow-1,189.19%,548.6MiB / 1.5GiB
1790490395,payflow-postgres-exporter-1,0.00%,8.445MiB / 128MiB
1790490395,payflow-postgres-1,49.21%,142.2MiB / 1GiB
1790490395,payflow-mongo-1,58.23%,207.5MiB / 1GiB
1790490395,payflow-keycloak-1,0.21%,689.5MiB / 10.7GiB
1790490395,payflow-kafka-1,18.90%,504.7MiB / 1.5GiB
1790490395,payflow-grafana-1,1.09%,320MiB / 512MiB
1790490395,payflow-prometheus-1,0.69%,66.14MiB / 1GiB
1790490395,payflow-tempo-1,0.86%,116.9MiB / 1GiB
1790490395,k3d-tiny-url-serverlb,0.00%,26.15MiB / 10.7GiB
1790490395,k3d-tiny-url-server-0,6.68%,1.006GiB / 10.7GiB
1790490402,tender_bouman,20.28%,65.64MiB / 10.7GiB
1790490402,payflow-payflow-1,139.20%,544MiB / 1.5GiB
1790490402,payflow-postgres-exporter-1,0.00%,7.66MiB / 128MiB
1790490402,payflow-postgres-1,81.14%,148.6MiB / 1GiB
1790490402,payflow-mongo-1,6.57%,207.6MiB / 1GiB
1790490402,payflow-keycloak-1,0.23%,689.5MiB / 10.7GiB
1790490402,payflow-kafka-1,50.48%,524.7MiB / 1.5GiB
1790490402,payflow-grafana-1,0.81%,320MiB / 512MiB
1790490402,payflow-prometheus-1,0.83%,66.14MiB / 1GiB
1790490402,payflow-tempo-1,1.08%,119MiB / 1GiB
1790490402,k3d-tiny-url-serverlb,0.00%,26.15MiB / 10.7GiB
1790490402,k3d-tiny-url-server-0,6.81%,1.006GiB / 10.7GiB
1790490410,tender_bouman,18.54%,65.69MiB / 10.7GiB
1790490410,payflow-payflow-1,169.25%,544.6MiB / 1.5GiB
1790490410,payflow-postgres-exporter-1,0.00%,7.727MiB / 128MiB
1790490410,payflow-postgres-1,51.43%,152.8MiB / 1GiB
1790490410,payflow-mongo-1,6.93%,207.6MiB / 1GiB
1790490410,payflow-keycloak-1,0.22%,689.5MiB / 10.7GiB
1790490410,payflow-kafka-1,133.53%,565.7MiB / 1.5GiB
1790490410,payflow-grafana-1,1.10%,320MiB / 512MiB
1790490410,payflow-prometheus-1,0.61%,66.14MiB / 1GiB
1790490410,payflow-tempo-1,0.88%,117.9MiB / 1GiB
1790490410,k3d-tiny-url-serverlb,0.01%,26.15MiB / 10.7GiB
1790490410,k3d-tiny-url-server-0,8.33%,1.007GiB / 10.7GiB
1790490417,tender_bouman,4.65%,65.86MiB / 10.7GiB
1790490417,payflow-payflow-1,72.14%,545.4MiB / 1.5GiB
1790490417,payflow-postgres-exporter-1,0.00%,7.906MiB / 128MiB
1790490417,payflow-postgres-1,19.47%,155.5MiB / 1GiB
1790490417,payflow-mongo-1,43.85%,327.1MiB / 1GiB
1790490417,payflow-keycloak-1,0.17%,689.5MiB / 10.7GiB
1790490417,payflow-kafka-1,195.80%,588.1MiB / 1.5GiB
1790490417,payflow-grafana-1,0.88%,320MiB / 512MiB
1790490417,payflow-prometheus-1,0.14%,66.15MiB / 1GiB
1790490417,payflow-tempo-1,0.21%,119.6MiB / 1GiB
1790490417,k3d-tiny-url-serverlb,0.02%,26.15MiB / 10.7GiB
1790490417,k3d-tiny-url-server-0,8.97%,1.007GiB / 10.7GiB
1790490424,tender_bouman,3.57%,65.88MiB / 10.7GiB
1790490424,payflow-payflow-1,83.75%,546MiB / 1.5GiB
1790490424,payflow-postgres-exporter-1,0.00%,8.41MiB / 128MiB
1790490424,payflow-postgres-1,22.06%,157.9MiB / 1GiB
1790490424,payflow-mongo-1,27.45%,207.4MiB / 1GiB
1790490424,payflow-keycloak-1,1.69%,689.5MiB / 10.7GiB
1790490424,payflow-kafka-1,58.15%,537.9MiB / 1.5GiB
1790490424,payflow-grafana-1,0.92%,320MiB / 512MiB
1790490424,payflow-prometheus-1,0.20%,66.15MiB / 1GiB
1790490424,payflow-tempo-1,1.04%,118.3MiB / 1GiB
1790490424,k3d-tiny-url-serverlb,0.00%,26.15MiB / 10.7GiB
1790490424,k3d-tiny-url-server-0,7.15%,1.006GiB / 10.7GiB
1790490431,tender_bouman,3.39%,65.93MiB / 10.7GiB
1790490431,payflow-payflow-1,65.17%,546.8MiB / 1.5GiB
1790490431,payflow-postgres-exporter-1,0.00%,8.77MiB / 128MiB
1790490431,payflow-postgres-1,19.73%,159.6MiB / 1GiB
1790490431,payflow-mongo-1,6.40%,207.4MiB / 1GiB
1790490431,payflow-keycloak-1,0.18%,689.5MiB / 10.7GiB
1790490431,payflow-kafka-1,110.54%,512.4MiB / 1.5GiB
1790490431,payflow-grafana-1,0.83%,320MiB / 512MiB
1790490431,payflow-prometheus-1,0.42%,66.15MiB / 1GiB
1790490431,payflow-tempo-1,0.22%,118.6MiB / 1GiB
1790490431,k3d-tiny-url-serverlb,0.00%,26.15MiB / 10.7GiB
1790490431,k3d-tiny-url-server-0,8.09%,1.006GiB / 10.7GiB
1790490438,tender_bouman,3.31%,65.93MiB / 10.7GiB
1790490438,payflow-payflow-1,60.41%,547.7MiB / 1.5GiB
1790490438,payflow-postgres-exporter-1,0.00%,8.453MiB / 128MiB
1790490438,payflow-postgres-1,20.60%,161.6MiB / 1GiB
1790490438,payflow-mongo-1,7.49%,207.5MiB / 1GiB
1790490438,payflow-keycloak-1,0.20%,689.5MiB / 10.7GiB
1790490438,payflow-kafka-1,18.51%,511.6MiB / 1.5GiB
1790490438,payflow-grafana-1,1.16%,320MiB / 512MiB
1790490438,payflow-prometheus-1,0.21%,66.16MiB / 1GiB
1790490438,payflow-tempo-1,1.47%,118.6MiB / 1GiB
1790490438,k3d-tiny-url-serverlb,0.00%,26.15MiB / 10.7GiB
1790490438,k3d-tiny-url-server-0,8.82%,1.007GiB / 10.7GiB
1790490446,tender_bouman,9.12%,65.95MiB / 10.7GiB
1790490446,payflow-payflow-1,70.35%,548.5MiB / 1.5GiB
1790490446,payflow-postgres-exporter-1,1.66%,8.238MiB / 128MiB
1790490446,payflow-postgres-1,20.18%,163.7MiB / 1GiB
1790490446,payflow-mongo-1,53.44%,207.5MiB / 1GiB
1790490446,payflow-keycloak-1,0.23%,689.5MiB / 10.7GiB
1790490446,payflow-kafka-1,16.53%,512.1MiB / 1.5GiB
1790490446,payflow-grafana-1,0.93%,320MiB / 512MiB
1790490446,payflow-prometheus-1,0.43%,66.17MiB / 1GiB
1790490446,payflow-tempo-1,1.82%,117.4MiB / 1GiB
1790490446,k3d-tiny-url-serverlb,0.01%,26.15MiB / 10.7GiB
1790490446,k3d-tiny-url-server-0,7.63%,1.007GiB / 10.7GiB
1790490453,tender_bouman,4.35%,65.97MiB / 10.7GiB
1790490453,payflow-payflow-1,77.99%,548.7MiB / 1.5GiB
1790490453,payflow-postgres-exporter-1,0.00%,7.859MiB / 128MiB
1790490453,payflow-postgres-1,21.57%,166MiB / 1GiB
1790490453,payflow-mongo-1,8.55%,207.5MiB / 1GiB
1790490453,payflow-keycloak-1,0.22%,689.5MiB / 10.7GiB
1790490453,payflow-kafka-1,24.78%,512.6MiB / 1.5GiB
1790490453,payflow-grafana-1,1.12%,320MiB / 512MiB
1790490453,payflow-prometheus-1,0.88%,66.17MiB / 1GiB
1790490453,payflow-tempo-1,0.51%,117.4MiB / 1GiB
1790490453,k3d-tiny-url-serverlb,0.01%,26.15MiB / 10.7GiB
1790490453,k3d-tiny-url-server-0,7.97%,1.006GiB / 10.7GiB
1790490460,tender_bouman,3.20%,65.98MiB / 10.7GiB
1790490460,payflow-payflow-1,56.46%,549.1MiB / 1.5GiB
1790490460,payflow-postgres-exporter-1,0.00%,8.184MiB / 128MiB
1790490460,payflow-postgres-1,16.52%,167.6MiB / 1GiB
1790490460,payflow-mongo-1,6.38%,207.6MiB / 1GiB
1790490460,payflow-keycloak-1,0.19%,689.4MiB / 10.7GiB
1790490460,payflow-kafka-1,16.53%,513.5MiB / 1.5GiB
1790490460,payflow-grafana-1,0.85%,320MiB / 512MiB
1790490460,payflow-prometheus-1,0.75%,66.18MiB / 1GiB
1790490460,payflow-tempo-1,0.25%,117.5MiB / 1GiB
1790490460,k3d-tiny-url-serverlb,0.03%,26.15MiB / 10.7GiB
1790490460,k3d-tiny-url-server-0,7.15%,1.007GiB / 10.7GiB
1790490467,tender_bouman,3.48%,65.99MiB / 10.7GiB
1790490467,payflow-payflow-1,65.90%,550.1MiB / 1.5GiB
1790490467,payflow-postgres-exporter-1,0.00%,8.711MiB / 128MiB
1790490467,payflow-postgres-1,16.86%,168.5MiB / 1GiB
1790490467,payflow-mongo-1,7.55%,208MiB / 1GiB
1790490467,payflow-keycloak-1,0.18%,689.4MiB / 10.7GiB
1790490467,payflow-kafka-1,19.63%,514.3MiB / 1.5GiB
1790490467,payflow-grafana-1,0.81%,320MiB / 512MiB
1790490467,payflow-prometheus-1,0.20%,66.18MiB / 1GiB
1790490467,payflow-tempo-1,0.28%,117.5MiB / 1GiB
1790490467,k3d-tiny-url-serverlb,0.03%,26.15MiB / 10.7GiB
1790490467,k3d-tiny-url-server-0,10.05%,1.007GiB / 10.7GiB
1790490474,tender_bouman,3.78%,65.99MiB / 10.7GiB
1790490474,payflow-payflow-1,69.79%,553.7MiB / 1.5GiB
1790490474,payflow-postgres-exporter-1,0.00%,7.793MiB / 128MiB
1790490474,payflow-postgres-1,23.72%,169.1MiB / 1GiB
1790490474,payflow-mongo-1,48.61%,208.7MiB / 1GiB
1790490474,payflow-keycloak-1,0.22%,689.4MiB / 10.7GiB
1790490474,payflow-kafka-1,19.78%,517MiB / 1.5GiB
1790490474,payflow-grafana-1,1.35%,320MiB / 512MiB
1790490474,payflow-prometheus-1,1.59%,66.18MiB / 1GiB
1790490474,payflow-tempo-1,0.23%,115.3MiB / 1GiB
1790490474,k3d-tiny-url-serverlb,0.00%,26.15MiB / 10.7GiB
1790490474,k3d-tiny-url-server-0,8.82%,1.007GiB / 10.7GiB
1790490482,tender_bouman,3.70%,66MiB / 10.7GiB
1790490482,payflow-payflow-1,57.22%,553.7MiB / 1.5GiB
1790490482,payflow-postgres-exporter-1,0.00%,8.188MiB / 128MiB
1790490482,payflow-postgres-1,18.54%,169.4MiB / 1GiB
1790490482,payflow-mongo-1,4.71%,209.2MiB / 1GiB
1790490482,payflow-keycloak-1,0.17%,689.4MiB / 10.7GiB
1790490482,payflow-kafka-1,16.34%,520.9MiB / 1.5GiB
1790490482,payflow-grafana-1,0.84%,320MiB / 512MiB
1790490482,payflow-prometheus-1,0.20%,66.19MiB / 1GiB
1790490482,payflow-tempo-1,0.28%,109.7MiB / 1GiB
1790490482,k3d-tiny-url-serverlb,0.00%,26.15MiB / 10.7GiB
1790490482,k3d-tiny-url-server-0,8.53%,1.007GiB / 10.7GiB
1790490489,tender_bouman,3.77%,66MiB / 10.7GiB
1790490489,payflow-payflow-1,65.48%,554.1MiB / 1.5GiB
1790490489,payflow-postgres-exporter-1,0.00%,8.031MiB / 128MiB
1790490489,payflow-postgres-1,24.56%,170.2MiB / 1GiB
1790490489,payflow-mongo-1,6.07%,209.2MiB / 1GiB
1790490489,payflow-keycloak-1,0.22%,689.4MiB / 10.7GiB
1790490489,payflow-kafka-1,19.28%,518.6MiB / 1.5GiB
1790490489,payflow-grafana-1,1.01%,320MiB / 512MiB
1790490489,payflow-prometheus-1,0.22%,66.2MiB / 1GiB
1790490489,payflow-tempo-1,0.26%,109.2MiB / 1GiB
1790490489,k3d-tiny-url-serverlb,0.03%,26.15MiB / 10.7GiB
1790490489,k3d-tiny-url-server-0,15.62%,1.007GiB / 10.7GiB
1790490496,tender_bouman,3.36%,66MiB / 10.7GiB
1790490496,payflow-payflow-1,64.02%,554.5MiB / 1.5GiB
1790490496,payflow-postgres-exporter-1,1.27%,7.988MiB / 128MiB
1790490496,payflow-postgres-1,22.24%,172.6MiB / 1GiB
1790490496,payflow-mongo-1,49.92%,209.3MiB / 1GiB
1790490496,payflow-keycloak-1,0.18%,689.4MiB / 10.7GiB
1790490496,payflow-kafka-1,17.81%,520.1MiB / 1.5GiB
1790490496,payflow-grafana-1,0.83%,320MiB / 512MiB
1790490496,payflow-prometheus-1,0.39%,66.2MiB / 1GiB
1790490496,payflow-tempo-1,0.30%,109.2MiB / 1GiB
1790490496,k3d-tiny-url-serverlb,0.00%,26.15MiB / 10.7GiB
1790490496,k3d-tiny-url-server-0,7.25%,1.007GiB / 10.7GiB
1790490503,tender_bouman,3.60%,66MiB / 10.7GiB
1790490503,payflow-payflow-1,63.16%,554.4MiB / 1.5GiB
1790490503,payflow-postgres-exporter-1,0.00%,8.168MiB / 128MiB
1790490503,payflow-postgres-1,17.83%,174.8MiB / 1GiB
1790490503,payflow-mongo-1,6.73%,209.3MiB / 1GiB
1790490503,payflow-keycloak-1,0.19%,689.4MiB / 10.7GiB
1790490503,payflow-kafka-1,62.03%,552MiB / 1.5GiB
1790490503,payflow-grafana-1,1.63%,320MiB / 512MiB
1790490503,payflow-prometheus-1,0.24%,66.2MiB / 1GiB
1790490503,payflow-tempo-1,0.24%,112MiB / 1GiB
1790490503,k3d-tiny-url-serverlb,0.00%,26.15MiB / 10.7GiB
1790490503,k3d-tiny-url-server-0,8.29%,1.007GiB / 10.7GiB
1790490511,tender_bouman,3.14%,66.01MiB / 10.7GiB
1790490511,payflow-payflow-1,59.93%,554.5MiB / 1.5GiB
1790490511,payflow-postgres-exporter-1,0.00%,8.176MiB / 128MiB
1790490511,payflow-postgres-1,23.83%,177.3MiB / 1GiB
1790490511,payflow-mongo-1,5.52%,211.5MiB / 1GiB
1790490511,payflow-keycloak-1,0.17%,689.4MiB / 10.7GiB
1790490511,payflow-kafka-1,153.66%,606.4MiB / 1.5GiB
1790490511,payflow-grafana-1,0.76%,320MiB / 512MiB
1790490511,payflow-prometheus-1,0.36%,66.2MiB / 1GiB
1790490511,payflow-tempo-1,0.23%,114.6MiB / 1GiB
1790490511,k3d-tiny-url-serverlb,0.01%,26.15MiB / 10.7GiB
1790490511,k3d-tiny-url-server-0,8.49%,1.007GiB / 10.7GiB
1790490518,tender_bouman,3.05%,66.02MiB / 10.7GiB
1790490518,payflow-payflow-1,99.92%,559.7MiB / 1.5GiB
1790490518,payflow-postgres-exporter-1,0.00%,7.832MiB / 128MiB
1790490518,payflow-postgres-1,18.91%,179.8MiB / 1GiB
1790490518,payflow-mongo-1,44.30%,354.8MiB / 1GiB
1790490518,payflow-keycloak-1,0.18%,689.3MiB / 10.7GiB
1790490518,payflow-kafka-1,189.32%,625.9MiB / 1.5GiB
1790490518,payflow-grafana-1,0.91%,320MiB / 512MiB
1790490518,payflow-prometheus-1,0.69%,66.21MiB / 1GiB
1790490518,payflow-tempo-1,2.47%,114.9MiB / 1GiB
1790490518,k3d-tiny-url-serverlb,0.02%,26.15MiB / 10.7GiB
1790490518,k3d-tiny-url-server-0,9.21%,1.008GiB / 10.7GiB
1790490525,tender_bouman,2.98%,66.11MiB / 10.7GiB
1790490525,payflow-payflow-1,71.71%,555MiB / 1.5GiB
1790490525,payflow-postgres-exporter-1,0.00%,8.656MiB / 128MiB
1790490525,payflow-postgres-1,23.34%,181.7MiB / 1GiB
1790490525,payflow-mongo-1,3.02%,212.1MiB / 1GiB
1790490525,payflow-keycloak-1,0.16%,689.3MiB / 10.7GiB
1790490525,payflow-kafka-1,128.08%,526.4MiB / 1.5GiB
1790490525,payflow-grafana-1,0.73%,320MiB / 512MiB
1790490525,payflow-prometheus-1,0.54%,66.22MiB / 1GiB
1790490525,payflow-tempo-1,0.20%,112.8MiB / 1GiB
1790490525,k3d-tiny-url-serverlb,0.01%,26.15MiB / 10.7GiB
1790490525,k3d-tiny-url-server-0,9.63%,1.007GiB / 10.7GiB
1790490532,tender_bouman,2.97%,66.12MiB / 10.7GiB
1790490532,payflow-payflow-1,65.58%,556MiB / 1.5GiB
1790490532,payflow-postgres-exporter-1,0.00%,8.348MiB / 128MiB
1790490532,payflow-postgres-1,20.57%,181.9MiB / 1GiB
1790490532,payflow-mongo-1,2.57%,212.6MiB / 1GiB
1790490532,payflow-keycloak-1,0.16%,689.3MiB / 10.7GiB
1790490532,payflow-kafka-1,46.31%,535.8MiB / 1.5GiB
1790490532,payflow-grafana-1,0.90%,320MiB / 512MiB
1790490532,payflow-prometheus-1,0.61%,66.22MiB / 1GiB
1790490532,payflow-tempo-1,0.78%,113.9MiB / 1GiB
1790490532,k3d-tiny-url-serverlb,0.02%,26.15MiB / 10.7GiB
1790490532,k3d-tiny-url-server-0,7.83%,1.007GiB / 10.7GiB
1790490539,tender_bouman,10.08%,66.19MiB / 10.7GiB
1790490539,payflow-payflow-1,116.32%,555.7MiB / 1.5GiB
1790490539,payflow-postgres-exporter-1,0.00%,8.824MiB / 128MiB
1790490539,payflow-postgres-1,35.40%,183.7MiB / 1GiB
1790490539,payflow-mongo-1,3.99%,212.9MiB / 1GiB
1790490539,payflow-keycloak-1,0.17%,689.3MiB / 10.7GiB
1790490539,payflow-kafka-1,20.56%,529MiB / 1.5GiB
1790490539,payflow-grafana-1,0.76%,320MiB / 512MiB
1790490539,payflow-prometheus-1,0.69%,66.22MiB / 1GiB
1790490539,payflow-tempo-1,0.21%,115.8MiB / 1GiB
1790490539,k3d-tiny-url-serverlb,0.00%,26.15MiB / 10.7GiB
1790490539,k3d-tiny-url-server-0,10.90%,1.007GiB / 10.7GiB
1790490547,tender_bouman,17.80%,66.74MiB / 10.7GiB
1790490547,payflow-payflow-1,129.36%,556.3MiB / 1.5GiB
1790490547,payflow-postgres-exporter-1,0.00%,8.703MiB / 128MiB
1790490547,payflow-postgres-1,45.15%,188.5MiB / 1GiB
1790490547,payflow-mongo-1,13.14%,212.9MiB / 1GiB
1790490547,payflow-keycloak-1,0.15%,689.5MiB / 10.7GiB
1790490547,payflow-kafka-1,17.68%,530.5MiB / 1.5GiB
1790490547,payflow-grafana-1,0.81%,320MiB / 512MiB
1790490547,payflow-prometheus-1,0.15%,66.23MiB / 1GiB
1790490547,payflow-tempo-1,0.85%,117.7MiB / 1GiB
1790490547,k3d-tiny-url-serverlb,0.00%,26.15MiB / 10.7GiB
1790490547,k3d-tiny-url-server-0,6.71%,1.007GiB / 10.7GiB
1790490554,tender_bouman,14.50%,67.21MiB / 10.7GiB
1790490554,payflow-payflow-1,104.02%,556.4MiB / 1.5GiB
1790490554,payflow-postgres-exporter-1,0.00%,8.84MiB / 128MiB
1790490554,payflow-postgres-1,39.00%,193.8MiB / 1GiB
1790490554,payflow-mongo-1,1.65%,212.9MiB / 1GiB
1790490554,payflow-keycloak-1,0.15%,689.5MiB / 10.7GiB
1790490554,payflow-kafka-1,14.51%,532MiB / 1.5GiB
1790490554,payflow-grafana-1,0.64%,320MiB / 512MiB
1790490554,payflow-prometheus-1,0.18%,66.23MiB / 1GiB
1790490554,payflow-tempo-1,0.91%,114.8MiB / 1GiB
1790490554,k3d-tiny-url-serverlb,0.00%,26.15MiB / 10.7GiB
1790490554,k3d-tiny-url-server-0,8.31%,1.007GiB / 10.7GiB
1790490561,tender_bouman,16.55%,67.36MiB / 10.7GiB
1790490561,payflow-payflow-1,116.02%,557.2MiB / 1.5GiB
1790490561,payflow-postgres-exporter-1,1.59%,9.336MiB / 128MiB
1790490561,payflow-postgres-1,48.21%,201.6MiB / 1GiB
1790490561,payflow-mongo-1,2.03%,212.9MiB / 1GiB
1790490561,payflow-keycloak-1,127.33%,830.4MiB / 10.7GiB
1790490561,payflow-kafka-1,18.37%,542.3MiB / 1.5GiB
1790490561,payflow-grafana-1,0.76%,320MiB / 512MiB
1790490561,payflow-prometheus-1,0.45%,66.23MiB / 1GiB
1790490561,payflow-tempo-1,1.95%,119.4MiB / 1GiB
1790490561,k3d-tiny-url-serverlb,0.00%,26.15MiB / 10.7GiB
1790490561,k3d-tiny-url-server-0,7.76%,1.007GiB / 10.7GiB
1790490568,tender_bouman,15.52%,67.96MiB / 10.7GiB
1790490568,payflow-payflow-1,121.16%,557MiB / 1.5GiB
1790490568,payflow-postgres-exporter-1,0.00%,8.109MiB / 128MiB
1790490568,payflow-postgres-1,42.57%,207.1MiB / 1GiB
1790490568,payflow-mongo-1,2.43%,212.7MiB / 1GiB
1790490568,payflow-keycloak-1,0.13%,926.3MiB / 10.7GiB
1790490568,payflow-kafka-1,17.96%,534.7MiB / 1.5GiB
1790490568,payflow-grafana-1,0.87%,320MiB / 512MiB
1790490568,payflow-prometheus-1,0.75%,66.8MiB / 1GiB
1790490568,payflow-tempo-1,6.05%,117.4MiB / 1GiB
1790490568,k3d-tiny-url-serverlb,0.00%,26.15MiB / 10.7GiB
1790490568,k3d-tiny-url-server-0,8.03%,1.006GiB / 10.7GiB
1790490575,tender_bouman,8.46%,68.81MiB / 10.7GiB
1790490575,payflow-payflow-1,78.62%,559.3MiB / 1.5GiB
1790490575,payflow-postgres-exporter-1,1.69%,8.027MiB / 128MiB
1790490575,payflow-postgres-1,39.74%,216.1MiB / 1GiB
1790490575,payflow-mongo-1,8.52%,212.7MiB / 1GiB
1790490575,payflow-keycloak-1,0.20%,926.2MiB / 10.7GiB
1790490575,payflow-kafka-1,20.78%,535.5MiB / 1.5GiB
1790490575,payflow-grafana-1,0.77%,320MiB / 512MiB
1790490575,payflow-prometheus-1,0.44%,66.86MiB / 1GiB
1790490575,payflow-tempo-1,0.71%,119.7MiB / 1GiB
1790490575,k3d-tiny-url-serverlb,0.01%,26.15MiB / 10.7GiB
1790490575,k3d-tiny-url-server-0,7.14%,1.007GiB / 10.7GiB
1790490583,tender_bouman,3.91%,68.82MiB / 10.7GiB
1790490583,payflow-payflow-1,58.72%,560.8MiB / 1.5GiB
1790490583,payflow-postgres-exporter-1,0.00%,7.941MiB / 128MiB
1790490583,payflow-postgres-1,79.69%,218.3MiB / 1GiB
1790490583,payflow-mongo-1,1.96%,212.7MiB / 1GiB
1790490583,payflow-keycloak-1,0.13%,926.2MiB / 10.7GiB
1790490583,payflow-kafka-1,16.53%,537.4MiB / 1.5GiB
1790490583,payflow-grafana-1,0.72%,320MiB / 512MiB
1790490583,payflow-prometheus-1,0.56%,66.86MiB / 1GiB
1790490583,payflow-tempo-1,0.19%,120.6MiB / 1GiB
1790490583,k3d-tiny-url-serverlb,0.00%,26.15MiB / 10.7GiB
1790490583,k3d-tiny-url-server-0,6.31%,1.006GiB / 10.7GiB
1790490590,tender_bouman,3.66%,68.82MiB / 10.7GiB
1790490590,payflow-payflow-1,67.28%,562.4MiB / 1.5GiB
1790490590,payflow-postgres-exporter-1,0.00%,7.871MiB / 128MiB
1790490590,payflow-postgres-1,25.04%,218.7MiB / 1GiB
1790490590,payflow-mongo-1,3.39%,212.9MiB / 1GiB
1790490590,payflow-keycloak-1,0.17%,926.2MiB / 10.7GiB
1790490590,payflow-kafka-1,19.18%,538.7MiB / 1.5GiB
1790490590,payflow-grafana-1,0.98%,320MiB / 512MiB
1790490590,payflow-prometheus-1,0.79%,66.87MiB / 1GiB
1790490590,payflow-tempo-1,0.30%,119.5MiB / 1GiB
1790490590,k3d-tiny-url-serverlb,0.00%,26.15MiB / 10.7GiB
1790490590,k3d-tiny-url-server-0,8.69%,1.007GiB / 10.7GiB
1790490597,tender_bouman,3.96%,68.98MiB / 10.7GiB
1790490597,payflow-payflow-1,79.14%,562.2MiB / 1.5GiB
1790490597,payflow-postgres-exporter-1,0.00%,8.625MiB / 128MiB
1790490597,payflow-postgres-1,28.31%,219.8MiB / 1GiB
1790490597,payflow-mongo-1,49.84%,212.9MiB / 1GiB
1790490597,payflow-keycloak-1,0.20%,925.5MiB / 10.7GiB
1790490597,payflow-kafka-1,22.60%,542.3MiB / 1.5GiB
1790490597,payflow-grafana-1,0.86%,320MiB / 512MiB
1790490597,payflow-prometheus-1,0.21%,66.95MiB / 1GiB
1790490597,payflow-tempo-1,0.28%,119.6MiB / 1GiB
1790490597,k3d-tiny-url-serverlb,0.01%,26.15MiB / 10.7GiB
1790490597,k3d-tiny-url-server-0,12.27%,1.007GiB / 10.7GiB
1790490604,tender_bouman,3.39%,68.98MiB / 10.7GiB
1790490604,payflow-payflow-1,73.44%,562.2MiB / 1.5GiB
1790490604,payflow-postgres-exporter-1,0.00%,8.832MiB / 128MiB
1790490604,payflow-postgres-1,24.09%,221.4MiB / 1GiB
1790490604,payflow-mongo-1,3.44%,212.9MiB / 1GiB
1790490604,payflow-keycloak-1,0.17%,925.9MiB / 10.7GiB
1790490604,payflow-kafka-1,21.56%,543.9MiB / 1.5GiB
1790490604,payflow-grafana-1,1.07%,320MiB / 512MiB
1790490604,payflow-prometheus-1,1.02%,66.96MiB / 1GiB
1790490604,payflow-tempo-1,0.86%,119.7MiB / 1GiB
1790490604,k3d-tiny-url-serverlb,0.02%,26.15MiB / 10.7GiB
1790490604,k3d-tiny-url-server-0,25.16%,1021MiB / 10.7GiB
1790490612,tender_bouman,3.74%,68.99MiB / 10.7GiB
1790490612,payflow-payflow-1,78.09%,562.6MiB / 1.5GiB
1790490612,payflow-postgres-exporter-1,0.00%,9.188MiB / 128MiB
1790490612,payflow-postgres-1,15.23%,223.2MiB / 1GiB
1790490612,payflow-mongo-1,1.58%,213MiB / 1GiB
1790490612,payflow-keycloak-1,0.18%,925.9MiB / 10.7GiB
1790490612,payflow-kafka-1,68.02%,575.4MiB / 1.5GiB
1790490612,payflow-grafana-1,0.85%,320MiB / 512MiB
1790490612,payflow-prometheus-1,0.22%,66.97MiB / 1GiB
1790490612,payflow-tempo-1,0.31%,111.8MiB / 1GiB
1790490612,k3d-tiny-url-serverlb,0.00%,26.15MiB / 10.7GiB
1790490612,k3d-tiny-url-server-0,9.84%,1021MiB / 10.7GiB
1790490619,tender_bouman,4.08%,68.99MiB / 10.7GiB
1790490619,payflow-payflow-1,41.83%,563.2MiB / 1.5GiB
1790490619,payflow-postgres-exporter-1,0.00%,9.102MiB / 128MiB
1790490619,payflow-postgres-1,11.89%,226.9MiB / 1GiB
1790490619,payflow-mongo-1,11.38%,298.2MiB / 1GiB
1790490619,payflow-keycloak-1,0.16%,925.9MiB / 10.7GiB
1790490619,payflow-kafka-1,158.39%,619.9MiB / 1.5GiB
1790490619,payflow-grafana-1,0.97%,320MiB / 512MiB
1790490619,payflow-prometheus-1,0.18%,66.97MiB / 1GiB
1790490619,payflow-tempo-1,1.56%,112.4MiB / 1GiB
1790490619,k3d-tiny-url-serverlb,0.00%,26.15MiB / 10.7GiB
1790490619,k3d-tiny-url-server-0,6.40%,1021MiB / 10.7GiB
1790490626,tender_bouman,6.62%,68.98MiB / 10.7GiB
1790490626,payflow-payflow-1,61.28%,563.4MiB / 1.5GiB
1790490626,payflow-postgres-exporter-1,1.37%,7.922MiB / 128MiB
1790490626,payflow-postgres-1,27.92%,229.9MiB / 1GiB
1790490626,payflow-mongo-1,47.16%,213.1MiB / 1GiB
1790490626,payflow-keycloak-1,0.15%,926MiB / 10.7GiB
1790490626,payflow-kafka-1,61.96%,591.4MiB / 1.5GiB
1790490626,payflow-grafana-1,0.76%,320MiB / 512MiB
1790490626,payflow-prometheus-1,0.38%,66.99MiB / 1GiB
1790490626,payflow-tempo-1,0.26%,112.8MiB / 1GiB
1790490626,k3d-tiny-url-serverlb,0.00%,26.15MiB / 10.7GiB
1790490626,k3d-tiny-url-server-0,7.07%,1022MiB / 10.7GiB
1790490633,tender_bouman,3.84%,68.97MiB / 10.7GiB
1790490633,payflow-payflow-1,79.02%,564.1MiB / 1.5GiB
1790490633,payflow-postgres-exporter-1,0.00%,7.922MiB / 128MiB
1790490633,payflow-postgres-1,19.81%,232.8MiB / 1GiB
1790490633,payflow-mongo-1,2.77%,213.1MiB / 1GiB
1790490633,payflow-keycloak-1,0.48%,925.9MiB / 10.7GiB
1790490633,payflow-kafka-1,135.98%,615.6MiB / 1.5GiB
1790490633,payflow-grafana-1,0.91%,320MiB / 512MiB
1790490633,payflow-prometheus-1,0.58%,67MiB / 1GiB
1790490633,payflow-tempo-1,0.44%,114.8MiB / 1GiB
1790490633,k3d-tiny-url-serverlb,0.00%,26.15MiB / 10.7GiB
1790490633,k3d-tiny-url-server-0,9.06%,1021MiB / 10.7GiB
1790490641,tender_bouman,2.87%,68.98MiB / 10.7GiB
1790490641,payflow-payflow-1,68.13%,563.7MiB / 1.5GiB
1790490641,payflow-postgres-exporter-1,1.63%,8.934MiB / 128MiB
1790490641,payflow-postgres-1,24.16%,236.4MiB / 1GiB
1790490641,payflow-mongo-1,1.81%,213.1MiB / 1GiB
1790490641,payflow-keycloak-1,0.16%,925.9MiB / 10.7GiB
1790490641,payflow-kafka-1,186.00%,656.5MiB / 1.5GiB
1790490641,payflow-grafana-1,0.75%,320MiB / 512MiB
1790490641,payflow-prometheus-1,0.39%,67.01MiB / 1GiB
1790490641,payflow-tempo-1,0.19%,114.3MiB / 1GiB
1790490641,k3d-tiny-url-serverlb,0.01%,26.15MiB / 10.7GiB
1790490641,k3d-tiny-url-server-0,8.14%,1023MiB / 10.7GiB
1790490648,tender_bouman,4.22%,68.99MiB / 10.7GiB
1790490648,payflow-payflow-1,76.77%,564MiB / 1.5GiB
1790490648,payflow-postgres-exporter-1,0.00%,8.477MiB / 128MiB
1790490648,payflow-postgres-1,27.00%,238.3MiB / 1GiB
1790490648,payflow-mongo-1,57.23%,364.7MiB / 1GiB
1790490648,payflow-keycloak-1,0.20%,925.9MiB / 10.7GiB
1790490648,payflow-kafka-1,98.92%,547.8MiB / 1.5GiB
1790490648,payflow-grafana-1,1.40%,320MiB / 512MiB
1790490648,payflow-prometheus-1,0.90%,67.01MiB / 1GiB
1790490648,payflow-tempo-1,4.67%,114.6MiB / 1GiB
1790490648,k3d-tiny-url-serverlb,0.00%,26.15MiB / 10.7GiB
1790490648,k3d-tiny-url-server-0,16.29%,1023MiB / 10.7GiB
1790490655,tender_bouman,3.36%,69MiB / 10.7GiB
1790490655,payflow-payflow-1,68.75%,564MiB / 1.5GiB
1790490655,payflow-postgres-exporter-1,0.00%,8.438MiB / 128MiB
1790490655,payflow-postgres-1,23.60%,240.8MiB / 1GiB
1790490655,payflow-mongo-1,3.72%,213.4MiB / 1GiB
1790490655,payflow-keycloak-1,0.17%,925.9MiB / 10.7GiB
1790490655,payflow-kafka-1,65.31%,563.8MiB / 1.5GiB
1790490655,payflow-grafana-1,1.26%,320MiB / 512MiB
1790490655,payflow-prometheus-1,0.71%,67.01MiB / 1GiB
1790490655,payflow-tempo-1,0.31%,114.6MiB / 1GiB
1790490655,k3d-tiny-url-serverlb,0.03%,26.15MiB / 10.7GiB
1790490655,k3d-tiny-url-server-0,13.18%,1023MiB / 10.7GiB
1790490662,tender_bouman,5.35%,69MiB / 10.7GiB
1790490662,payflow-payflow-1,82.80%,564.3MiB / 1.5GiB
1790490662,payflow-postgres-exporter-1,0.00%,8.555MiB / 128MiB
1790490662,payflow-postgres-1,29.01%,242.7MiB / 1GiB
1790490662,payflow-mongo-1,2.83%,213.4MiB / 1GiB
1790490662,payflow-keycloak-1,0.20%,925.9MiB / 10.7GiB
1790490662,payflow-kafka-1,29.60%,550.8MiB / 1.5GiB
1790490662,payflow-grafana-1,1.30%,320MiB / 512MiB
1790490662,payflow-prometheus-1,0.29%,67.02MiB / 1GiB
1790490662,payflow-tempo-1,0.33%,115MiB / 1GiB
1790490662,k3d-tiny-url-serverlb,0.00%,26.15MiB / 10.7GiB
1790490662,k3d-tiny-url-server-0,6.56%,1023MiB / 10.7GiB
1790490670,tender_bouman,5.56%,69MiB / 10.7GiB
1790490670,payflow-payflow-1,69.87%,564.8MiB / 1.5GiB
1790490670,payflow-postgres-exporter-1,0.00%,8.883MiB / 128MiB
1790490670,payflow-postgres-1,30.30%,244.8MiB / 1GiB
1790490670,payflow-mongo-1,2.69%,213.5MiB / 1GiB
1790490670,payflow-keycloak-1,0.22%,926.2MiB / 10.7GiB
1790490670,payflow-kafka-1,18.98%,551.3MiB / 1.5GiB
1790490670,payflow-grafana-1,1.29%,320MiB / 512MiB
1790490670,payflow-prometheus-1,0.68%,67.02MiB / 1GiB
1790490670,payflow-tempo-1,0.87%,115.1MiB / 1GiB
1790490670,k3d-tiny-url-serverlb,0.00%,26.15MiB / 10.7GiB
1790490670,k3d-tiny-url-server-0,20.04%,1023MiB / 10.7GiB
1790490677,tender_bouman,6.22%,69MiB / 10.7GiB
1790490677,payflow-payflow-1,81.94%,564.4MiB / 1.5GiB
1790490677,payflow-postgres-exporter-1,0.00%,8.316MiB / 128MiB
1790490677,payflow-postgres-1,35.56%,246.5MiB / 1GiB
1790490677,payflow-mongo-1,47.15%,213.5MiB / 1GiB
1790490677,payflow-keycloak-1,0.22%,926.2MiB / 10.7GiB
1790490677,payflow-kafka-1,22.74%,551.7MiB / 1.5GiB
1790490677,payflow-grafana-1,1.34%,320MiB / 512MiB
1790490677,payflow-prometheus-1,0.22%,67.09MiB / 1GiB
1790490677,payflow-tempo-1,0.33%,115.7MiB / 1GiB
1790490677,k3d-tiny-url-serverlb,0.00%,26.15MiB / 10.7GiB
1790490677,k3d-tiny-url-server-0,14.07%,1.001GiB / 10.7GiB
1790490684,tender_bouman,3.88%,69.01MiB / 10.7GiB
1790490684,payflow-payflow-1,58.44%,564.7MiB / 1.5GiB
1790490684,payflow-postgres-exporter-1,0.00%,8.223MiB / 128MiB
1790490684,payflow-postgres-1,19.99%,247.7MiB / 1GiB
1790490684,payflow-mongo-1,1.57%,213.2MiB / 1GiB
1790490684,payflow-keycloak-1,0.16%,926.2MiB / 10.7GiB
1790490684,payflow-kafka-1,19.12%,553.2MiB / 1.5GiB
1790490684,payflow-grafana-1,1.23%,320MiB / 512MiB
1790490684,payflow-prometheus-1,0.20%,68.03MiB / 1GiB
1790490684,payflow-tempo-1,0.37%,115.7MiB / 1GiB
1790490684,k3d-tiny-url-serverlb,0.01%,26.15MiB / 10.7GiB
1790490684,k3d-tiny-url-server-0,8.10%,1.001GiB / 10.7GiB
1790490691,tender_bouman,15.07%,69.02MiB / 10.7GiB
1790490691,payflow-payflow-1,48.12%,564.6MiB / 1.5GiB
1790490691,payflow-postgres-exporter-1,0.00%,8.496MiB / 128MiB
1790490691,payflow-postgres-1,17.29%,247.3MiB / 1GiB
1790490691,payflow-mongo-1,0.81%,213.2MiB / 1GiB
1790490691,payflow-keycloak-1,0.18%,926.4MiB / 10.7GiB
1790490691,payflow-kafka-1,13.38%,553.9MiB / 1.5GiB
1790490691,payflow-grafana-1,0.80%,320MiB / 512MiB
1790490691,payflow-prometheus-1,0.41%,69.42MiB / 1GiB
1790490691,payflow-tempo-1,0.34%,115.7MiB / 1GiB
1790490691,k3d-tiny-url-serverlb,0.01%,26.15MiB / 10.7GiB
1790490691,k3d-tiny-url-server-0,9.25%,1.001GiB / 10.7GiB
1790490698,payflow-payflow-1,47.02%,564.6MiB / 1.5GiB
1790490698,payflow-postgres-exporter-1,0.00%,8.352MiB / 128MiB
1790490698,payflow-postgres-1,14.44%,247.4MiB / 1GiB
1790490698,payflow-mongo-1,31.29%,363MiB / 1GiB
1790490698,payflow-keycloak-1,0.18%,926.5MiB / 10.7GiB
1790490698,payflow-kafka-1,17.61%,555.6MiB / 1.5GiB
1790490698,payflow-grafana-1,1.00%,320MiB / 512MiB
1790490698,payflow-prometheus-1,0.20%,69.54MiB / 1GiB
1790490698,payflow-tempo-1,1.39%,115.7MiB / 1GiB
1790490698,k3d-tiny-url-serverlb,0.00%,26.15MiB / 10.7GiB
1790490698,k3d-tiny-url-server-0,12.17%,1.001GiB / 10.7GiB
1790490706,payflow-payflow-1,51.22%,564.6MiB / 1.5GiB
1790490706,payflow-postgres-exporter-1,2.35%,7.984MiB / 128MiB
1790490706,payflow-postgres-1,20.37%,248.3MiB / 1GiB
1790490706,payflow-mongo-1,3.05%,213.2MiB / 1GiB
1790490706,payflow-keycloak-1,0.21%,926.5MiB / 10.7GiB
1790490706,payflow-kafka-1,16.83%,556MiB / 1.5GiB
1790490706,payflow-grafana-1,1.02%,320MiB / 512MiB
1790490706,payflow-prometheus-1,0.44%,69.56MiB / 1GiB
1790490706,payflow-tempo-1,0.31%,115.9MiB / 1GiB
1790490706,k3d-tiny-url-serverlb,0.04%,26.15MiB / 10.7GiB
1790490706,k3d-tiny-url-server-0,11.09%,1.001GiB / 10.7GiB
1790490713,payflow-payflow-1,42.50%,564.7MiB / 1.5GiB
1790490713,payflow-postgres-exporter-1,0.00%,8.754MiB / 128MiB
1790490713,payflow-postgres-1,14.20%,248.4MiB / 1GiB
1790490713,payflow-mongo-1,4.02%,213.3MiB / 1GiB
1790490713,payflow-keycloak-1,0.18%,926.5MiB / 10.7GiB
1790490713,payflow-kafka-1,15.16%,556.7MiB / 1.5GiB
1790490713,payflow-grafana-1,0.94%,320MiB / 512MiB
1790490713,payflow-prometheus-1,0.61%,69.57MiB / 1GiB
1790490713,payflow-tempo-1,0.28%,115.9MiB / 1GiB
1790490713,k3d-tiny-url-serverlb,0.00%,26.15MiB / 10.7GiB
1790490713,k3d-tiny-url-server-0,8.44%,1.001GiB / 10.7GiB
1790490720,payflow-payflow-1,50.83%,564.8MiB / 1.5GiB
1790490720,payflow-postgres-exporter-1,0.00%,8.844MiB / 128MiB
1790490720,payflow-postgres-1,13.97%,248.4MiB / 1GiB
1790490720,payflow-mongo-1,10.68%,236.2MiB / 1GiB
1790490720,payflow-keycloak-1,0.20%,926.5MiB / 10.7GiB
1790490720,payflow-kafka-1,49.33%,579.4MiB / 1.5GiB
1790490720,payflow-grafana-1,0.87%,320MiB / 512MiB
1790490720,payflow-prometheus-1,0.65%,69.66MiB / 1GiB
1790490720,payflow-tempo-1,0.32%,116MiB / 1GiB
1790490720,k3d-tiny-url-serverlb,0.00%,26.15MiB / 10.7GiB
1790490720,k3d-tiny-url-server-0,9.80%,1.001GiB / 10.7GiB
1790490727,payflow-payflow-1,46.64%,565.1MiB / 1.5GiB
1790490727,payflow-postgres-exporter-1,0.00%,8.316MiB / 128MiB
1790490727,payflow-postgres-1,12.40%,248.9MiB / 1GiB
1790490727,payflow-mongo-1,6.99%,213.5MiB / 1GiB
1790490727,payflow-keycloak-1,0.14%,926.6MiB / 10.7GiB
1790490727,payflow-kafka-1,151.22%,638.2MiB / 1.5GiB
1790490727,payflow-grafana-1,0.92%,320MiB / 512MiB
1790490727,payflow-prometheus-1,0.18%,69.66MiB / 1GiB
1790490727,payflow-tempo-1,0.30%,111.9MiB / 1GiB
1790490727,k3d-tiny-url-serverlb,0.01%,26.15MiB / 10.7GiB
1790490727,k3d-tiny-url-server-0,9.73%,1.001GiB / 10.7GiB
1790490734,payflow-payflow-1,42.05%,565.2MiB / 1.5GiB
1790490734,payflow-postgres-exporter-1,0.00%,8.488MiB / 128MiB
1790490734,payflow-postgres-1,10.94%,248.7MiB / 1GiB
1790490734,payflow-mongo-1,6.05%,213.6MiB / 1GiB
1790490734,payflow-keycloak-1,0.14%,926.7MiB / 10.7GiB
1790490734,payflow-kafka-1,155.94%,670.1MiB / 1.5GiB
1790490734,payflow-grafana-1,0.75%,320MiB / 512MiB
1790490734,payflow-prometheus-1,0.62%,69.68MiB / 1GiB
1790490734,payflow-tempo-1,0.19%,112MiB / 1GiB
1790490734,k3d-tiny-url-serverlb,0.00%,26.15MiB / 10.7GiB
1790490734,k3d-tiny-url-server-0,9.00%,1.001GiB / 10.7GiB
1790490742,payflow-payflow-1,47.49%,565MiB / 1.5GiB
1790490742,payflow-postgres-exporter-1,1.78%,8.266MiB / 128MiB
1790490742,payflow-postgres-1,12.42%,250.1MiB / 1GiB
1790490742,payflow-mongo-1,5.27%,214.1MiB / 1GiB
1790490742,payflow-keycloak-1,0.18%,926.7MiB / 10.7GiB
1790490742,payflow-kafka-1,55.78%,562.4MiB / 1.5GiB
1790490742,payflow-grafana-1,1.08%,320MiB / 512MiB
1790490742,payflow-prometheus-1,0.19%,69.68MiB / 1GiB
1790490742,payflow-tempo-1,3.20%,112MiB / 1GiB
1790490742,k3d-tiny-url-serverlb,0.00%,26.15MiB / 10.7GiB
1790490742,k3d-tiny-url-server-0,8.41%,1.001GiB / 10.7GiB
1790490749,payflow-payflow-1,51.54%,565.3MiB / 1.5GiB
1790490749,payflow-postgres-exporter-1,0.00%,7.941MiB / 128MiB
1790490749,payflow-postgres-1,16.85%,248.7MiB / 1GiB
1790490749,payflow-mongo-1,44.60%,214.1MiB / 1GiB
1790490749,payflow-keycloak-1,0.18%,926.7MiB / 10.7GiB
1790490749,payflow-kafka-1,22.46%,564.2MiB / 1.5GiB
1790490749,payflow-grafana-1,0.85%,320MiB / 512MiB
1790490749,payflow-prometheus-1,0.33%,69.68MiB / 1GiB
1790490749,payflow-tempo-1,0.92%,112MiB / 1GiB
1790490749,k3d-tiny-url-serverlb,0.00%,26.15MiB / 10.7GiB
1790490749,k3d-tiny-url-server-0,9.67%,1.001GiB / 10.7GiB
1790490756,payflow-payflow-1,53.09%,565.1MiB / 1.5GiB
1790490756,payflow-postgres-exporter-1,1.57%,7.922MiB / 128MiB
1790490756,payflow-postgres-1,16.67%,248.7MiB / 1GiB
1790490756,payflow-mongo-1,5.95%,214.1MiB / 1GiB
1790490756,payflow-keycloak-1,0.25%,926.6MiB / 10.7GiB
1790490756,payflow-kafka-1,18.65%,564.8MiB / 1.5GiB
1790490756,payflow-grafana-1,0.77%,320MiB / 512MiB
1790490756,payflow-prometheus-1,0.36%,69.69MiB / 1GiB
1790490756,payflow-tempo-1,0.24%,112MiB / 1GiB
1790490756,k3d-tiny-url-serverlb,0.00%,26.15MiB / 10.7GiB
1790490756,k3d-tiny-url-server-0,10.44%,1.001GiB / 10.7GiB
1790490763,payflow-payflow-1,46.45%,565.4MiB / 1.5GiB
1790490763,payflow-postgres-exporter-1,0.00%,8.098MiB / 128MiB
1790490763,payflow-postgres-1,24.84%,248.8MiB / 1GiB
1790490763,payflow-mongo-1,5.42%,214.1MiB / 1GiB
1790490763,payflow-keycloak-1,0.17%,926.6MiB / 10.7GiB
1790490763,payflow-kafka-1,16.92%,565.9MiB / 1.5GiB
1790490763,payflow-grafana-1,0.89%,320MiB / 512MiB
1790490763,payflow-prometheus-1,0.18%,69.69MiB / 1GiB
1790490763,payflow-tempo-1,0.25%,110.5MiB / 1GiB
1790490763,k3d-tiny-url-serverlb,0.01%,26.15MiB / 10.7GiB
1790490763,k3d-tiny-url-server-0,7.15%,1.001GiB / 10.7GiB
1790490770,payflow-payflow-1,44.49%,565.4MiB / 1.5GiB
1790490770,payflow-postgres-exporter-1,1.85%,8.113MiB / 128MiB
1790490770,payflow-postgres-1,19.05%,249.8MiB / 1GiB
1790490770,payflow-mongo-1,6.79%,216.6MiB / 1GiB
1790490770,payflow-keycloak-1,0.16%,926.6MiB / 10.7GiB
1790490770,payflow-kafka-1,20.82%,567.4MiB / 1.5GiB
1790490770,payflow-grafana-1,0.92%,320MiB / 512MiB
1790490770,payflow-prometheus-1,0.62%,69.7MiB / 1GiB
1790490770,payflow-tempo-1,0.25%,110.5MiB / 1GiB
1790490770,k3d-tiny-url-serverlb,0.00%,26.15MiB / 10.7GiB
1790490770,k3d-tiny-url-server-0,8.68%,1.001GiB / 10.7GiB
1790490778,payflow-payflow-1,45.40%,565.3MiB / 1.5GiB
1790490778,payflow-postgres-exporter-1,0.00%,8.859MiB / 128MiB
1790490778,payflow-postgres-1,15.39%,249.6MiB / 1GiB
1790490778,payflow-mongo-1,3.29%,216.6MiB / 1GiB
1790490778,payflow-keycloak-1,0.17%,926.6MiB / 10.7GiB
1790490778,payflow-kafka-1,15.36%,569.9MiB / 1.5GiB
1790490778,payflow-grafana-1,1.00%,320MiB / 512MiB
1790490778,payflow-prometheus-1,0.59%,69.71MiB / 1GiB
1790490778,payflow-tempo-1,0.28%,110.6MiB / 1GiB
1790490778,k3d-tiny-url-serverlb,0.00%,26.15MiB / 10.7GiB
1790490778,k3d-tiny-url-server-0,12.05%,1.002GiB / 10.7GiB
1790490785,payflow-payflow-1,44.01%,565.8MiB / 1.5GiB
1790490785,payflow-postgres-exporter-1,0.00%,9.09MiB / 128MiB
1790490785,payflow-postgres-1,12.98%,249.4MiB / 1GiB
1790490785,payflow-mongo-1,7.42%,216.7MiB / 1GiB
1790490785,payflow-keycloak-1,0.75%,927MiB / 10.7GiB
1790490785,payflow-kafka-1,16.47%,569.2MiB / 1.5GiB
1790490785,payflow-grafana-1,0.93%,320MiB / 512MiB
1790490785,payflow-prometheus-1,0.76%,69.71MiB / 1GiB
1790490785,payflow-tempo-1,0.25%,110.6MiB / 1GiB
1790490785,k3d-tiny-url-serverlb,0.00%,26.15MiB / 10.7GiB
1790490785,k3d-tiny-url-server-0,8.92%,1.001GiB / 10.7GiB
1790490792,payflow-payflow-1,42.08%,565.4MiB / 1.5GiB
1790490792,payflow-postgres-exporter-1,0.00%,8.137MiB / 128MiB
1790490792,payflow-postgres-1,12.32%,249.5MiB / 1GiB
1790490792,payflow-mongo-1,5.21%,216.7MiB / 1GiB
1790490792,payflow-keycloak-1,0.16%,927MiB / 10.7GiB
1790490792,payflow-kafka-1,15.55%,573.7MiB / 1.5GiB
1790490792,payflow-grafana-1,0.88%,320MiB / 512MiB
1790490792,payflow-prometheus-1,0.17%,69.71MiB / 1GiB
1790490792,payflow-tempo-1,0.78%,110.6MiB / 1GiB
1790490792,k3d-tiny-url-serverlb,0.00%,26.15MiB / 10.7GiB
1790490792,k3d-tiny-url-server-0,7.67%,1.001GiB / 10.7GiB
1790490799,payflow-payflow-1,80.31%,565.8MiB / 1.5GiB
1790490799,payflow-postgres-exporter-1,0.00%,8.758MiB / 128MiB
1790490799,payflow-postgres-1,16.32%,249.5MiB / 1GiB
1790490799,payflow-mongo-1,6.88%,216.5MiB / 1GiB
1790490799,payflow-keycloak-1,0.21%,927MiB / 10.7GiB
1790490799,payflow-kafka-1,30.49%,575.8MiB / 1.5GiB
1790490799,payflow-grafana-1,0.89%,320MiB / 512MiB
1790490799,payflow-prometheus-1,0.36%,69.73MiB / 1GiB
1790490799,payflow-tempo-1,0.36%,111.5MiB / 1GiB
1790490799,k3d-tiny-url-serverlb,0.01%,26.15MiB / 10.7GiB
1790490799,k3d-tiny-url-server-0,7.73%,1.002GiB / 10.7GiB
1790490806,payflow-payflow-1,51.07%,565.9MiB / 1.5GiB
1790490806,payflow-postgres-exporter-1,2.92%,8.348MiB / 128MiB
1790490806,payflow-postgres-1,15.04%,250.1MiB / 1GiB
1790490806,payflow-mongo-1,4.81%,216.5MiB / 1GiB
1790490806,payflow-keycloak-1,0.15%,927MiB / 10.7GiB
1790490806,payflow-kafka-1,115.87%,633.7MiB / 1.5GiB
1790490806,payflow-grafana-1,1.00%,320MiB / 512MiB
1790490806,payflow-prometheus-1,0.18%,69.81MiB / 1GiB
1790490806,payflow-tempo-1,0.53%,111.5MiB / 1GiB
1790490806,k3d-tiny-url-serverlb,0.00%,26.15MiB / 10.7GiB
1790490806,k3d-tiny-url-server-0,8.80%,1.002GiB / 10.7GiB
1790490814,payflow-payflow-1,44.29%,565.7MiB / 1.5GiB
1790490814,payflow-postgres-exporter-1,0.00%,8.27MiB / 128MiB
1790490814,payflow-postgres-1,16.79%,250.1MiB / 1GiB
1790490814,payflow-mongo-1,7.12%,216.5MiB / 1GiB
1790490814,payflow-keycloak-1,0.17%,926.9MiB / 10.7GiB
1790490814,payflow-kafka-1,189.65%,671.9MiB / 1.5GiB
1790490814,payflow-grafana-1,0.83%,320MiB / 512MiB
1790490814,payflow-prometheus-1,0.18%,69.82MiB / 1GiB
1790490814,payflow-tempo-1,0.24%,111.5MiB / 1GiB
1790490814,k3d-tiny-url-serverlb,0.00%,26.15MiB / 10.7GiB
1790490814,k3d-tiny-url-server-0,8.56%,1.001GiB / 10.7GiB
1790490821,payflow-payflow-1,52.93%,565.7MiB / 1.5GiB
1790490821,payflow-postgres-exporter-1,1.45%,8.816MiB / 128MiB
1790490821,payflow-postgres-1,19.35%,250.2MiB / 1GiB
1790490821,payflow-mongo-1,33.96%,216.5MiB / 1GiB
1790490821,payflow-keycloak-1,0.14%,926.9MiB / 10.7GiB
1790490821,payflow-kafka-1,115.05%,577.3MiB / 1.5GiB
1790490821,payflow-grafana-1,0.79%,320MiB / 512MiB
1790490821,payflow-prometheus-1,0.37%,69.82MiB / 1GiB
1790490821,payflow-tempo-1,0.23%,111.5MiB / 1GiB
1790490821,k3d-tiny-url-serverlb,0.01%,26.15MiB / 10.7GiB
1790490821,k3d-tiny-url-server-0,8.38%,1.001GiB / 10.7GiB
1790490828,payflow-payflow-1,47.72%,566.1MiB / 1.5GiB
1790490828,payflow-postgres-exporter-1,0.00%,9.215MiB / 128MiB
1790490828,payflow-postgres-1,12.86%,250.3MiB / 1GiB
1790490828,payflow-mongo-1,6.26%,216.3MiB / 1GiB
1790490828,payflow-keycloak-1,0.15%,926.9MiB / 10.7GiB
1790490828,payflow-kafka-1,42.33%,579MiB / 1.5GiB
1790490828,payflow-grafana-1,1.23%,320MiB / 512MiB
1790490828,payflow-prometheus-1,0.81%,69.82MiB / 1GiB
1790490828,payflow-tempo-1,1.16%,111.5MiB / 1GiB
1790490828,k3d-tiny-url-serverlb,0.02%,26.15MiB / 10.7GiB
1790490828,k3d-tiny-url-server-0,9.82%,1.002GiB / 10.7GiB
1790490835,payflow-payflow-1,49.98%,566.1MiB / 1.5GiB
1790490835,payflow-postgres-exporter-1,1.51%,8.855MiB / 128MiB
1790490835,payflow-postgres-1,18.28%,250.8MiB / 1GiB
1790490835,payflow-mongo-1,6.76%,216.3MiB / 1GiB
1790490835,payflow-keycloak-1,0.23%,926.9MiB / 10.7GiB
1790490835,payflow-kafka-1,18.56%,578.5MiB / 1.5GiB
1790490835,payflow-grafana-1,2.17%,320MiB / 512MiB
1790490835,payflow-prometheus-1,1.34%,69.83MiB / 1GiB
1790490835,payflow-tempo-1,0.30%,111.5MiB / 1GiB
1790490835,k3d-tiny-url-serverlb,0.04%,26.15MiB / 10.7GiB
1790490835,k3d-tiny-url-server-0,10.17%,1.002GiB / 10.7GiB
1790490842,payflow-payflow-1,56.00%,565.9MiB / 1.5GiB
1790490842,payflow-postgres-exporter-1,0.00%,8.883MiB / 128MiB
1790490842,payflow-postgres-1,16.51%,250.4MiB / 1GiB
1790490842,payflow-mongo-1,53.74%,216.3MiB / 1GiB
1790490842,payflow-keycloak-1,0.18%,926.9MiB / 10.7GiB
1790490842,payflow-kafka-1,20.16%,579.1MiB / 1.5GiB
1790490842,payflow-grafana-1,0.99%,320MiB / 512MiB
1790490842,payflow-prometheus-1,0.85%,69.83MiB / 1GiB
1790490842,payflow-tempo-1,0.25%,111.5MiB / 1GiB
1790490842,k3d-tiny-url-serverlb,0.00%,26.15MiB / 10.7GiB
1790490842,k3d-tiny-url-server-0,8.73%,1.001GiB / 10.7GiB
1790490850,payflow-payflow-1,51.18%,565.9MiB / 1.5GiB
1790490850,payflow-postgres-exporter-1,0.00%,8.23MiB / 128MiB
1790490850,payflow-postgres-1,16.54%,250.9MiB / 1GiB
1790490850,payflow-mongo-1,5.51%,216.3MiB / 1GiB
1790490850,payflow-keycloak-1,0.18%,927.1MiB / 10.7GiB
1790490850,payflow-kafka-1,17.68%,580.3MiB / 1.5GiB
1790490850,payflow-grafana-1,0.79%,320MiB / 512MiB
1790490850,payflow-prometheus-1,0.58%,69.84MiB / 1GiB
1790490850,payflow-tempo-1,0.27%,111.5MiB / 1GiB
1790490850,k3d-tiny-url-serverlb,0.00%,26.15MiB / 10.7GiB
1790490850,k3d-tiny-url-server-0,9.79%,1.001GiB / 10.7GiB
1790490857,payflow-payflow-1,50.57%,566.5MiB / 1.5GiB
1790490857,payflow-postgres-exporter-1,0.00%,8.664MiB / 128MiB
1790490857,payflow-postgres-1,16.78%,251MiB / 1GiB
1790490857,payflow-mongo-1,1.35%,216.3MiB / 1GiB
1790490857,payflow-keycloak-1,0.16%,927.1MiB / 10.7GiB
1790490857,payflow-kafka-1,17.70%,581.6MiB / 1.5GiB
1790490857,payflow-grafana-1,0.76%,320MiB / 512MiB
1790490857,payflow-prometheus-1,0.19%,69.84MiB / 1GiB
1790490857,payflow-tempo-1,2.22%,113.7MiB / 1GiB
1790490857,k3d-tiny-url-serverlb,0.00%,26.15MiB / 10.7GiB
1790490857,k3d-tiny-url-server-0,9.50%,1.001GiB / 10.7GiB
1790490864,payflow-payflow-1,47.84%,566.4MiB / 1.5GiB
1790490864,payflow-postgres-exporter-1,0.00%,8.102MiB / 128MiB
1790490864,payflow-postgres-1,18.27%,251MiB / 1GiB
1790490864,payflow-mongo-1,2.76%,216.7MiB / 1GiB
1790490864,payflow-keycloak-1,0.17%,927.1MiB / 10.7GiB
1790490864,payflow-kafka-1,16.86%,582.5MiB / 1.5GiB
1790490864,payflow-grafana-1,1.26%,320MiB / 512MiB
1790490864,payflow-prometheus-1,0.20%,69.84MiB / 1GiB
1790490864,payflow-tempo-1,0.29%,114.7MiB / 1GiB
1790490864,k3d-tiny-url-serverlb,0.00%,26.15MiB / 10.7GiB
1790490864,k3d-tiny-url-server-0,7.95%,1.002GiB / 10.7GiB
1790490871,payflow-payflow-1,40.64%,566.2MiB / 1.5GiB
1790490871,payflow-postgres-exporter-1,1.43%,8.906MiB / 128MiB
1790490871,payflow-postgres-1,17.04%,251.6MiB / 1GiB
1790490871,payflow-mongo-1,1.74%,217.1MiB / 1GiB
1790490871,payflow-keycloak-1,0.15%,927.1MiB / 10.7GiB
1790490871,payflow-kafka-1,14.83%,583.9MiB / 1.5GiB
1790490871,payflow-grafana-1,0.98%,319.9MiB / 512MiB
1790490871,payflow-prometheus-1,0.43%,69.84MiB / 1GiB
1790490871,payflow-tempo-1,2.72%,114.1MiB / 1GiB
1790490871,k3d-tiny-url-serverlb,0.02%,26.15MiB / 10.7GiB
1790490871,k3d-tiny-url-server-0,10.86%,1.001GiB / 10.7GiB
1790490878,payflow-payflow-1,43.45%,566.2MiB / 1.5GiB
1790490878,payflow-postgres-exporter-1,0.00%,7.852MiB / 128MiB
1790490878,payflow-postgres-1,13.37%,251.4MiB / 1GiB
1790490878,payflow-mongo-1,2.35%,217.1MiB / 1GiB
1790490878,payflow-keycloak-1,0.13%,927MiB / 10.7GiB
1790490878,payflow-kafka-1,17.37%,584.6MiB / 1.5GiB
1790490878,payflow-grafana-1,1.01%,319.9MiB / 512MiB
1790490878,payflow-prometheus-1,0.24%,69.84MiB / 1GiB
1790490878,payflow-tempo-1,100.02%,511.5MiB / 1GiB
1790490878,k3d-tiny-url-serverlb,0.00%,26.15MiB / 10.7GiB
1790490878,k3d-tiny-url-server-0,6.33%,1.001GiB / 10.7GiB
1790490886,payflow-payflow-1,35.26%,566.3MiB / 1.5GiB
1790490886,payflow-postgres-exporter-1,0.00%,8.891MiB / 128MiB
1790490886,payflow-postgres-1,17.62%,259.9MiB / 1GiB
1790490886,payflow-mongo-1,1.97%,218MiB / 1GiB
1790490886,payflow-keycloak-1,0.13%,927MiB / 10.7GiB
1790490886,payflow-kafka-1,15.36%,586.2MiB / 1.5GiB
1790490886,payflow-grafana-1,0.72%,320MiB / 512MiB
1790490886,payflow-prometheus-1,0.43%,69.84MiB / 1GiB
1790490886,payflow-tempo-1,78.07%,1013MiB / 1GiB
1790490886,k3d-tiny-url-serverlb,0.01%,26.15MiB / 10.7GiB
1790490886,k3d-tiny-url-server-0,6.58%,1.001GiB / 10.7GiB
1790490893,payflow-payflow-1,51.94%,566.4MiB / 1.5GiB
1790490893,payflow-postgres-exporter-1,0.00%,8.023MiB / 128MiB
1790490893,payflow-postgres-1,17.72%,260MiB / 1GiB
1790490893,payflow-mongo-1,13.47%,218MiB / 1GiB
1790490893,payflow-keycloak-1,0.16%,927MiB / 10.7GiB
1790490893,payflow-kafka-1,78.53%,627.5MiB / 1.5GiB
1790490893,payflow-grafana-1,0.84%,320MiB / 512MiB
1790490893,payflow-prometheus-1,0.78%,69.85MiB / 1GiB
1790490893,payflow-tempo-1,0.24%,988.1MiB / 1GiB
1790490893,k3d-tiny-url-serverlb,0.00%,26.15MiB / 10.7GiB
1790490893,k3d-tiny-url-server-0,8.56%,1.002GiB / 10.7GiB
1790490900,payflow-payflow-1,51.71%,568.9MiB / 1.5GiB
1790490900,payflow-postgres-exporter-1,0.00%,8.062MiB / 128MiB
1790490900,payflow-postgres-1,13.41%,260.3MiB / 1GiB
1790490900,payflow-mongo-1,1.85%,218MiB / 1GiB
1790490900,payflow-keycloak-1,0.16%,927MiB / 10.7GiB
1790490900,payflow-kafka-1,166.10%,671.1MiB / 1.5GiB
1790490900,payflow-grafana-1,0.90%,320MiB / 512MiB
1790490900,payflow-prometheus-1,0.62%,69.85MiB / 1GiB
1790490900,payflow-tempo-1,0.83%,986.1MiB / 1GiB
1790490900,k3d-tiny-url-serverlb,0.00%,26.15MiB / 10.7GiB
1790490900,k3d-tiny-url-server-0,7.45%,1.001GiB / 10.7GiB
1790490907,payflow-payflow-1,48.18%,566.6MiB / 1.5GiB
1790490907,payflow-postgres-exporter-1,0.00%,9.211MiB / 128MiB
1790490907,payflow-postgres-1,20.81%,260.1MiB / 1GiB
1790490907,payflow-mongo-1,2.06%,218MiB / 1GiB
1790490907,payflow-keycloak-1,0.14%,927.1MiB / 10.7GiB
1790490907,payflow-kafka-1,156.69%,698.6MiB / 1.5GiB
1790490907,payflow-grafana-1,0.79%,320MiB / 512MiB
1790490907,payflow-prometheus-1,0.18%,69.85MiB / 1GiB
1790490907,payflow-tempo-1,0.21%,986.3MiB / 1GiB
1790490907,k3d-tiny-url-serverlb,0.01%,26.15MiB / 10.7GiB
1790490907,k3d-tiny-url-server-0,9.17%,1.001GiB / 10.7GiB
1790490914,payflow-payflow-1,44.87%,566.6MiB / 1.5GiB
1790490914,payflow-postgres-exporter-1,0.00%,8.199MiB / 128MiB
1790490914,payflow-postgres-1,15.92%,260.3MiB / 1GiB
1790490914,payflow-mongo-1,51.51%,217.8MiB / 1GiB
1790490914,payflow-keycloak-1,0.15%,927.1MiB / 10.7GiB
1790490914,payflow-kafka-1,78.55%,590MiB / 1.5GiB
1790490914,payflow-grafana-1,0.91%,320MiB / 512MiB
1790490914,payflow-prometheus-1,0.21%,69.86MiB / 1GiB
1790490914,payflow-tempo-1,0.24%,986.6MiB / 1GiB
1790490914,k3d-tiny-url-serverlb,0.00%,26.15MiB / 10.7GiB
1790490914,k3d-tiny-url-server-0,8.71%,1.001GiB / 10.7GiB
1790490922,payflow-payflow-1,38.45%,567.2MiB / 1.5GiB
1790490922,payflow-postgres-exporter-1,0.00%,8.383MiB / 128MiB
1790490922,payflow-postgres-1,13.30%,260.4MiB / 1GiB
1790490922,payflow-mongo-1,1.13%,217.9MiB / 1GiB
1790490922,payflow-keycloak-1,0.18%,927.1MiB / 10.7GiB
1790490922,payflow-kafka-1,15.23%,590.8MiB / 1.5GiB
1790490922,payflow-grafana-1,1.10%,320MiB / 512MiB
1790490922,payflow-prometheus-1,0.38%,69.88MiB / 1GiB
1790490922,payflow-tempo-1,0.27%,986.8MiB / 1GiB
1790490922,k3d-tiny-url-serverlb,0.00%,26.15MiB / 10.7GiB
1790490922,k3d-tiny-url-server-0,10.17%,1.001GiB / 10.7GiB
1790490929,payflow-payflow-1,41.41%,567.3MiB / 1.5GiB
1790490929,payflow-postgres-exporter-1,0.00%,7.934MiB / 128MiB
1790490929,payflow-postgres-1,12.79%,260.8MiB / 1GiB
1790490929,payflow-mongo-1,1.13%,217.9MiB / 1GiB
1790490929,payflow-keycloak-1,0.19%,927.1MiB / 10.7GiB
1790490929,payflow-kafka-1,15.01%,591.4MiB / 1.5GiB
1790490929,payflow-grafana-1,1.03%,320MiB / 512MiB
1790490929,payflow-prometheus-1,0.31%,70.06MiB / 1GiB
1790490929,payflow-tempo-1,1.40%,986.9MiB / 1GiB
1790490929,k3d-tiny-url-serverlb,0.00%,26.15MiB / 10.7GiB
1790490929,k3d-tiny-url-server-0,11.20%,1.001GiB / 10.7GiB
1790490936,payflow-payflow-1,53.45%,567.4MiB / 1.5GiB
1790490936,payflow-postgres-exporter-1,0.00%,9.02MiB / 128MiB
1790490936,payflow-postgres-1,19.85%,260.7MiB / 1GiB
1790490936,payflow-mongo-1,28.50%,364.7MiB / 1GiB
1790490936,payflow-keycloak-1,0.17%,927.1MiB / 10.7GiB
1790490936,payflow-kafka-1,19.86%,592.1MiB / 1.5GiB
1790490936,payflow-grafana-1,1.00%,320MiB / 512MiB
1790490936,payflow-prometheus-1,0.53%,70.15MiB / 1GiB
1790490936,payflow-tempo-1,0.26%,986.8MiB / 1GiB
1790490936,k3d-tiny-url-serverlb,0.04%,26.15MiB / 10.7GiB
1790490936,k3d-tiny-url-server-0,9.42%,1.001GiB / 10.7GiB
1790490943,payflow-payflow-1,40.73%,567.4MiB / 1.5GiB
1790490943,payflow-postgres-exporter-1,0.00%,8.543MiB / 128MiB
1790490943,payflow-postgres-1,58.82%,266.2MiB / 1GiB
1790490943,payflow-mongo-1,46.96%,217.9MiB / 1GiB
1790490943,payflow-keycloak-1,0.17%,927.1MiB / 10.7GiB
1790490943,payflow-kafka-1,14.36%,595.2MiB / 1.5GiB
1790490943,payflow-grafana-1,0.89%,320MiB / 512MiB
1790490943,payflow-prometheus-1,0.70%,70.16MiB / 1GiB
1790490943,payflow-tempo-1,0.34%,987MiB / 1GiB
1790490943,k3d-tiny-url-serverlb,0.00%,26.15MiB / 10.7GiB
1790490943,k3d-tiny-url-server-0,7.76%,1GiB / 10.7GiB
1790490950,payflow-payflow-1,47.54%,567.8MiB / 1.5GiB
1790490950,payflow-postgres-exporter-1,1.48%,9.121MiB / 128MiB
1790490950,payflow-postgres-1,22.90%,266.4MiB / 1GiB
1790490950,payflow-mongo-1,2.33%,218MiB / 1GiB
1790490950,payflow-keycloak-1,1.40%,927.1MiB / 10.7GiB
1790490950,payflow-kafka-1,17.33%,595.4MiB / 1.5GiB
1790490950,payflow-grafana-1,1.01%,320.2MiB / 512MiB
1790490950,payflow-prometheus-1,1.23%,70.16MiB / 1GiB
1790490950,payflow-tempo-1,0.30%,986.9MiB / 1GiB
1790490950,k3d-tiny-url-serverlb,0.01%,26.15MiB / 10.7GiB
1790490950,k3d-tiny-url-server-0,9.23%,1.001GiB / 10.7GiB
1790490957,payflow-payflow-1,48.27%,568MiB / 1.5GiB
1790490957,payflow-postgres-exporter-1,0.00%,9.25MiB / 128MiB
1790490957,payflow-postgres-1,15.55%,266.3MiB / 1GiB
1790490957,payflow-mongo-1,2.46%,218MiB / 1GiB
1790490957,payflow-keycloak-1,0.21%,927.1MiB / 10.7GiB
1790490957,payflow-kafka-1,16.61%,596.7MiB / 1.5GiB
1790490957,payflow-grafana-1,1.30%,320.2MiB / 512MiB
1790490957,payflow-prometheus-1,0.62%,70.16MiB / 1GiB
1790490957,payflow-tempo-1,0.30%,986.9MiB / 1GiB
1790490957,k3d-tiny-url-serverlb,0.00%,26.15MiB / 10.7GiB
1790490957,k3d-tiny-url-server-0,25.07%,1.002GiB / 10.7GiB
1790490965,payflow-payflow-1,49.44%,568.2MiB / 1.5GiB
1790490965,payflow-postgres-exporter-1,0.00%,8.332MiB / 128MiB
1790490965,payflow-postgres-1,22.88%,266.9MiB / 1GiB
1790490965,payflow-mongo-1,2.87%,218.7MiB / 1GiB
1790490965,payflow-keycloak-1,7.73%,927.6MiB / 10.7GiB
1790490965,payflow-kafka-1,16.82%,597.5MiB / 1.5GiB
1790490965,payflow-grafana-1,1.07%,320.2MiB / 512MiB
1790490965,payflow-prometheus-1,0.87%,70.16MiB / 1GiB
1790490965,payflow-tempo-1,0.23%,987MiB / 1GiB
1790490965,k3d-tiny-url-serverlb,0.04%,26.15MiB / 10.7GiB
1790490965,k3d-tiny-url-server-0,9.29%,1.001GiB / 10.7GiB
1790490972,payflow-payflow-1,43.16%,570.6MiB / 1.5GiB
1790490972,payflow-postgres-exporter-1,0.00%,8.66MiB / 128MiB
1790490972,payflow-postgres-1,16.77%,266.6MiB / 1GiB
1790490972,payflow-mongo-1,3.40%,219.4MiB / 1GiB
1790490972,payflow-keycloak-1,0.23%,955.3MiB / 10.7GiB
1790490972,payflow-kafka-1,18.40%,598.1MiB / 1.5GiB
1790490972,payflow-grafana-1,1.03%,320.2MiB / 512MiB
1790490972,payflow-prometheus-1,0.18%,70.16MiB / 1GiB
1790490972,payflow-tempo-1,0.25%,987.2MiB / 1GiB
1790490972,k3d-tiny-url-serverlb,0.00%,26.15MiB / 10.7GiB
1790490972,k3d-tiny-url-server-0,8.04%,1.001GiB / 10.7GiB
1790490979,payflow-payflow-1,54.45%,568.3MiB / 1.5GiB
1790490979,payflow-postgres-exporter-1,0.00%,8.512MiB / 128MiB
1790490979,payflow-postgres-1,12.50%,266.9MiB / 1GiB
1790490979,payflow-mongo-1,2.43%,219.4MiB / 1GiB
1790490979,payflow-keycloak-1,0.13%,955.4MiB / 10.7GiB
1790490979,payflow-kafka-1,117.96%,672MiB / 1.5GiB
1790490979,payflow-grafana-1,0.73%,320.2MiB / 512MiB
1790490979,payflow-prometheus-1,0.27%,70.17MiB / 1GiB
1790490979,payflow-tempo-1,0.20%,987.5MiB / 1GiB
1790490979,k3d-tiny-url-serverlb,0.00%,26.15MiB / 10.7GiB
1790490979,k3d-tiny-url-server-0,6.62%,1.002GiB / 10.7GiB
1790490986,payflow-payflow-1,35.37%,568.2MiB / 1.5GiB
1790490986,payflow-postgres-exporter-1,0.00%,8.27MiB / 128MiB
1790490986,payflow-postgres-1,11.81%,266.8MiB / 1GiB
1790490986,payflow-mongo-1,31.43%,219.4MiB / 1GiB
1790490986,payflow-keycloak-1,0.12%,955.6MiB / 10.7GiB
1790490986,payflow-kafka-1,188.91%,711.3MiB / 1.5GiB
1790490986,payflow-grafana-1,0.85%,320.2MiB / 512MiB
1790490986,payflow-prometheus-1,0.15%,70.17MiB / 1GiB
1790490986,payflow-tempo-1,0.19%,987.6MiB / 1GiB
1790490986,k3d-tiny-url-serverlb,0.00%,26.15MiB / 10.7GiB
1790490986,k3d-tiny-url-server-0,9.33%,1.002GiB / 10.7GiB
1790490993,payflow-payflow-1,46.59%,568.2MiB / 1.5GiB
1790490993,payflow-postgres-exporter-1,0.00%,8.898MiB / 128MiB
1790490993,payflow-postgres-1,15.31%,267.3MiB / 1GiB
1790490993,payflow-mongo-1,2.15%,219.4MiB / 1GiB
1790490993,payflow-keycloak-1,0.19%,955.5MiB / 10.7GiB
1790490993,payflow-kafka-1,81.37%,602.1MiB / 1.5GiB
1790490993,payflow-grafana-1,0.86%,320.2MiB / 512MiB
1790490993,payflow-prometheus-1,0.26%,70.18MiB / 1GiB
1790490993,payflow-tempo-1,1.26%,988MiB / 1GiB
1790490993,k3d-tiny-url-serverlb,0.01%,26.15MiB / 10.7GiB
1790490993,k3d-tiny-url-server-0,8.62%,1.002GiB / 10.7GiB
1790491001,payflow-payflow-1,52.59%,568.3MiB / 1.5GiB
1790491001,payflow-postgres-exporter-1,0.00%,8.367MiB / 128MiB
1790491001,payflow-postgres-1,27.05%,267.3MiB / 1GiB
1790491001,payflow-mongo-1,1.77%,219.4MiB / 1GiB
1790491001,payflow-keycloak-1,0.16%,955.5MiB / 10.7GiB
1790491001,payflow-kafka-1,17.69%,603.3MiB / 1.5GiB
1790491001,payflow-grafana-1,0.97%,320.2MiB / 512MiB
1790491001,payflow-prometheus-1,0.46%,70.18MiB / 1GiB
1790491001,payflow-tempo-1,0.21%,988.3MiB / 1GiB
1790491001,k3d-tiny-url-serverlb,0.00%,26.15MiB / 10.7GiB
1790491001,k3d-tiny-url-server-0,10.51%,1.002GiB / 10.7GiB
1790491008,payflow-payflow-1,61.34%,568.4MiB / 1.5GiB
1790491008,payflow-postgres-exporter-1,0.00%,8.621MiB / 128MiB
1790491008,payflow-postgres-1,19.12%,269.8MiB / 1GiB
1790491008,payflow-mongo-1,50.21%,219.2MiB / 1GiB
1790491008,payflow-keycloak-1,0.15%,955.5MiB / 10.7GiB
1790491008,payflow-kafka-1,20.85%,606.3MiB / 1.5GiB
1790491008,payflow-grafana-1,0.95%,320.2MiB / 512MiB
1790491008,payflow-prometheus-1,0.79%,70.18MiB / 1GiB
1790491008,payflow-tempo-1,4.22%,765.6MiB / 1GiB
1790491008,k3d-tiny-url-serverlb,0.02%,26.15MiB / 10.7GiB
1790491008,k3d-tiny-url-server-0,11.09%,1.003GiB / 10.7GiB
1790491015,payflow-payflow-1,79.42%,568.8MiB / 1.5GiB
1790491015,payflow-postgres-exporter-1,0.00%,8.633MiB / 128MiB
1790491015,payflow-postgres-1,16.35%,270.8MiB / 1GiB
1790491015,payflow-mongo-1,3.14%,219.2MiB / 1GiB
1790491015,payflow-keycloak-1,0.14%,955.5MiB / 10.7GiB
1790491015,payflow-kafka-1,16.64%,605.5MiB / 1.5GiB
1790491015,payflow-grafana-1,1.18%,320.2MiB / 512MiB
1790491015,payflow-prometheus-1,0.89%,70.18MiB / 1GiB
1790491015,payflow-tempo-1,0.22%,735.5MiB / 1GiB
1790491015,k3d-tiny-url-serverlb,0.00%,26.15MiB / 10.7GiB
1790491015,k3d-tiny-url-server-0,7.33%,1.003GiB / 10.7GiB
1790491022,payflow-payflow-1,53.47%,568.6MiB / 1.5GiB
1790491022,payflow-postgres-exporter-1,0.00%,8.516MiB / 128MiB
1790491022,payflow-postgres-1,17.40%,270.2MiB / 1GiB
1790491022,payflow-mongo-1,3.40%,219.3MiB / 1GiB
1790491022,payflow-keycloak-1,0.15%,955.5MiB / 10.7GiB
1790491022,payflow-kafka-1,17.01%,609.5MiB / 1.5GiB
1790491022,payflow-grafana-1,0.89%,320.2MiB / 512MiB
1790491022,payflow-prometheus-1,0.23%,70.19MiB / 1GiB
1790491022,payflow-tempo-1,0.89%,737.4MiB / 1GiB
1790491022,k3d-tiny-url-serverlb,0.00%,26.15MiB / 10.7GiB
1790491022,k3d-tiny-url-server-0,8.66%,1.002GiB / 10.7GiB
1790491029,payflow-payflow-1,60.59%,568.9MiB / 1.5GiB
1790491029,payflow-postgres-exporter-1,0.00%,8.93MiB / 128MiB
1790491029,payflow-postgres-1,21.17%,270.5MiB / 1GiB
1790491029,payflow-mongo-1,34.60%,372MiB / 1GiB
1790491029,payflow-keycloak-1,0.16%,955.6MiB / 10.7GiB
1790491029,payflow-kafka-1,18.91%,608.4MiB / 1.5GiB
1790491029,payflow-grafana-1,0.93%,320.2MiB / 512MiB
1790491029,payflow-prometheus-1,0.58%,70.19MiB / 1GiB
1790491029,payflow-tempo-1,0.29%,738.6MiB / 1GiB
1790491029,k3d-tiny-url-serverlb,0.00%,26.15MiB / 10.7GiB
1790491029,k3d-tiny-url-server-0,9.27%,1.002GiB / 10.7GiB
1790491037,payflow-payflow-1,53.97%,568.7MiB / 1.5GiB
1790491037,payflow-postgres-exporter-1,2.33%,8.035MiB / 128MiB
1790491037,payflow-postgres-1,21.33%,270.7MiB / 1GiB
1790491037,payflow-mongo-1,0.37%,219.6MiB / 1GiB
1790491037,payflow-keycloak-1,0.13%,955.6MiB / 10.7GiB
1790491037,payflow-kafka-1,19.02%,610MiB / 1.5GiB
1790491037,payflow-grafana-1,0.85%,320.2MiB / 512MiB
1790491037,payflow-prometheus-1,0.17%,70.19MiB / 1GiB
1790491037,payflow-tempo-1,0.97%,740.1MiB / 1GiB
1790491037,k3d-tiny-url-serverlb,0.00%,26.15MiB / 10.7GiB
1790491037,k3d-tiny-url-server-0,9.02%,1.002GiB / 10.7GiB
