1790671652,payflow-payflow-1,43.15%,717.2MiB / 1.5GiB
1790671652,payflow-postgres-exporter-1,0.00%,9.352MiB / 128MiB
1790671652,payflow-postgres-1,16.96%,343.8MiB / 1GiB
1790671652,payflow-mongo-1,0.38%,233.2MiB / 1GiB
1790671652,payflow-kafka-1,10.03%,1.062GiB / 1.5GiB
1790671652,payflow-keycloak-1,53.41%,755.5MiB / 10.7GiB
1790671652,payflow-settlement-rail-1,0.01%,45.72MiB / 256MiB
1790671652,payflow-tempo-1,0.34%,158.4MiB / 1.5GiB
1790671652,payflow-grafana-1,0.82%,338.1MiB / 512MiB
1790671652,payflow-prometheus-1,0.15%,79.16MiB / 1GiB
1790671652,k3d-tiny-url-serverlb,0.00%,25.56MiB / 10.7GiB
1790671652,k3d-tiny-url-server-0,7.71%,1.094GiB / 10.7GiB
1790671652,bold_poitras,9.14%,16.55MiB / 10.7GiB
1790671664,bold_poitras,5.94%,20.55MiB / 10.7GiB
1790671664,payflow-payflow-1,98.50%,718.8MiB / 1.5GiB
1790671664,payflow-postgres-exporter-1,0.00%,8.754MiB / 128MiB
1790671664,payflow-postgres-1,41.47%,345.7MiB / 1GiB
1790671664,payflow-mongo-1,4.85%,232.9MiB / 1GiB
1790671664,payflow-kafka-1,25.63%,1.064GiB / 1.5GiB
1790671664,payflow-keycloak-1,0.30%,755.7MiB / 10.7GiB
1790671664,payflow-settlement-rail-1,2.87%,47.62MiB / 256MiB
1790671664,payflow-tempo-1,0.41%,143.4MiB / 1.5GiB
1790671664,payflow-grafana-1,1.17%,338MiB / 512MiB
1790671664,payflow-prometheus-1,0.30%,79.16MiB / 1GiB
1790671664,k3d-tiny-url-serverlb,0.01%,25.56MiB / 10.7GiB
1790671664,k3d-tiny-url-server-0,11.62%,1.093GiB / 10.7GiB
1790671676,bold_poitras,4.92%,22.91MiB / 10.7GiB
1790671676,payflow-payflow-1,84.24%,719.5MiB / 1.5GiB
1790671676,payflow-postgres-exporter-1,0.00%,9.297MiB / 128MiB
1790671676,payflow-postgres-1,33.46%,347.3MiB / 1GiB
1790671676,payflow-mongo-1,52.31%,233MiB / 1GiB
1790671676,payflow-kafka-1,18.66%,1.068GiB / 1.5GiB
1790671676,payflow-keycloak-1,0.31%,755.6MiB / 10.7GiB
1790671676,payflow-settlement-rail-1,1.14%,46.15MiB / 256MiB
1790671676,payflow-tempo-1,0.87%,147.8MiB / 1.5GiB
1790671676,payflow-grafana-1,1.04%,338MiB / 512MiB
1790671676,payflow-prometheus-1,0.50%,79.17MiB / 1GiB
1790671676,k3d-tiny-url-serverlb,0.00%,25.56MiB / 10.7GiB
1790671676,k3d-tiny-url-server-0,12.17%,1.092GiB / 10.7GiB
1790671688,bold_poitras,6.68%,23.08MiB / 10.7GiB
1790671688,payflow-payflow-1,98.05%,720.1MiB / 1.5GiB
1790671688,payflow-postgres-exporter-1,0.00%,9.738MiB / 128MiB
1790671688,payflow-postgres-1,42.96%,348.1MiB / 1GiB
1790671688,payflow-mongo-1,5.46%,233.2MiB / 1GiB
1790671688,payflow-kafka-1,26.08%,1.067GiB / 1.5GiB
1790671688,payflow-keycloak-1,0.29%,755.6MiB / 10.7GiB
1790671688,payflow-settlement-rail-1,0.92%,46.16MiB / 256MiB
1790671688,payflow-tempo-1,0.40%,146MiB / 1.5GiB
1790671688,payflow-grafana-1,4.79%,338MiB / 512MiB
1790671688,payflow-prometheus-1,0.27%,79.17MiB / 1GiB
1790671688,k3d-tiny-url-serverlb,0.00%,25.56MiB / 10.7GiB
1790671688,k3d-tiny-url-server-0,13.54%,1.092GiB / 10.7GiB
1790671701,bold_poitras,5.66%,23.38MiB / 10.7GiB
1790671701,payflow-payflow-1,94.00%,720.7MiB / 1.5GiB
1790671701,payflow-postgres-exporter-1,0.00%,9.09MiB / 128MiB
1790671701,payflow-postgres-1,45.63%,356.6MiB / 1GiB
1790671701,payflow-mongo-1,5.16%,233.2MiB / 1GiB
1790671701,payflow-kafka-1,63.78%,1.07GiB / 1.5GiB
1790671701,payflow-keycloak-1,0.25%,755.6MiB / 10.7GiB
1790671701,payflow-settlement-rail-1,1.00%,46.25MiB / 256MiB
1790671701,payflow-tempo-1,0.42%,146MiB / 1.5GiB
1790671701,payflow-grafana-1,1.24%,338MiB / 512MiB
1790671701,payflow-prometheus-1,0.58%,79.17MiB / 1GiB
1790671701,k3d-tiny-url-serverlb,0.01%,25.56MiB / 10.7GiB
1790671701,k3d-tiny-url-server-0,12.26%,1.092GiB / 10.7GiB
1790671713,bold_poitras,9.67%,23.69MiB / 10.7GiB
1790671713,payflow-payflow-1,15.63%,721.4MiB / 1.5GiB
1790671713,payflow-postgres-exporter-1,0.55%,9.543MiB / 128MiB
1790671713,payflow-postgres-1,9.73%,366.2MiB / 1GiB
1790671713,payflow-mongo-1,1.12%,233.2MiB / 1GiB
1790671713,payflow-kafka-1,172.99%,1.162GiB / 1.5GiB
1790671713,payflow-keycloak-1,48.04%,756.6MiB / 10.7GiB
1790671713,payflow-settlement-rail-1,0.01%,46.29MiB / 256MiB
1790671713,payflow-tempo-1,0.25%,141.4MiB / 1.5GiB
1790671713,payflow-grafana-1,0.79%,338MiB / 512MiB
1790671713,payflow-prometheus-1,0.63%,79.17MiB / 1GiB
1790671713,k3d-tiny-url-serverlb,0.00%,25.56MiB / 10.7GiB
1790671713,k3d-tiny-url-server-0,6.28%,1.094GiB / 10.7GiB
1790671725,bold_poitras,8.77%,37.74MiB / 10.7GiB
1790671725,payflow-payflow-1,42.45%,724.1MiB / 1.5GiB
1790671725,payflow-postgres-exporter-1,1.90%,8.988MiB / 128MiB
1790671725,payflow-postgres-1,9.86%,368.3MiB / 1GiB
1790671725,payflow-mongo-1,7.13%,301.1MiB / 1GiB
1790671725,payflow-kafka-1,25.75%,1.075GiB / 1.5GiB
1790671725,payflow-keycloak-1,0.27%,756.9MiB / 10.7GiB
1790671725,payflow-settlement-rail-1,0.30%,46.29MiB / 256MiB
1790671725,payflow-tempo-1,0.52%,140.2MiB / 1.5GiB
1790671725,payflow-grafana-1,1.47%,338MiB / 512MiB
1790671725,payflow-prometheus-1,1.14%,79.21MiB / 1GiB
1790671725,k3d-tiny-url-serverlb,0.00%,25.56MiB / 10.7GiB
1790671725,k3d-tiny-url-server-0,17.81%,1.092GiB / 10.7GiB
1790671738,bold_poitras,6.45%,44.44MiB / 10.7GiB
1790671738,payflow-payflow-1,42.69%,725.3MiB / 1.5GiB
1790671738,payflow-postgres-exporter-1,0.34%,9.156MiB / 128MiB
1790671738,payflow-postgres-1,9.32%,365.2MiB / 1GiB
1790671738,payflow-mongo-1,21.49%,233MiB / 1GiB
1790671738,payflow-kafka-1,12.45%,1.071GiB / 1.5GiB
1790671738,payflow-keycloak-1,0.36%,756.9MiB / 10.7GiB
1790671738,payflow-settlement-rail-1,0.02%,46.29MiB / 256MiB
1790671738,payflow-tempo-1,1.36%,140.5MiB / 1.5GiB
1790671738,payflow-grafana-1,2.01%,338MiB / 512MiB
1790671738,payflow-prometheus-1,0.70%,79.23MiB / 1GiB
1790671738,k3d-tiny-url-serverlb,0.00%,25.56MiB / 10.7GiB
1790671738,k3d-tiny-url-server-0,15.46%,1.092GiB / 10.7GiB
1790671750,bold_poitras,13.89%,47.2MiB / 10.7GiB
1790671750,payflow-payflow-1,50.01%,725.7MiB / 1.5GiB
1790671750,payflow-postgres-exporter-1,0.00%,9.855MiB / 128MiB
1790671750,payflow-postgres-1,9.22%,366.8MiB / 1GiB
1790671750,payflow-mongo-1,0.83%,233MiB / 1GiB
1790671750,payflow-kafka-1,12.57%,1.071GiB / 1.5GiB
1790671750,payflow-keycloak-1,0.60%,756.9MiB / 10.7GiB
1790671750,payflow-settlement-rail-1,0.02%,46.29MiB / 256MiB
1790671750,payflow-tempo-1,0.59%,140.9MiB / 1.5GiB
1790671750,payflow-grafana-1,1.51%,338MiB / 512MiB
1790671750,payflow-prometheus-1,1.04%,79.26MiB / 1GiB
1790671750,k3d-tiny-url-serverlb,0.00%,25.56MiB / 10.7GiB
1790671750,k3d-tiny-url-server-0,15.83%,1.092GiB / 10.7GiB
1790671762,bold_poitras,8.78%,47.69MiB / 10.7GiB
1790671762,payflow-payflow-1,47.45%,727.7MiB / 1.5GiB
1790671762,payflow-postgres-exporter-1,1.02%,8.734MiB / 128MiB
1790671762,payflow-postgres-1,10.94%,383.3MiB / 1GiB
1790671762,payflow-mongo-1,0.80%,233MiB / 1GiB
1790671762,payflow-kafka-1,12.70%,1.071GiB / 1.5GiB
1790671762,payflow-keycloak-1,0.36%,756.9MiB / 10.7GiB
1790671762,payflow-settlement-rail-1,0.02%,46.29MiB / 256MiB
1790671762,payflow-tempo-1,0.81%,141.5MiB / 1.5GiB
1790671762,payflow-grafana-1,1.75%,338MiB / 512MiB
1790671762,payflow-prometheus-1,0.32%,79.27MiB / 1GiB
1790671762,k3d-tiny-url-serverlb,0.00%,25.56MiB / 10.7GiB
1790671762,k3d-tiny-url-server-0,15.64%,1.082GiB / 10.7GiB
1790671774,bold_poitras,6.97%,48.2MiB / 10.7GiB
1790671774,payflow-payflow-1,206.96%,733.5MiB / 1.5GiB
1790671774,payflow-postgres-exporter-1,0.00%,9.477MiB / 128MiB
1790671774,payflow-postgres-1,78.77%,373MiB / 1GiB
1790671774,payflow-mongo-1,4.83%,233.3MiB / 1GiB
1790671774,payflow-kafka-1,40.33%,1.072GiB / 1.5GiB
1790671774,payflow-keycloak-1,0.38%,756.9MiB / 10.7GiB
1790671774,payflow-settlement-rail-1,2.75%,56.42MiB / 256MiB
1790671774,payflow-tempo-1,3.98%,146.3MiB / 1.5GiB
1790671774,payflow-grafana-1,1.43%,338MiB / 512MiB
1790671774,payflow-prometheus-1,2.40%,79.29MiB / 1GiB
1790671774,k3d-tiny-url-serverlb,0.01%,25.56MiB / 10.7GiB
1790671774,k3d-tiny-url-server-0,8.31%,1.082GiB / 10.7GiB
1790671787,bold_poitras,5.49%,48.37MiB / 10.7GiB
1790671787,payflow-payflow-1,165.28%,734.4MiB / 1.5GiB
1790671787,payflow-postgres-exporter-1,0.00%,9.363MiB / 128MiB
1790671787,payflow-postgres-1,59.78%,374.1MiB / 1GiB
1790671787,payflow-mongo-1,16.95%,345.2MiB / 1GiB
1790671787,payflow-kafka-1,188.06%,1.167GiB / 1.5GiB
1790671787,payflow-keycloak-1,0.25%,756.9MiB / 10.7GiB
1790671787,payflow-settlement-rail-1,0.92%,46.53MiB / 256MiB
1790671787,payflow-tempo-1,0.80%,146.6MiB / 1.5GiB
1790671787,payflow-grafana-1,0.81%,338MiB / 512MiB
1790671787,payflow-prometheus-1,0.19%,79.29MiB / 1GiB
1790671787,k3d-tiny-url-serverlb,0.00%,25.56MiB / 10.7GiB
1790671787,k3d-tiny-url-server-0,10.60%,1.082GiB / 10.7GiB
1790671799,bold_poitras,5.60%,48.4MiB / 10.7GiB
1790671799,payflow-payflow-1,86.95%,731.7MiB / 1.5GiB
1790671799,payflow-postgres-exporter-1,0.00%,8.863MiB / 128MiB
1790671799,payflow-postgres-1,38.20%,375.3MiB / 1GiB
1790671799,payflow-mongo-1,25.13%,233.3MiB / 1GiB
1790671799,payflow-kafka-1,25.25%,1.081GiB / 1.5GiB
1790671799,payflow-keycloak-1,0.35%,756.8MiB / 10.7GiB
1790671799,payflow-settlement-rail-1,1.01%,46.62MiB / 256MiB
1790671799,payflow-tempo-1,0.43%,151.3MiB / 1.5GiB
1790671799,payflow-grafana-1,1.24%,338MiB / 512MiB
1790671799,payflow-prometheus-1,0.33%,79.3MiB / 1GiB
1790671799,k3d-tiny-url-serverlb,0.00%,25.56MiB / 10.7GiB
1790671799,k3d-tiny-url-server-0,15.74%,1.085GiB / 10.7GiB
1790671811,bold_poitras,4.96%,48.39MiB / 10.7GiB
1790671811,payflow-payflow-1,71.61%,732.3MiB / 1.5GiB
1790671811,payflow-postgres-exporter-1,1.52%,9.062MiB / 128MiB
1790671811,payflow-postgres-1,96.76%,407MiB / 1GiB
1790671811,payflow-mongo-1,4.17%,233.5MiB / 1GiB
1790671811,payflow-kafka-1,19.57%,1.08GiB / 1.5GiB
1790671811,payflow-keycloak-1,0.31%,756.8MiB / 10.7GiB
1790671811,payflow-settlement-rail-1,0.67%,46.67MiB / 256MiB
1790671811,payflow-tempo-1,1.37%,147.3MiB / 1.5GiB
1790671811,payflow-grafana-1,1.07%,337.6MiB / 512MiB
1790671811,payflow-prometheus-1,0.55%,79.31MiB / 1GiB
1790671811,k3d-tiny-url-serverlb,0.00%,25.56MiB / 10.7GiB
1790671811,k3d-tiny-url-server-0,8.42%,1.085GiB / 10.7GiB
1790671823,bold_poitras,6.57%,48.41MiB / 10.7GiB
1790671823,payflow-payflow-1,106.59%,732.9MiB / 1.5GiB
1790671823,payflow-postgres-exporter-1,0.00%,8.879MiB / 128MiB
1790671823,payflow-postgres-1,45.06%,406.9MiB / 1GiB
1790671823,payflow-mongo-1,6.56%,233.5MiB / 1GiB
1790671823,payflow-kafka-1,26.20%,1.081GiB / 1.5GiB
1790671823,payflow-keycloak-1,0.32%,756.8MiB / 10.7GiB
1790671823,payflow-settlement-rail-1,1.03%,48.75MiB / 256MiB
1790671823,payflow-tempo-1,0.39%,147.5MiB / 1.5GiB
1790671823,payflow-grafana-1,1.88%,337.6MiB / 512MiB
1790671823,payflow-prometheus-1,0.33%,79.31MiB / 1GiB
1790671823,k3d-tiny-url-serverlb,0.00%,25.56MiB / 10.7GiB
1790671823,k3d-tiny-url-server-0,14.81%,1.087GiB / 10.7GiB
1790671836,payflow-payflow-1,19.52%,733.4MiB / 1.5GiB
1790671836,payflow-postgres-exporter-1,3.10%,9.102MiB / 128MiB
1790671836,payflow-postgres-1,7.97%,407.4MiB / 1GiB
1790671836,payflow-mongo-1,0.87%,233.3MiB / 1GiB
1790671836,payflow-kafka-1,13.08%,1.083GiB / 1.5GiB
1790671836,payflow-keycloak-1,0.34%,756.8MiB / 10.7GiB
1790671836,payflow-settlement-rail-1,0.04%,46.77MiB / 256MiB
1790671836,payflow-tempo-1,0.57%,145MiB / 1.5GiB
1790671836,payflow-grafana-1,1.75%,337.6MiB / 512MiB
1790671836,payflow-prometheus-1,0.77%,79.31MiB / 1GiB
1790671836,k3d-tiny-url-serverlb,0.00%,25.56MiB / 10.7GiB
1790671836,k3d-tiny-url-server-0,18.26%,1.087GiB / 10.7GiB
1790671848,payflow-payflow-1,14.62%,733.5MiB / 1.5GiB
1790671848,payflow-postgres-exporter-1,0.00%,8.453MiB / 128MiB
1790671848,payflow-postgres-1,1.12%,407.4MiB / 1GiB
1790671848,payflow-mongo-1,43.00%,233.3MiB / 1GiB
1790671848,payflow-kafka-1,9.99%,1.083GiB / 1.5GiB
1790671848,payflow-keycloak-1,0.33%,756.8MiB / 10.7GiB
1790671848,payflow-settlement-rail-1,0.01%,46.77MiB / 256MiB
1790671848,payflow-tempo-1,0.69%,145.4MiB / 1.5GiB
1790671848,payflow-grafana-1,1.35%,337.6MiB / 512MiB
1790671848,payflow-prometheus-1,0.85%,79.32MiB / 1GiB
1790671848,k3d-tiny-url-serverlb,0.00%,25.56MiB / 10.7GiB
1790671848,k3d-tiny-url-server-0,7.31%,1.085GiB / 10.7GiB
1790671860,payflow-payflow-1,13.48%,733.6MiB / 1.5GiB
1790671860,payflow-postgres-exporter-1,0.00%,8.57MiB / 128MiB
1790671860,payflow-postgres-1,1.90%,409.1MiB / 1GiB
1790671860,payflow-mongo-1,0.50%,233MiB / 1GiB
1790671860,payflow-kafka-1,131.05%,1.188GiB / 1.5GiB
1790671860,payflow-keycloak-1,0.24%,756.7MiB / 10.7GiB
1790671860,payflow-settlement-rail-1,0.02%,46.77MiB / 256MiB
1790671860,payflow-tempo-1,0.29%,141.4MiB / 1.5GiB
1790671860,payflow-grafana-1,0.94%,337.6MiB / 512MiB
1790671860,payflow-prometheus-1,1.29%,79.32MiB / 1GiB
1790671860,k3d-tiny-url-serverlb,0.00%,25.56MiB / 10.7GiB
1790671860,k3d-tiny-url-server-0,9.56%,1.086GiB / 10.7GiB
