1790498966,payflow-payflow-1,14.80%,475.8MiB / 1.5GiB
1790498966,payflow-postgres-exporter-1,1.63%,13MiB / 128MiB
1790498966,payflow-mongo-1,0.40%,190.1MiB / 1GiB
1790498966,payflow-postgres-1,14.97%,412.8MiB / 1GiB
1790498966,payflow-kafka-1,183.36%,711.7MiB / 1.5GiB
1790498966,payflow-keycloak-1,49.07%,2.69GiB / 10.7GiB
1790498966,payflow-settlement-rail-1,0.01%,41.14MiB / 256MiB
1790498966,payflow-grafana-1,0.71%,178.6MiB / 512MiB
1790498966,payflow-prometheus-1,0.43%,84MiB / 1GiB
1790498966,payflow-tempo-1,0.21%,120.9MiB / 1GiB
1790498966,k3d-tiny-url-serverlb,0.00%,5.898MiB / 10.7GiB
1790498966,k3d-tiny-url-server-0,6.52%,911.7MiB / 10.7GiB
1790498966,nifty_brattain,1.64%,13.68MiB / 10.7GiB
1790498973,nifty_brattain,3.05%,14.45MiB / 10.7GiB
1790498973,payflow-payflow-1,94.20%,508.8MiB / 1.5GiB
1790498973,payflow-postgres-exporter-1,0.00%,12.48MiB / 128MiB
1790498973,payflow-mongo-1,0.92%,189.9MiB / 1GiB
1790498973,payflow-postgres-1,10.94%,417.2MiB / 1GiB
1790498973,payflow-kafka-1,86.80%,604.9MiB / 1.5GiB
1790498973,payflow-keycloak-1,76.62%,2.692GiB / 10.7GiB
1790498973,payflow-settlement-rail-1,0.01%,41.14MiB / 256MiB
1790498973,payflow-grafana-1,0.90%,178.6MiB / 512MiB
1790498973,payflow-prometheus-1,0.77%,84.12MiB / 1GiB
1790498973,payflow-tempo-1,0.37%,121.7MiB / 1GiB
1790498973,k3d-tiny-url-serverlb,0.00%,5.898MiB / 10.7GiB
1790498973,k3d-tiny-url-server-0,9.94%,911.8MiB / 10.7GiB
1790498980,nifty_brattain,2.22%,15.49MiB / 10.7GiB
1790498980,payflow-payflow-1,136.71%,525.5MiB / 1.5GiB
1790498980,payflow-postgres-exporter-1,1.88%,12.64MiB / 128MiB
1790498980,payflow-mongo-1,1.69%,190.4MiB / 1GiB
1790498980,payflow-postgres-1,50.63%,538.2MiB / 1GiB
1790498980,payflow-kafka-1,45.64%,606.9MiB / 1.5GiB
1790498980,payflow-keycloak-1,0.18%,2.692GiB / 10.7GiB
1790498980,payflow-settlement-rail-1,0.40%,41.3MiB / 256MiB
1790498980,payflow-grafana-1,0.91%,178.6MiB / 512MiB
1790498980,payflow-prometheus-1,1.01%,84.18MiB / 1GiB
1790498980,payflow-tempo-1,0.34%,121.7MiB / 1GiB
1790498980,k3d-tiny-url-serverlb,0.00%,5.898MiB / 10.7GiB
1790498980,k3d-tiny-url-server-0,10.60%,912MiB / 10.7GiB
1790498988,nifty_brattain,1.98%,16.35MiB / 10.7GiB
1790498988,payflow-payflow-1,75.88%,541.1MiB / 1.5GiB
1790498988,payflow-postgres-exporter-1,0.00%,13.34MiB / 128MiB
1790498988,payflow-mongo-1,1.85%,192.4MiB / 1GiB
1790498988,payflow-postgres-1,9.08%,634.1MiB / 1GiB
1790498988,payflow-kafka-1,23.01%,607.1MiB / 1.5GiB
1790498988,payflow-keycloak-1,51.59%,2.692GiB / 10.7GiB
1790498988,payflow-settlement-rail-1,2.87%,41.33MiB / 256MiB
1790498988,payflow-grafana-1,1.72%,178.6MiB / 512MiB
1790498988,payflow-prometheus-1,5.17%,84.19MiB / 1GiB
1790498988,payflow-tempo-1,9.31%,122MiB / 1GiB
1790498988,k3d-tiny-url-serverlb,0.00%,5.898MiB / 10.7GiB
1790498988,k3d-tiny-url-server-0,14.41%,913.3MiB / 10.7GiB
1790498995,nifty_brattain,1.31%,16.02MiB / 10.7GiB
1790498995,payflow-payflow-1,70.69%,543.4MiB / 1.5GiB
1790498995,payflow-postgres-exporter-1,0.00%,12.99MiB / 128MiB
1790498995,payflow-mongo-1,1.80%,192.6MiB / 1GiB
1790498995,payflow-postgres-1,11.94%,630.1MiB / 1GiB
1790498995,payflow-kafka-1,8.66%,607.5MiB / 1.5GiB
1790498995,payflow-keycloak-1,0.26%,2.694GiB / 10.7GiB
1790498995,payflow-settlement-rail-1,0.33%,41.41MiB / 256MiB
1790498995,payflow-grafana-1,1.72%,178.6MiB / 512MiB
1790498995,payflow-prometheus-1,1.45%,84.19MiB / 1GiB
1790498995,payflow-tempo-1,0.41%,123MiB / 1GiB
1790498995,k3d-tiny-url-serverlb,0.02%,5.898MiB / 10.7GiB
1790498995,k3d-tiny-url-server-0,11.88%,913.2MiB / 10.7GiB
1790499002,nifty_brattain,1.80%,16.91MiB / 10.7GiB
1790499002,payflow-payflow-1,82.53%,543MiB / 1.5GiB
1790499002,payflow-postgres-exporter-1,0.00%,12.67MiB / 128MiB
1790499002,payflow-mongo-1,2.98%,192.9MiB / 1GiB
1790499002,payflow-postgres-1,12.90%,628MiB / 1GiB
1790499002,payflow-kafka-1,7.95%,607.8MiB / 1.5GiB
1790499002,payflow-keycloak-1,0.20%,2.705GiB / 10.7GiB
1790499002,payflow-settlement-rail-1,0.24%,41.45MiB / 256MiB
1790499002,payflow-grafana-1,1.12%,178.6MiB / 512MiB
1790499002,payflow-prometheus-1,0.26%,84.38MiB / 1GiB
1790499002,payflow-tempo-1,0.33%,125.7MiB / 1GiB
1790499002,k3d-tiny-url-serverlb,0.01%,5.898MiB / 10.7GiB
1790499002,k3d-tiny-url-server-0,12.70%,912.7MiB / 10.7GiB
1790499009,nifty_brattain,1.82%,16.98MiB / 10.7GiB
1790499009,payflow-payflow-1,54.36%,540MiB / 1.5GiB
1790499009,payflow-postgres-exporter-1,0.00%,13.55MiB / 128MiB
1790499009,payflow-mongo-1,1.68%,192.9MiB / 1GiB
1790499009,payflow-postgres-1,10.24%,626.4MiB / 1GiB
1790499009,payflow-kafka-1,7.43%,609.2MiB / 1.5GiB
1790499009,payflow-keycloak-1,0.24%,2.705GiB / 10.7GiB
1790499009,payflow-settlement-rail-1,2.27%,41.46MiB / 256MiB
1790499009,payflow-grafana-1,1.26%,178.6MiB / 512MiB
1790499009,payflow-prometheus-1,0.62%,84.38MiB / 1GiB
1790499009,payflow-tempo-1,0.44%,126.8MiB / 1GiB
1790499009,k3d-tiny-url-serverlb,0.00%,5.898MiB / 10.7GiB
1790499009,k3d-tiny-url-server-0,10.71%,912.8MiB / 10.7GiB
1790499017,nifty_brattain,1.72%,17.28MiB / 10.7GiB
1790499017,payflow-payflow-1,49.78%,541.1MiB / 1.5GiB
1790499017,payflow-postgres-exporter-1,0.03%,12.4MiB / 128MiB
1790499017,payflow-mongo-1,1.78%,192.9MiB / 1GiB
1790499017,payflow-postgres-1,14.89%,662MiB / 1GiB
1790499017,payflow-kafka-1,7.99%,608.4MiB / 1.5GiB
1790499017,payflow-keycloak-1,0.32%,2.705GiB / 10.7GiB
1790499017,payflow-settlement-rail-1,0.41%,41.49MiB / 256MiB
1790499017,payflow-grafana-1,1.31%,178.6MiB / 512MiB
1790499017,payflow-prometheus-1,0.25%,84.38MiB / 1GiB
1790499017,payflow-tempo-1,0.40%,126.9MiB / 1GiB
1790499017,k3d-tiny-url-serverlb,0.00%,5.898MiB / 10.7GiB
1790499017,k3d-tiny-url-server-0,12.26%,913.4MiB / 10.7GiB
1790499024,nifty_brattain,1.76%,17.93MiB / 10.7GiB
1790499024,payflow-payflow-1,54.77%,543.6MiB / 1.5GiB
1790499024,payflow-postgres-exporter-1,0.00%,12.46MiB / 128MiB
1790499024,payflow-mongo-1,1.74%,192.9MiB / 1GiB
1790499024,payflow-postgres-1,35.44%,782.2MiB / 1GiB
1790499024,payflow-kafka-1,8.03%,608.6MiB / 1.5GiB
1790499024,payflow-keycloak-1,0.27%,2.705GiB / 10.7GiB
1790499024,payflow-settlement-rail-1,0.26%,41.49MiB / 256MiB
1790499024,payflow-grafana-1,1.01%,178.6MiB / 512MiB
1790499024,payflow-prometheus-1,0.24%,84.47MiB / 1GiB
1790499024,payflow-tempo-1,0.39%,127.2MiB / 1GiB
1790499024,k3d-tiny-url-serverlb,0.02%,5.898MiB / 10.7GiB
1790499024,k3d-tiny-url-server-0,11.98%,913.6MiB / 10.7GiB
1790499031,nifty_brattain,1.49%,17.73MiB / 10.7GiB
1790499031,payflow-payflow-1,51.65%,544.5MiB / 1.5GiB
1790499031,payflow-postgres-exporter-1,2.09%,12.56MiB / 128MiB
1790499031,payflow-mongo-1,40.61%,192.7MiB / 1GiB
1790499031,payflow-postgres-1,17.33%,783.6MiB / 1GiB
1790499031,payflow-kafka-1,7.68%,608.9MiB / 1.5GiB
1790499031,payflow-keycloak-1,0.22%,2.705GiB / 10.7GiB
1790499031,payflow-settlement-rail-1,0.20%,41.55MiB / 256MiB
1790499031,payflow-grafana-1,0.99%,178.6MiB / 512MiB
1790499031,payflow-prometheus-1,0.58%,84.48MiB / 1GiB
1790499031,payflow-tempo-1,0.57%,127MiB / 1GiB
1790499031,k3d-tiny-url-serverlb,0.00%,5.898MiB / 10.7GiB
1790499031,k3d-tiny-url-server-0,13.45%,912.9MiB / 10.7GiB
1790499038,nifty_brattain,1.60%,17.95MiB / 10.7GiB
1790499038,payflow-payflow-1,60.46%,545.3MiB / 1.5GiB
1790499038,payflow-postgres-exporter-1,0.00%,13.36MiB / 128MiB
1790499038,payflow-mongo-1,1.44%,192.7MiB / 1GiB
1790499038,payflow-postgres-1,12.90%,788.3MiB / 1GiB
1790499038,payflow-kafka-1,19.45%,609.2MiB / 1.5GiB
1790499038,payflow-keycloak-1,0.24%,2.705GiB / 10.7GiB
1790499038,payflow-settlement-rail-1,0.73%,41.55MiB / 256MiB
1790499038,payflow-grafana-1,1.58%,178.7MiB / 512MiB
1790499038,payflow-prometheus-1,0.71%,84.48MiB / 1GiB
1790499038,payflow-tempo-1,1.28%,127MiB / 1GiB
1790499038,k3d-tiny-url-serverlb,0.03%,5.898MiB / 10.7GiB
1790499038,k3d-tiny-url-server-0,11.07%,913MiB / 10.7GiB
1790499045,nifty_brattain,1.17%,18.29MiB / 10.7GiB
1790499045,payflow-payflow-1,35.57%,545.2MiB / 1.5GiB
1790499045,payflow-postgres-exporter-1,1.37%,12.38MiB / 128MiB
1790499045,payflow-mongo-1,1.77%,192.7MiB / 1GiB
1790499045,payflow-postgres-1,14.33%,789.8MiB / 1GiB
1790499045,payflow-kafka-1,127.29%,685.9MiB / 1.5GiB
1790499045,payflow-keycloak-1,0.24%,2.705GiB / 10.7GiB
1790499045,payflow-settlement-rail-1,0.28%,41.55MiB / 256MiB
1790499045,payflow-grafana-1,0.95%,178.8MiB / 512MiB
1790499045,payflow-prometheus-1,0.43%,84.48MiB / 1GiB
1790499045,payflow-tempo-1,0.74%,127MiB / 1GiB
1790499045,k3d-tiny-url-serverlb,0.00%,5.898MiB / 10.7GiB
1790499045,k3d-tiny-url-server-0,7.67%,913.6MiB / 10.7GiB
1790499053,nifty_brattain,1.20%,18.31MiB / 10.7GiB
1790499053,payflow-payflow-1,44.13%,546.4MiB / 1.5GiB
1790499053,payflow-postgres-exporter-1,0.00%,13.4MiB / 128MiB
1790499053,payflow-mongo-1,52.61%,192.7MiB / 1GiB
1790499053,payflow-postgres-1,11.11%,789.8MiB / 1GiB
1790499053,payflow-kafka-1,143.93%,715.9MiB / 1.5GiB
1790499053,payflow-keycloak-1,0.19%,2.705GiB / 10.7GiB
1790499053,payflow-settlement-rail-1,0.21%,41.55MiB / 256MiB
1790499053,payflow-grafana-1,0.73%,178.8MiB / 512MiB
1790499053,payflow-prometheus-1,0.89%,84.57MiB / 1GiB
1790499053,payflow-tempo-1,0.27%,127.1MiB / 1GiB
1790499053,k3d-tiny-url-serverlb,0.00%,5.898MiB / 10.7GiB
1790499053,k3d-tiny-url-server-0,8.44%,914.4MiB / 10.7GiB
1790499060,nifty_brattain,1.28%,18.32MiB / 10.7GiB
1790499060,payflow-payflow-1,56.92%,558MiB / 1.5GiB
1790499060,payflow-postgres-exporter-1,0.00%,13.46MiB / 128MiB
1790499060,payflow-mongo-1,1.19%,192.7MiB / 1GiB
1790499060,payflow-postgres-1,8.78%,790.7MiB / 1GiB
1790499060,payflow-kafka-1,34.51%,610.1MiB / 1.5GiB
1790499060,payflow-keycloak-1,0.18%,2.705GiB / 10.7GiB
1790499060,payflow-settlement-rail-1,0.21%,41.56MiB / 256MiB
1790499060,payflow-grafana-1,0.91%,178.8MiB / 512MiB
1790499060,payflow-prometheus-1,2.46%,84.59MiB / 1GiB
1790499060,payflow-tempo-1,0.25%,127.2MiB / 1GiB
1790499060,k3d-tiny-url-serverlb,0.01%,5.898MiB / 10.7GiB
1790499060,k3d-tiny-url-server-0,7.88%,914.2MiB / 10.7GiB
1790499067,payflow-payflow-1,3.60%,547.5MiB / 1.5GiB
1790499067,payflow-postgres-exporter-1,0.00%,13.18MiB / 128MiB
1790499067,payflow-mongo-1,0.37%,193MiB / 1GiB
1790499067,payflow-postgres-1,7.49%,791.2MiB / 1GiB
1790499067,payflow-kafka-1,2.18%,610.2MiB / 1.5GiB
1790499067,payflow-keycloak-1,0.21%,2.705GiB / 10.7GiB
1790499067,payflow-settlement-rail-1,0.02%,41.56MiB / 256MiB
1790499067,payflow-grafana-1,0.67%,178.8MiB / 512MiB
1790499067,payflow-prometheus-1,0.16%,84.62MiB / 1GiB
1790499067,payflow-tempo-1,0.22%,127.2MiB / 1GiB
1790499067,k3d-tiny-url-serverlb,0.01%,5.898MiB / 10.7GiB
1790499067,k3d-tiny-url-server-0,7.17%,914MiB / 10.7GiB
1790499074,payflow-payflow-1,8.86%,547.6MiB / 1.5GiB
1790499074,payflow-postgres-exporter-1,0.00%,13.07MiB / 128MiB
1790499074,payflow-mongo-1,43.25%,192.8MiB / 1GiB
1790499074,payflow-postgres-1,1.64%,791.2MiB / 1GiB
1790499074,payflow-kafka-1,3.38%,610.2MiB / 1.5GiB
1790499074,payflow-keycloak-1,0.22%,2.705GiB / 10.7GiB
1790499074,payflow-settlement-rail-1,0.02%,41.56MiB / 256MiB
1790499074,payflow-grafana-1,1.53%,178.9MiB / 512MiB
1790499074,payflow-prometheus-1,1.08%,84.68MiB / 1GiB
1790499074,payflow-tempo-1,0.37%,127.3MiB / 1GiB
1790499074,k3d-tiny-url-serverlb,0.00%,5.898MiB / 10.7GiB
1790499074,k3d-tiny-url-server-0,10.24%,914.3MiB / 10.7GiB
1790499082,payflow-payflow-1,7.74%,547.7MiB / 1.5GiB
1790499082,payflow-postgres-exporter-1,0.00%,12.62MiB / 128MiB
1790499082,payflow-mongo-1,1.27%,192.7MiB / 1GiB
1790499082,payflow-postgres-1,3.14%,791.1MiB / 1GiB
1790499082,payflow-kafka-1,4.44%,610.5MiB / 1.5GiB
1790499082,payflow-keycloak-1,0.26%,2.705GiB / 10.7GiB
1790499082,payflow-settlement-rail-1,0.05%,41.56MiB / 256MiB
1790499082,payflow-grafana-1,1.25%,178.9MiB / 512MiB
1790499082,payflow-prometheus-1,0.28%,84.69MiB / 1GiB
1790499082,payflow-tempo-1,0.44%,127.4MiB / 1GiB
1790499082,k3d-tiny-url-serverlb,0.00%,5.898MiB / 10.7GiB
1790499082,k3d-tiny-url-server-0,13.47%,915.7MiB / 10.7GiB
1790499089,payflow-payflow-1,6.03%,547.6MiB / 1.5GiB
1790499089,payflow-postgres-exporter-1,0.00%,13.21MiB / 128MiB
1790499089,payflow-mongo-1,0.84%,193MiB / 1GiB
1790499089,payflow-postgres-1,4.76%,791.2MiB / 1GiB
1790499089,payflow-kafka-1,3.30%,610.2MiB / 1.5GiB
1790499089,payflow-keycloak-1,0.28%,2.705GiB / 10.7GiB
1790499089,payflow-settlement-rail-1,0.02%,41.56MiB / 256MiB
1790499089,payflow-grafana-1,1.69%,178.9MiB / 512MiB
1790499089,payflow-prometheus-1,0.46%,84.7MiB / 1GiB
1790499089,payflow-tempo-1,0.45%,127.4MiB / 1GiB
1790499089,k3d-tiny-url-serverlb,0.05%,5.898MiB / 10.7GiB
1790499089,k3d-tiny-url-server-0,17.61%,915.2MiB / 10.7GiB
