1790491445,payflow-payflow-1,115.01%,520.5MiB / 1.5GiB
1790491445,payflow-postgres-exporter-1,0.00%,8.363MiB / 128MiB
1790491445,payflow-postgres-1,7.33%,101.3MiB / 1GiB
1790491445,payflow-mongo-1,0.35%,205.9MiB / 1GiB
1790491445,payflow-keycloak-1,54.73%,711.1MiB / 10.7GiB
1790491445,payflow-kafka-1,193.00%,588.8MiB / 1.5GiB
1790491445,payflow-grafana-1,0.78%,320.2MiB / 512MiB
1790491445,payflow-prometheus-1,0.54%,64.08MiB / 1GiB
1790491445,payflow-tempo-1,0.21%,197.4MiB / 1GiB
1790491445,k3d-tiny-url-serverlb,0.00%,26.15MiB / 10.7GiB
1790491445,k3d-tiny-url-server-0,8.12%,1.004GiB / 10.7GiB
1790491445,blissful_cerf,8.56%,21.28MiB / 10.7GiB
1790491452,blissful_cerf,2.46%,27.65MiB / 10.7GiB
1790491452,payflow-payflow-1,90.48%,518.8MiB / 1.5GiB
1790491452,payflow-postgres-exporter-1,0.00%,7.883MiB / 128MiB
1790491452,payflow-postgres-1,13.91%,101.9MiB / 1GiB
1790491452,payflow-mongo-1,2.09%,206MiB / 1GiB
1790491452,payflow-keycloak-1,0.26%,711.8MiB / 10.7GiB
1790491452,payflow-kafka-1,152.27%,595.9MiB / 1.5GiB
1790491452,payflow-grafana-1,0.82%,320.2MiB / 512MiB
1790491452,payflow-prometheus-1,0.24%,64.09MiB / 1GiB
1790491452,payflow-tempo-1,0.26%,197.4MiB / 1GiB
1790491452,k3d-tiny-url-serverlb,0.00%,26.15MiB / 10.7GiB
1790491452,k3d-tiny-url-server-0,10.17%,1.004GiB / 10.7GiB
1790491459,blissful_cerf,3.59%,31.51MiB / 10.7GiB
1790491459,payflow-payflow-1,93.39%,520.8MiB / 1.5GiB
1790491459,payflow-postgres-exporter-1,0.00%,8.5MiB / 128MiB
1790491459,payflow-postgres-1,24.54%,105.2MiB / 1GiB
1790491459,payflow-mongo-1,2.34%,206MiB / 1GiB
1790491459,payflow-keycloak-1,0.20%,711.8MiB / 10.7GiB
1790491459,payflow-kafka-1,67.55%,497MiB / 1.5GiB
1790491459,payflow-grafana-1,0.84%,320.2MiB / 512MiB
1790491459,payflow-prometheus-1,0.84%,64.09MiB / 1GiB
1790491459,payflow-tempo-1,0.89%,183.8MiB / 1GiB
1790491459,k3d-tiny-url-serverlb,0.00%,26.15MiB / 10.7GiB
1790491459,k3d-tiny-url-server-0,6.99%,1.005GiB / 10.7GiB
1790491467,blissful_cerf,4.82%,33.18MiB / 10.7GiB
1790491467,payflow-payflow-1,84.03%,522.5MiB / 1.5GiB
1790491467,payflow-postgres-exporter-1,0.00%,7.805MiB / 128MiB
1790491467,payflow-postgres-1,20.97%,106.2MiB / 1GiB
1790491467,payflow-mongo-1,3.45%,206.2MiB / 1GiB
1790491467,payflow-keycloak-1,0.22%,711.7MiB / 10.7GiB
1790491467,payflow-kafka-1,19.14%,487.7MiB / 1.5GiB
1790491467,payflow-grafana-1,4.80%,320MiB / 512MiB
1790491467,payflow-prometheus-1,0.22%,64.1MiB / 1GiB
1790491467,payflow-tempo-1,0.25%,183.8MiB / 1GiB
1790491467,k3d-tiny-url-serverlb,0.01%,26.15MiB / 10.7GiB
1790491467,k3d-tiny-url-server-0,7.28%,1.005GiB / 10.7GiB
1790491474,blissful_cerf,4.25%,34.04MiB / 10.7GiB
1790491474,payflow-payflow-1,76.54%,524.2MiB / 1.5GiB
1790491474,payflow-postgres-exporter-1,0.00%,8.582MiB / 128MiB
1790491474,payflow-postgres-1,20.17%,108.7MiB / 1GiB
1790491474,payflow-mongo-1,2.43%,206.6MiB / 1GiB
1790491474,payflow-keycloak-1,0.18%,711.7MiB / 10.7GiB
1790491474,payflow-kafka-1,17.23%,492.3MiB / 1.5GiB
1790491474,payflow-grafana-1,0.79%,320MiB / 512MiB
1790491474,payflow-prometheus-1,0.16%,64.1MiB / 1GiB
1790491474,payflow-tempo-1,0.99%,182.8MiB / 1GiB
1790491474,k3d-tiny-url-serverlb,0.01%,26.15MiB / 10.7GiB
1790491474,k3d-tiny-url-server-0,7.35%,1.004GiB / 10.7GiB
1790491481,blissful_cerf,8.58%,37.21MiB / 10.7GiB
1790491481,payflow-payflow-1,86.77%,525.1MiB / 1.5GiB
1790491481,payflow-postgres-exporter-1,1.36%,8.469MiB / 128MiB
1790491481,payflow-postgres-1,28.61%,113.8MiB / 1GiB
1790491481,payflow-mongo-1,31.00%,206.9MiB / 1GiB
1790491481,payflow-keycloak-1,0.21%,711.7MiB / 10.7GiB
1790491481,payflow-kafka-1,18.91%,491.6MiB / 1.5GiB
1790491481,payflow-grafana-1,0.84%,320MiB / 512MiB
1790491481,payflow-prometheus-1,0.37%,64.14MiB / 1GiB
1790491481,payflow-tempo-1,0.89%,182.8MiB / 1GiB
1790491481,k3d-tiny-url-serverlb,0.02%,26.15MiB / 10.7GiB
1790491481,k3d-tiny-url-server-0,7.35%,1.004GiB / 10.7GiB
1790491488,blissful_cerf,5.81%,37.75MiB / 10.7GiB
1790491488,payflow-payflow-1,97.61%,526.2MiB / 1.5GiB
1790491488,payflow-postgres-exporter-1,0.00%,8.418MiB / 128MiB
1790491488,payflow-postgres-1,22.20%,118.4MiB / 1GiB
1790491488,payflow-mongo-1,4.02%,207.3MiB / 1GiB
1790491488,payflow-keycloak-1,0.19%,711.7MiB / 10.7GiB
1790491488,payflow-kafka-1,17.39%,493.8MiB / 1.5GiB
1790491488,payflow-grafana-1,1.09%,320MiB / 512MiB
1790491488,payflow-prometheus-1,0.92%,64.23MiB / 1GiB
1790491488,payflow-tempo-1,4.72%,183.1MiB / 1GiB
1790491488,k3d-tiny-url-serverlb,0.00%,26.15MiB / 10.7GiB
1790491488,k3d-tiny-url-server-0,6.50%,1.005GiB / 10.7GiB
1790491495,blissful_cerf,7.99%,38.15MiB / 10.7GiB
1790491495,payflow-payflow-1,99.70%,526.8MiB / 1.5GiB
1790491495,payflow-postgres-exporter-1,2.18%,8.199MiB / 128MiB
1790491495,payflow-postgres-1,30.01%,121.4MiB / 1GiB
1790491495,payflow-mongo-1,2.76%,207.3MiB / 1GiB
1790491495,payflow-keycloak-1,0.19%,711.7MiB / 10.7GiB
1790491495,payflow-kafka-1,18.28%,496.8MiB / 1.5GiB
1790491495,payflow-grafana-1,0.81%,320MiB / 512MiB
1790491495,payflow-prometheus-1,0.44%,64.86MiB / 1GiB
1790491495,payflow-tempo-1,0.23%,183.1MiB / 1GiB
1790491495,k3d-tiny-url-serverlb,0.01%,26.15MiB / 10.7GiB
1790491495,k3d-tiny-url-server-0,7.69%,1.005GiB / 10.7GiB
1790491503,blissful_cerf,6.64%,38.61MiB / 10.7GiB
1790491503,payflow-payflow-1,85.22%,528.3MiB / 1.5GiB
1790491503,payflow-postgres-exporter-1,0.00%,8.488MiB / 128MiB
1790491503,payflow-postgres-1,23.27%,124.7MiB / 1GiB
1790491503,payflow-mongo-1,51.83%,207.4MiB / 1GiB
1790491503,payflow-keycloak-1,0.18%,711.7MiB / 10.7GiB
1790491503,payflow-kafka-1,21.62%,499.4MiB / 1.5GiB
1790491503,payflow-grafana-1,0.76%,320MiB / 512MiB
1790491503,payflow-prometheus-1,0.75%,64.91MiB / 1GiB
1790491503,payflow-tempo-1,0.40%,183.3MiB / 1GiB
1790491503,k3d-tiny-url-serverlb,0.00%,26.15MiB / 10.7GiB
1790491503,k3d-tiny-url-server-0,6.30%,1.004GiB / 10.7GiB
1790491510,blissful_cerf,6.92%,38.75MiB / 10.7GiB
1790491510,payflow-payflow-1,79.23%,529.6MiB / 1.5GiB
1790491510,payflow-postgres-exporter-1,0.00%,7.789MiB / 128MiB
1790491510,payflow-postgres-1,24.90%,128MiB / 1GiB
1790491510,payflow-mongo-1,5.29%,207.4MiB / 1GiB
1790491510,payflow-keycloak-1,0.21%,711.7MiB / 10.7GiB
1790491510,payflow-kafka-1,21.64%,500MiB / 1.5GiB
1790491510,payflow-grafana-1,0.75%,320MiB / 512MiB
1790491510,payflow-prometheus-1,1.16%,64.93MiB / 1GiB
1790491510,payflow-tempo-1,0.26%,176.1MiB / 1GiB
1790491510,k3d-tiny-url-serverlb,0.00%,26.15MiB / 10.7GiB
1790491510,k3d-tiny-url-server-0,8.11%,1.005GiB / 10.7GiB
1790491517,blissful_cerf,6.72%,39.04MiB / 10.7GiB
1790491517,payflow-payflow-1,122.68%,537.8MiB / 1.5GiB
1790491517,payflow-postgres-exporter-1,0.00%,8.641MiB / 128MiB
1790491517,payflow-postgres-1,28.19%,131.2MiB / 1GiB
1790491517,payflow-mongo-1,5.18%,207.2MiB / 1GiB
1790491517,payflow-keycloak-1,0.21%,711.7MiB / 10.7GiB
1790491517,payflow-kafka-1,19.80%,499.6MiB / 1.5GiB
1790491517,payflow-grafana-1,0.84%,320MiB / 512MiB
1790491517,payflow-prometheus-1,0.16%,64.93MiB / 1GiB
1790491517,payflow-tempo-1,2.13%,174.3MiB / 1GiB
1790491517,k3d-tiny-url-serverlb,0.01%,26.15MiB / 10.7GiB
1790491517,k3d-tiny-url-server-0,8.35%,1.005GiB / 10.7GiB
1790491524,blissful_cerf,6.91%,39.11MiB / 10.7GiB
1790491524,payflow-payflow-1,78.90%,531.2MiB / 1.5GiB
1790491524,payflow-postgres-exporter-1,0.00%,8.184MiB / 128MiB
1790491524,payflow-postgres-1,22.96%,132.8MiB / 1GiB
1790491524,payflow-mongo-1,46.49%,366.2MiB / 1GiB
1790491524,payflow-keycloak-1,0.20%,711.7MiB / 10.7GiB
1790491524,payflow-kafka-1,16.34%,502.9MiB / 1.5GiB
1790491524,payflow-grafana-1,1.55%,320MiB / 512MiB
1790491524,payflow-prometheus-1,0.34%,64.94MiB / 1GiB
1790491524,payflow-tempo-1,2.36%,171.9MiB / 1GiB
1790491524,k3d-tiny-url-serverlb,0.00%,26.15MiB / 10.7GiB
1790491524,k3d-tiny-url-server-0,6.59%,1.005GiB / 10.7GiB
1790491532,blissful_cerf,10.63%,39.19MiB / 10.7GiB
1790491532,payflow-payflow-1,87.96%,547.3MiB / 1.5GiB
1790491532,payflow-postgres-exporter-1,0.00%,7.805MiB / 128MiB
1790491532,payflow-postgres-1,23.38%,133.5MiB / 1GiB
1790491532,payflow-mongo-1,6.17%,207.3MiB / 1GiB
1790491532,payflow-keycloak-1,0.25%,711.7MiB / 10.7GiB
1790491532,payflow-kafka-1,36.31%,507.8MiB / 1.5GiB
1790491532,payflow-grafana-1,0.80%,320MiB / 512MiB
1790491532,payflow-prometheus-1,0.16%,64.95MiB / 1GiB
1790491532,payflow-tempo-1,2.54%,170.6MiB / 1GiB
1790491532,k3d-tiny-url-serverlb,0.00%,26.15MiB / 10.7GiB
1790491532,k3d-tiny-url-server-0,7.22%,1.004GiB / 10.7GiB
1790491539,blissful_cerf,8.25%,39.21MiB / 10.7GiB
1790491539,payflow-payflow-1,86.59%,534.6MiB / 1.5GiB
1790491539,payflow-postgres-exporter-1,0.00%,8.77MiB / 128MiB
1790491539,payflow-postgres-1,25.26%,134.8MiB / 1GiB
1790491539,payflow-mongo-1,4.28%,207.3MiB / 1GiB
1790491539,payflow-keycloak-1,0.20%,711.7MiB / 10.7GiB
1790491539,payflow-kafka-1,130.08%,575MiB / 1.5GiB
1790491539,payflow-grafana-1,0.72%,320MiB / 512MiB
1790491539,payflow-prometheus-1,0.15%,64.95MiB / 1GiB
1790491539,payflow-tempo-1,3.84%,169.7MiB / 1GiB
1790491539,k3d-tiny-url-serverlb,0.00%,26.15MiB / 10.7GiB
1790491539,k3d-tiny-url-server-0,9.44%,1.005GiB / 10.7GiB
1790491546,blissful_cerf,7.02%,39.25MiB / 10.7GiB
1790491546,payflow-payflow-1,82.47%,535.8MiB / 1.5GiB
1790491546,payflow-postgres-exporter-1,2.48%,8.039MiB / 128MiB
1790491546,payflow-postgres-1,32.01%,138.1MiB / 1GiB
1790491546,payflow-mongo-1,6.38%,207.3MiB / 1GiB
1790491546,payflow-keycloak-1,0.22%,711.7MiB / 10.7GiB
1790491546,payflow-kafka-1,195.70%,599.2MiB / 1.5GiB
1790491546,payflow-grafana-1,0.94%,320MiB / 512MiB
1790491546,payflow-prometheus-1,0.35%,64.96MiB / 1GiB
1790491546,payflow-tempo-1,0.21%,166.7MiB / 1GiB
1790491546,k3d-tiny-url-serverlb,0.00%,26.15MiB / 10.7GiB
1790491546,k3d-tiny-url-server-0,6.76%,1.005GiB / 10.7GiB
1790491553,blissful_cerf,6.45%,39.3MiB / 10.7GiB
1790491553,payflow-payflow-1,80.22%,537.1MiB / 1.5GiB
1790491553,payflow-postgres-exporter-1,0.00%,8.395MiB / 128MiB
1790491553,payflow-postgres-1,20.38%,140.4MiB / 1GiB
1790491553,payflow-mongo-1,5.87%,207.3MiB / 1GiB
1790491553,payflow-keycloak-1,0.20%,711.7MiB / 10.7GiB
1790491553,payflow-kafka-1,123.63%,506.1MiB / 1.5GiB
1790491553,payflow-grafana-1,0.84%,320MiB / 512MiB
1790491553,payflow-prometheus-1,0.75%,64.96MiB / 1GiB
1790491553,payflow-tempo-1,2.07%,166.7MiB / 1GiB
1790491553,k3d-tiny-url-serverlb,0.00%,26.15MiB / 10.7GiB
1790491553,k3d-tiny-url-server-0,6.92%,1.005GiB / 10.7GiB
1790491560,blissful_cerf,7.09%,39.6MiB / 10.7GiB
1790491560,payflow-payflow-1,87.74%,538.1MiB / 1.5GiB
1790491560,payflow-postgres-exporter-1,1.48%,8.199MiB / 128MiB
1790491560,payflow-postgres-1,34.45%,143.5MiB / 1GiB
1790491560,payflow-mongo-1,7.01%,207.3MiB / 1GiB
1790491560,payflow-keycloak-1,0.23%,711.7MiB / 10.7GiB
1790491560,payflow-kafka-1,27.55%,509.2MiB / 1.5GiB
1790491560,payflow-grafana-1,0.96%,320MiB / 512MiB
1790491560,payflow-prometheus-1,0.83%,64.96MiB / 1GiB
1790491560,payflow-tempo-1,0.26%,167.6MiB / 1GiB
1790491560,k3d-tiny-url-serverlb,0.00%,26.15MiB / 10.7GiB
1790491560,k3d-tiny-url-server-0,9.59%,1.005GiB / 10.7GiB
1790491568,blissful_cerf,9.47%,39.91MiB / 10.7GiB
1790491568,payflow-payflow-1,113.36%,538.8MiB / 1.5GiB
1790491568,payflow-postgres-exporter-1,0.00%,8.02MiB / 128MiB
1790491568,payflow-postgres-1,45.96%,156.9MiB / 1GiB
1790491568,payflow-mongo-1,7.55%,207.4MiB / 1GiB
1790491568,payflow-keycloak-1,0.28%,711.7MiB / 10.7GiB
1790491568,payflow-kafka-1,26.55%,511.7MiB / 1.5GiB
1790491568,payflow-grafana-1,1.32%,320MiB / 512MiB
1790491568,payflow-prometheus-1,0.74%,64.97MiB / 1GiB
1790491568,payflow-tempo-1,0.27%,168.2MiB / 1GiB
1790491568,k3d-tiny-url-serverlb,0.00%,26.15MiB / 10.7GiB
1790491568,k3d-tiny-url-server-0,13.41%,1.005GiB / 10.7GiB
1790491575,blissful_cerf,9.44%,39.94MiB / 10.7GiB
1790491575,payflow-payflow-1,70.76%,539.3MiB / 1.5GiB
1790491575,payflow-postgres-exporter-1,0.00%,7.703MiB / 128MiB
1790491575,payflow-postgres-1,23.21%,160.4MiB / 1GiB
1790491575,payflow-mongo-1,43.39%,207.4MiB / 1GiB
1790491575,payflow-keycloak-1,0.21%,711.7MiB / 10.7GiB
1790491575,payflow-kafka-1,16.50%,510.8MiB / 1.5GiB
1790491575,payflow-grafana-1,0.97%,320MiB / 512MiB
1790491575,payflow-prometheus-1,0.78%,64.97MiB / 1GiB
1790491575,payflow-tempo-1,2.18%,168.9MiB / 1GiB
1790491575,k3d-tiny-url-serverlb,0.01%,26.15MiB / 10.7GiB
1790491575,k3d-tiny-url-server-0,9.70%,1.005GiB / 10.7GiB
1790491582,blissful_cerf,5.66%,39.98MiB / 10.7GiB
1790491582,payflow-payflow-1,64.18%,540.7MiB / 1.5GiB
1790491582,payflow-postgres-exporter-1,0.00%,8.043MiB / 128MiB
1790491582,payflow-postgres-1,19.67%,162.5MiB / 1GiB
1790491582,payflow-mongo-1,4.37%,207.4MiB / 1GiB
1790491582,payflow-keycloak-1,0.24%,711.6MiB / 10.7GiB
1790491582,payflow-kafka-1,16.97%,512.8MiB / 1.5GiB
1790491582,payflow-grafana-1,0.89%,320MiB / 512MiB
1790491582,payflow-prometheus-1,0.16%,64.98MiB / 1GiB
1790491582,payflow-tempo-1,0.77%,165.8MiB / 1GiB
1790491582,k3d-tiny-url-serverlb,0.02%,26.15MiB / 10.7GiB
1790491582,k3d-tiny-url-server-0,7.19%,1.005GiB / 10.7GiB
1790491589,blissful_cerf,6.29%,40MiB / 10.7GiB
1790491589,payflow-payflow-1,84.36%,541MiB / 1.5GiB
1790491589,payflow-postgres-exporter-1,0.00%,7.961MiB / 128MiB
1790491589,payflow-postgres-1,22.26%,162.9MiB / 1GiB
1790491589,payflow-mongo-1,6.29%,207.4MiB / 1GiB
1790491589,payflow-keycloak-1,0.17%,711.6MiB / 10.7GiB
1790491589,payflow-kafka-1,16.65%,513.3MiB / 1.5GiB
1790491589,payflow-grafana-1,0.75%,320MiB / 512MiB
1790491589,payflow-prometheus-1,0.22%,65.03MiB / 1GiB
1790491589,payflow-tempo-1,0.79%,167MiB / 1GiB
1790491589,k3d-tiny-url-serverlb,0.00%,26.15MiB / 10.7GiB
1790491589,k3d-tiny-url-server-0,11.99%,1.005GiB / 10.7GiB
1790491596,blissful_cerf,7.17%,40.02MiB / 10.7GiB
1790491596,payflow-payflow-1,79.95%,541.9MiB / 1.5GiB
1790491596,payflow-postgres-exporter-1,0.00%,8.047MiB / 128MiB
1790491596,payflow-postgres-1,30.65%,163.6MiB / 1GiB
1790491596,payflow-mongo-1,53.17%,207.4MiB / 1GiB
1790491596,payflow-keycloak-1,0.20%,711.6MiB / 10.7GiB
1790491596,payflow-kafka-1,18.78%,513.4MiB / 1.5GiB
1790491596,payflow-grafana-1,0.95%,320MiB / 512MiB
1790491596,payflow-prometheus-1,0.16%,65.09MiB / 1GiB
1790491596,payflow-tempo-1,0.28%,167MiB / 1GiB
1790491596,k3d-tiny-url-serverlb,0.00%,26.15MiB / 10.7GiB
1790491596,k3d-tiny-url-server-0,6.91%,1.005GiB / 10.7GiB
1790491604,blissful_cerf,7.82%,40.4MiB / 10.7GiB
1790491604,payflow-payflow-1,71.48%,541.5MiB / 1.5GiB
1790491604,payflow-postgres-exporter-1,0.00%,8.055MiB / 128MiB
1790491604,payflow-postgres-1,21.97%,166.5MiB / 1GiB
1790491604,payflow-mongo-1,4.52%,207.4MiB / 1GiB
1790491604,payflow-keycloak-1,0.17%,711.6MiB / 10.7GiB
1790491604,payflow-kafka-1,15.80%,515.8MiB / 1.5GiB
1790491604,payflow-grafana-1,0.79%,320MiB / 512MiB
1790491604,payflow-prometheus-1,0.18%,65.09MiB / 1GiB
1790491604,payflow-tempo-1,0.26%,167MiB / 1GiB
1790491604,k3d-tiny-url-serverlb,0.03%,26.15MiB / 10.7GiB
1790491604,k3d-tiny-url-server-0,6.48%,1.005GiB / 10.7GiB
1790491611,blissful_cerf,6.25%,40.41MiB / 10.7GiB
1790491611,payflow-payflow-1,70.17%,542.4MiB / 1.5GiB
1790491611,payflow-postgres-exporter-1,1.37%,8.27MiB / 128MiB
1790491611,payflow-postgres-1,27.25%,169.6MiB / 1GiB
1790491611,payflow-mongo-1,5.72%,207.6MiB / 1GiB
1790491611,payflow-keycloak-1,0.18%,711.6MiB / 10.7GiB
1790491611,payflow-kafka-1,15.95%,522.1MiB / 1.5GiB
1790491611,payflow-grafana-1,0.70%,320MiB / 512MiB
1790491611,payflow-prometheus-1,0.38%,65.09MiB / 1GiB
1790491611,payflow-tempo-1,0.20%,167MiB / 1GiB
1790491611,k3d-tiny-url-serverlb,0.01%,26.15MiB / 10.7GiB
1790491611,k3d-tiny-url-server-0,6.87%,1.006GiB / 10.7GiB
1790491618,blissful_cerf,6.51%,40.44MiB / 10.7GiB
1790491618,payflow-payflow-1,87.21%,543.8MiB / 1.5GiB
1790491618,payflow-postgres-exporter-1,0.00%,8.168MiB / 128MiB
1790491618,payflow-postgres-1,26.04%,173MiB / 1GiB
1790491618,payflow-mongo-1,17.39%,310.7MiB / 1GiB
1790491618,payflow-keycloak-1,0.20%,711.7MiB / 10.7GiB
1790491618,payflow-kafka-1,20.63%,519MiB / 1.5GiB
1790491618,payflow-grafana-1,1.07%,320MiB / 512MiB
1790491618,payflow-prometheus-1,0.77%,65.09MiB / 1GiB
1790491618,payflow-tempo-1,5.01%,168.2MiB / 1GiB
1790491618,k3d-tiny-url-serverlb,0.01%,26.15MiB / 10.7GiB
1790491618,k3d-tiny-url-server-0,7.67%,1.006GiB / 10.7GiB
1790491625,blissful_cerf,6.99%,40.45MiB / 10.7GiB
1790491625,payflow-payflow-1,90.37%,548.1MiB / 1.5GiB
1790491625,payflow-postgres-exporter-1,1.22%,8.387MiB / 128MiB
1790491625,payflow-postgres-1,27.00%,179.4MiB / 1GiB
1790491625,payflow-mongo-1,4.62%,207.8MiB / 1GiB
1790491625,payflow-keycloak-1,0.17%,711.7MiB / 10.7GiB
1790491625,payflow-kafka-1,87.34%,574.6MiB / 1.5GiB
1790491625,payflow-grafana-1,0.74%,320MiB / 512MiB
1790491625,payflow-prometheus-1,0.55%,65.1MiB / 1GiB
1790491625,payflow-tempo-1,1.21%,168.2MiB / 1GiB
1790491625,k3d-tiny-url-serverlb,0.02%,26.15MiB / 10.7GiB
1790491625,k3d-tiny-url-server-0,6.31%,1.005GiB / 10.7GiB
1790491632,blissful_cerf,8.02%,40.89MiB / 10.7GiB
1790491632,payflow-payflow-1,83.46%,548.3MiB / 1.5GiB
1790491632,payflow-postgres-exporter-1,0.00%,8.719MiB / 128MiB
1790491632,payflow-postgres-1,29.52%,179.8MiB / 1GiB
1790491632,payflow-mongo-1,4.71%,208.1MiB / 1GiB
1790491632,payflow-keycloak-1,0.19%,711.7MiB / 10.7GiB
1790491632,payflow-kafka-1,186.53%,609MiB / 1.5GiB
1790491632,payflow-grafana-1,0.83%,320MiB / 512MiB
1790491632,payflow-prometheus-1,0.74%,65.11MiB / 1GiB
1790491632,payflow-tempo-1,0.20%,169.4MiB / 1GiB
1790491632,k3d-tiny-url-serverlb,0.00%,26.15MiB / 10.7GiB
1790491632,k3d-tiny-url-server-0,6.84%,1.005GiB / 10.7GiB
1790491640,blissful_cerf,8.72%,40.93MiB / 10.7GiB
1790491640,payflow-payflow-1,85.42%,549MiB / 1.5GiB
1790491640,payflow-postgres-exporter-1,0.00%,8.418MiB / 128MiB
1790491640,payflow-postgres-1,82.28%,183.9MiB / 1GiB
1790491640,payflow-mongo-1,7.52%,208.2MiB / 1GiB
1790491640,payflow-keycloak-1,0.18%,711.7MiB / 10.7GiB
1790491640,payflow-kafka-1,146.49%,627.7MiB / 1.5GiB
1790491640,payflow-grafana-1,0.80%,320MiB / 512MiB
1790491640,payflow-prometheus-1,0.71%,65.12MiB / 1GiB
1790491640,payflow-tempo-1,0.21%,164.5MiB / 1GiB
1790491640,k3d-tiny-url-serverlb,0.00%,26.15MiB / 10.7GiB
1790491640,k3d-tiny-url-server-0,8.26%,1.006GiB / 10.7GiB
1790491647,blissful_cerf,10.05%,40.94MiB / 10.7GiB
1790491647,payflow-payflow-1,89.15%,549MiB / 1.5GiB
1790491647,payflow-postgres-exporter-1,0.00%,8.301MiB / 128MiB
1790491647,payflow-postgres-1,32.53%,184MiB / 1GiB
1790491647,payflow-mongo-1,10.54%,208.2MiB / 1GiB
1790491647,payflow-keycloak-1,0.18%,711.6MiB / 10.7GiB
1790491647,payflow-kafka-1,59.44%,523.1MiB / 1.5GiB
1790491647,payflow-grafana-1,0.69%,320MiB / 512MiB
1790491647,payflow-prometheus-1,0.15%,65.12MiB / 1GiB
1790491647,payflow-tempo-1,0.79%,166.1MiB / 1GiB
1790491647,k3d-tiny-url-serverlb,0.00%,26.15MiB / 10.7GiB
1790491647,k3d-tiny-url-server-0,6.55%,1.006GiB / 10.7GiB
1790491654,blissful_cerf,10.87%,40.93MiB / 10.7GiB
1790491654,payflow-payflow-1,94.65%,548.7MiB / 1.5GiB
1790491654,payflow-postgres-exporter-1,0.00%,8.227MiB / 128MiB
1790491654,payflow-postgres-1,33.11%,184.9MiB / 1GiB
1790491654,payflow-mongo-1,6.26%,208.2MiB / 1GiB
1790491654,payflow-keycloak-1,0.19%,711.6MiB / 10.7GiB
1790491654,payflow-kafka-1,19.64%,524MiB / 1.5GiB
1790491654,payflow-grafana-1,0.81%,320MiB / 512MiB
1790491654,payflow-prometheus-1,0.14%,65.12MiB / 1GiB
1790491654,payflow-tempo-1,0.84%,166.4MiB / 1GiB
1790491654,k3d-tiny-url-serverlb,0.02%,26.15MiB / 10.7GiB
1790491654,k3d-tiny-url-server-0,6.43%,1.005GiB / 10.7GiB
1790491661,blissful_cerf,13.03%,40.98MiB / 10.7GiB
1790491661,payflow-payflow-1,93.00%,549.3MiB / 1.5GiB
1790491661,payflow-postgres-exporter-1,1.36%,8.445MiB / 128MiB
1790491661,payflow-postgres-1,35.42%,189.1MiB / 1GiB
1790491661,payflow-mongo-1,6.93%,208.4MiB / 1GiB
1790491661,payflow-keycloak-1,0.19%,711.6MiB / 10.7GiB
1790491661,payflow-kafka-1,18.47%,525.6MiB / 1.5GiB
1790491661,payflow-grafana-1,0.73%,320MiB / 512MiB
1790491661,payflow-prometheus-1,0.37%,65.13MiB / 1GiB
1790491661,payflow-tempo-1,1.98%,166.6MiB / 1GiB
1790491661,k3d-tiny-url-serverlb,0.00%,26.15MiB / 10.7GiB
1790491661,k3d-tiny-url-server-0,6.57%,1.005GiB / 10.7GiB
1790491668,blissful_cerf,12.19%,42.13MiB / 10.7GiB
1790491668,payflow-payflow-1,109.58%,550.1MiB / 1.5GiB
1790491668,payflow-postgres-exporter-1,0.00%,8.441MiB / 128MiB
1790491668,payflow-postgres-1,38.33%,193.5MiB / 1GiB
1790491668,payflow-mongo-1,51.27%,208.5MiB / 1GiB
1790491668,payflow-keycloak-1,0.20%,711.6MiB / 10.7GiB
1790491668,payflow-kafka-1,16.92%,527.1MiB / 1.5GiB
1790491668,payflow-grafana-1,0.99%,320MiB / 512MiB
1790491668,payflow-prometheus-1,0.78%,65.13MiB / 1GiB
1790491668,payflow-tempo-1,4.71%,160.9MiB / 1GiB
1790491668,k3d-tiny-url-serverlb,0.00%,26.15MiB / 10.7GiB
1790491668,k3d-tiny-url-server-0,8.53%,1.005GiB / 10.7GiB
1790491675,blissful_cerf,14.78%,42.14MiB / 10.7GiB
1790491675,payflow-payflow-1,97.92%,550MiB / 1.5GiB
1790491675,payflow-postgres-exporter-1,1.59%,7.902MiB / 128MiB
1790491675,payflow-postgres-1,40.30%,198.4MiB / 1GiB
1790491675,payflow-mongo-1,5.43%,208.5MiB / 1GiB
1790491675,payflow-keycloak-1,0.17%,711.7MiB / 10.7GiB
1790491675,payflow-kafka-1,17.81%,529.3MiB / 1.5GiB
1790491675,payflow-grafana-1,0.65%,320MiB / 512MiB
1790491675,payflow-prometheus-1,0.41%,65.14MiB / 1GiB
1790491675,payflow-tempo-1,0.84%,166.8MiB / 1GiB
1790491675,k3d-tiny-url-serverlb,0.00%,26.15MiB / 10.7GiB
1790491675,k3d-tiny-url-server-0,6.62%,1.006GiB / 10.7GiB
1790491683,blissful_cerf,14.39%,42.18MiB / 10.7GiB
1790491683,payflow-payflow-1,104.01%,550.8MiB / 1.5GiB
1790491683,payflow-postgres-exporter-1,0.00%,8.996MiB / 128MiB
1790491683,payflow-postgres-1,40.83%,203.9MiB / 1GiB
1790491683,payflow-mongo-1,5.52%,208.6MiB / 1GiB
1790491683,payflow-keycloak-1,0.17%,711.7MiB / 10.7GiB
1790491683,payflow-kafka-1,16.94%,529.5MiB / 1.5GiB
1790491683,payflow-grafana-1,0.77%,320MiB / 512MiB
1790491683,payflow-prometheus-1,0.68%,65.18MiB / 1GiB
1790491683,payflow-tempo-1,0.93%,169.5MiB / 1GiB
1790491683,k3d-tiny-url-serverlb,0.03%,26.15MiB / 10.7GiB
1790491683,k3d-tiny-url-server-0,11.02%,1.005GiB / 10.7GiB
1790491690,blissful_cerf,22.25%,43.58MiB / 10.7GiB
1790491690,payflow-payflow-1,109.59%,551.5MiB / 1.5GiB
1790491690,payflow-postgres-exporter-1,0.00%,8.922MiB / 128MiB
1790491690,payflow-postgres-1,52.80%,211.1MiB / 1GiB
1790491690,payflow-mongo-1,33.16%,241.9MiB / 1GiB
1790491690,payflow-keycloak-1,352.85%,1.061GiB / 10.7GiB
1790491690,payflow-kafka-1,21.72%,531.7MiB / 1.5GiB
1790491690,payflow-grafana-1,1.24%,320MiB / 512MiB
1790491690,payflow-prometheus-1,0.83%,65.18MiB / 1GiB
1790491690,payflow-tempo-1,1.22%,165.8MiB / 1GiB
1790491690,k3d-tiny-url-serverlb,0.00%,26.15MiB / 10.7GiB
1790491690,k3d-tiny-url-server-0,8.66%,1.006GiB / 10.7GiB
1790491697,blissful_cerf,16.16%,44.53MiB / 10.7GiB
1790491697,payflow-payflow-1,114.03%,552.5MiB / 1.5GiB
1790491697,payflow-postgres-exporter-1,0.00%,8.312MiB / 128MiB
1790491697,payflow-postgres-1,43.66%,220.1MiB / 1GiB
1790491697,payflow-mongo-1,6.18%,208.4MiB / 1GiB
1790491697,payflow-keycloak-1,0.18%,1.574GiB / 10.7GiB
1790491697,payflow-kafka-1,18.91%,532.1MiB / 1.5GiB
1790491697,payflow-grafana-1,0.80%,320MiB / 512MiB
1790491697,payflow-prometheus-1,0.13%,65.18MiB / 1GiB
1790491697,payflow-tempo-1,0.22%,170.7MiB / 1GiB
1790491697,k3d-tiny-url-serverlb,0.00%,26.15MiB / 10.7GiB
1790491697,k3d-tiny-url-server-0,7.91%,1.006GiB / 10.7GiB
1790491704,blissful_cerf,16.67%,44.6MiB / 10.7GiB
1790491704,payflow-payflow-1,107.89%,554.9MiB / 1.5GiB
1790491704,payflow-postgres-exporter-1,0.00%,7.922MiB / 128MiB
1790491704,payflow-postgres-1,40.09%,224MiB / 1GiB
1790491704,payflow-mongo-1,5.97%,208.5MiB / 1GiB
1790491704,payflow-keycloak-1,0.21%,1.574GiB / 10.7GiB
1790491704,payflow-kafka-1,14.56%,533.1MiB / 1.5GiB
1790491704,payflow-grafana-1,2.38%,320.1MiB / 512MiB
1790491704,payflow-prometheus-1,0.64%,65.18MiB / 1GiB
1790491704,payflow-tempo-1,0.71%,170.8MiB / 1GiB
1790491704,k3d-tiny-url-serverlb,0.00%,26.15MiB / 10.7GiB
1790491704,k3d-tiny-url-server-0,13.90%,1.006GiB / 10.7GiB
1790491712,blissful_cerf,13.99%,44.61MiB / 10.7GiB
1790491712,payflow-payflow-1,105.51%,555.7MiB / 1.5GiB
1790491712,payflow-postgres-exporter-1,0.00%,8.648MiB / 128MiB
1790491712,payflow-postgres-1,39.74%,228.9MiB / 1GiB
1790491712,payflow-mongo-1,5.10%,208.5MiB / 1GiB
1790491712,payflow-keycloak-1,0.16%,1.574GiB / 10.7GiB
1790491712,payflow-kafka-1,18.17%,536.7MiB / 1.5GiB
1790491712,payflow-grafana-1,0.68%,320.1MiB / 512MiB
1790491712,payflow-prometheus-1,0.15%,65.18MiB / 1GiB
1790491712,payflow-tempo-1,0.87%,170.9MiB / 1GiB
1790491712,k3d-tiny-url-serverlb,0.00%,26.15MiB / 10.7GiB
1790491712,k3d-tiny-url-server-0,6.63%,1.005GiB / 10.7GiB
1790491719,blissful_cerf,18.03%,46.16MiB / 10.7GiB
1790491719,payflow-payflow-1,119.00%,556.6MiB / 1.5GiB
1790491719,payflow-postgres-exporter-1,0.00%,8.098MiB / 128MiB
1790491719,payflow-postgres-1,43.64%,238.4MiB / 1GiB
1790491719,payflow-mongo-1,37.68%,356.8MiB / 1GiB
1790491719,payflow-keycloak-1,0.17%,1.633GiB / 10.7GiB
1790491719,payflow-kafka-1,101.57%,584.3MiB / 1.5GiB
1790491719,payflow-grafana-1,0.68%,320.1MiB / 512MiB
1790491719,payflow-prometheus-1,0.16%,65.19MiB / 1GiB
1790491719,payflow-tempo-1,0.19%,168.4MiB / 1GiB
1790491719,k3d-tiny-url-serverlb,0.08%,26.15MiB / 10.7GiB
1790491719,k3d-tiny-url-server-0,8.79%,1.005GiB / 10.7GiB
1790491726,blissful_cerf,16.38%,46.36MiB / 10.7GiB
1790491726,payflow-payflow-1,130.65%,558MiB / 1.5GiB
1790491726,payflow-postgres-exporter-1,1.59%,7.758MiB / 128MiB
1790491726,payflow-postgres-1,50.81%,243.9MiB / 1GiB
1790491726,payflow-mongo-1,7.63%,209.5MiB / 1GiB
1790491726,payflow-keycloak-1,0.17%,1.633GiB / 10.7GiB
1790491726,payflow-kafka-1,196.12%,624.3MiB / 1.5GiB
1790491726,payflow-grafana-1,0.74%,320.1MiB / 512MiB
1790491726,payflow-prometheus-1,0.39%,65.19MiB / 1GiB
1790491726,payflow-tempo-1,0.76%,171.8MiB / 1GiB
1790491726,k3d-tiny-url-serverlb,0.00%,26.15MiB / 10.7GiB
1790491726,k3d-tiny-url-server-0,7.86%,1.006GiB / 10.7GiB
1790491733,blissful_cerf,15.26%,46.4MiB / 10.7GiB
1790491733,payflow-payflow-1,107.16%,559.1MiB / 1.5GiB
1790491733,payflow-postgres-exporter-1,0.00%,8.59MiB / 128MiB
1790491733,payflow-postgres-1,43.99%,250MiB / 1GiB
1790491733,payflow-mongo-1,7.59%,209.8MiB / 1GiB
1790491733,payflow-keycloak-1,0.16%,1.633GiB / 10.7GiB
1790491733,payflow-kafka-1,132.51%,645.4MiB / 1.5GiB
1790491733,payflow-grafana-1,0.73%,320.1MiB / 512MiB
1790491733,payflow-prometheus-1,0.22%,65.2MiB / 1GiB
1790491733,payflow-tempo-1,0.85%,171.7MiB / 1GiB
1790491733,k3d-tiny-url-serverlb,0.00%,26.15MiB / 10.7GiB
1790491733,k3d-tiny-url-server-0,7.63%,1.006GiB / 10.7GiB
1790491741,blissful_cerf,19.61%,46.41MiB / 10.7GiB
1790491741,payflow-payflow-1,123.61%,559.8MiB / 1.5GiB
1790491741,payflow-postgres-exporter-1,0.00%,8.75MiB / 128MiB
1790491741,payflow-postgres-1,50.55%,254.5MiB / 1GiB
1790491741,payflow-mongo-1,6.06%,210.3MiB / 1GiB
1790491741,payflow-keycloak-1,0.18%,1.633GiB / 10.7GiB
1790491741,payflow-kafka-1,64.86%,538.5MiB / 1.5GiB
1790491741,payflow-grafana-1,0.81%,320.1MiB / 512MiB
1790491741,payflow-prometheus-1,0.42%,65.21MiB / 1GiB
1790491741,payflow-tempo-1,0.78%,169.7MiB / 1GiB
1790491741,k3d-tiny-url-serverlb,0.00%,26.15MiB / 10.7GiB
1790491741,k3d-tiny-url-server-0,8.55%,1.005GiB / 10.7GiB
1790491748,blissful_cerf,18.89%,48.36MiB / 10.7GiB
1790491748,payflow-payflow-1,112.70%,560.1MiB / 1.5GiB
1790491748,payflow-postgres-exporter-1,0.00%,8.926MiB / 128MiB
1790491748,payflow-postgres-1,43.28%,256MiB / 1GiB
1790491748,payflow-mongo-1,17.79%,211MiB / 1GiB
1790491748,payflow-keycloak-1,0.19%,1.633GiB / 10.7GiB
1790491748,payflow-kafka-1,17.81%,539.5MiB / 1.5GiB
1790491748,payflow-grafana-1,1.12%,320.1MiB / 512MiB
1790491748,payflow-prometheus-1,1.01%,65.21MiB / 1GiB
1790491748,payflow-tempo-1,3.16%,171.3MiB / 1GiB
1790491748,k3d-tiny-url-serverlb,0.01%,26.15MiB / 10.7GiB
1790491748,k3d-tiny-url-server-0,9.48%,1.005GiB / 10.7GiB
1790491755,blissful_cerf,14.31%,48.36MiB / 10.7GiB
1790491755,payflow-payflow-1,100.09%,559.8MiB / 1.5GiB
1790491755,payflow-postgres-exporter-1,0.00%,8.051MiB / 128MiB
1790491755,payflow-postgres-1,37.83%,257.5MiB / 1GiB
1790491755,payflow-mongo-1,3.74%,211.1MiB / 1GiB
1790491755,payflow-keycloak-1,0.14%,1.633GiB / 10.7GiB
1790491755,payflow-kafka-1,16.20%,540.1MiB / 1.5GiB
1790491755,payflow-grafana-1,0.97%,320.1MiB / 512MiB
1790491755,payflow-prometheus-1,0.15%,65.21MiB / 1GiB
1790491755,payflow-tempo-1,2.41%,168.1MiB / 1GiB
1790491755,k3d-tiny-url-serverlb,0.01%,26.15MiB / 10.7GiB
1790491755,k3d-tiny-url-server-0,7.75%,1.005GiB / 10.7GiB
1790491762,blissful_cerf,24.13%,51.53MiB / 10.7GiB
1790491762,payflow-payflow-1,132.53%,561.4MiB / 1.5GiB
1790491762,payflow-postgres-exporter-1,0.00%,8.305MiB / 128MiB
1790491762,payflow-postgres-1,82.25%,259.9MiB / 1GiB
1790491762,payflow-mongo-1,7.06%,211.1MiB / 1GiB
1790491762,payflow-keycloak-1,5.36%,2.163GiB / 10.7GiB
1790491762,payflow-kafka-1,39.29%,543.2MiB / 1.5GiB
1790491762,payflow-grafana-1,7.29%,320.1MiB / 512MiB
1790491762,payflow-prometheus-1,0.84%,65.21MiB / 1GiB
1790491762,payflow-tempo-1,1.04%,170.1MiB / 1GiB
1790491762,k3d-tiny-url-serverlb,0.02%,26.15MiB / 10.7GiB
1790491762,k3d-tiny-url-server-0,16.04%,1.005GiB / 10.7GiB
1790491770,blissful_cerf,95.73%,78.71MiB / 10.7GiB
1790491770,payflow-payflow-1,355.59%,583.6MiB / 1.5GiB
1790491770,payflow-postgres-exporter-1,10.31%,8.102MiB / 128MiB
1790491770,payflow-postgres-1,393.51%,264.3MiB / 1GiB
1790491770,payflow-mongo-1,137.83%,212.7MiB / 1GiB
1790491770,payflow-keycloak-1,697.99%,2.402GiB / 10.7GiB
1790491770,payflow-kafka-1,417.04%,614.5MiB / 1.5GiB
1790491770,payflow-grafana-1,2.07%,320.1MiB / 512MiB
1790491770,payflow-prometheus-1,0.70%,65.21MiB / 1GiB
1790491770,payflow-tempo-1,9.52%,167.2MiB / 1GiB
1790491770,k3d-tiny-url-serverlb,0.01%,26.15MiB / 10.7GiB
1790491770,k3d-tiny-url-server-0,169.26%,1.005GiB / 10.7GiB
1790491778,blissful_cerf,17.76%,118.2MiB / 10.7GiB
1790491778,payflow-payflow-1,179.50%,606.2MiB / 1.5GiB
1790491778,payflow-postgres-exporter-1,0.00%,8.156MiB / 128MiB
1790491778,payflow-postgres-1,53.11%,263.3MiB / 1GiB
1790491778,payflow-mongo-1,63.45%,210.9MiB / 1GiB
1790491778,payflow-keycloak-1,22.15%,1.909GiB / 10.7GiB
1790491778,payflow-kafka-1,20.76%,544.5MiB / 1.5GiB
1790491778,payflow-grafana-1,0.83%,320.1MiB / 512MiB
1790491778,payflow-prometheus-1,0.17%,65.64MiB / 1GiB
1790491778,payflow-tempo-1,2.31%,167.7MiB / 1GiB
1790491778,k3d-tiny-url-serverlb,0.00%,26.15MiB / 10.7GiB
1790491778,k3d-tiny-url-server-0,8.77%,1.005GiB / 10.7GiB
1790491786,blissful_cerf,20.51%,119.7MiB / 10.7GiB
1790491786,payflow-payflow-1,162.93%,605.2MiB / 1.5GiB
1790491786,payflow-postgres-exporter-1,1.69%,9.262MiB / 128MiB
1790491786,payflow-postgres-1,53.97%,264MiB / 1GiB
1790491786,payflow-mongo-1,11.08%,210.9MiB / 1GiB
1790491786,payflow-keycloak-1,0.25%,1.919GiB / 10.7GiB
1790491786,payflow-kafka-1,21.66%,548.6MiB / 1.5GiB
1790491786,payflow-grafana-1,0.95%,320.1MiB / 512MiB
1790491786,payflow-prometheus-1,0.63%,66.71MiB / 1GiB
1790491786,payflow-tempo-1,0.23%,169.6MiB / 1GiB
1790491786,k3d-tiny-url-serverlb,0.00%,26.15MiB / 10.7GiB
1790491786,k3d-tiny-url-server-0,8.16%,1.005GiB / 10.7GiB
1790491793,blissful_cerf,22.09%,123.4MiB / 10.7GiB
1790491793,payflow-payflow-1,140.86%,605.6MiB / 1.5GiB
1790491793,payflow-postgres-exporter-1,0.00%,8.105MiB / 128MiB
1790491793,payflow-postgres-1,49.94%,264.4MiB / 1GiB
1790491793,payflow-mongo-1,9.37%,210.9MiB / 1GiB
1790491793,payflow-keycloak-1,0.21%,1.919GiB / 10.7GiB
1790491793,payflow-kafka-1,27.46%,546.3MiB / 1.5GiB
1790491793,payflow-grafana-1,0.83%,320.1MiB / 512MiB
1790491793,payflow-prometheus-1,0.85%,67.38MiB / 1GiB
1790491793,payflow-tempo-1,1.40%,170.6MiB / 1GiB
1790491793,k3d-tiny-url-serverlb,0.00%,26.15MiB / 10.7GiB
1790491793,k3d-tiny-url-server-0,15.89%,1.005GiB / 10.7GiB
1790491800,blissful_cerf,17.65%,123.9MiB / 10.7GiB
1790491800,payflow-payflow-1,125.81%,605.9MiB / 1.5GiB
1790491800,payflow-postgres-exporter-1,0.00%,8.762MiB / 128MiB
1790491800,payflow-postgres-1,45.43%,265MiB / 1GiB
1790491800,payflow-mongo-1,44.77%,356.1MiB / 1GiB
1790491800,payflow-keycloak-1,0.22%,1.919GiB / 10.7GiB
1790491800,payflow-kafka-1,142.01%,609.4MiB / 1.5GiB
1790491800,payflow-grafana-1,0.79%,320.1MiB / 512MiB
1790491800,payflow-prometheus-1,2.62%,69.26MiB / 1GiB
1790491800,payflow-tempo-1,0.21%,171.1MiB / 1GiB
1790491800,k3d-tiny-url-serverlb,0.00%,26.15MiB / 10.7GiB
1790491800,k3d-tiny-url-server-0,9.09%,1.005GiB / 10.7GiB
1790491807,blissful_cerf,28.12%,123.9MiB / 10.7GiB
1790491807,payflow-payflow-1,142.46%,609.6MiB / 1.5GiB
1790491807,payflow-postgres-exporter-1,0.00%,7.844MiB / 128MiB
1790491807,payflow-postgres-1,51.58%,266.5MiB / 1GiB
1790491807,payflow-mongo-1,4.03%,211.3MiB / 1GiB
1790491807,payflow-keycloak-1,0.29%,1.914GiB / 10.7GiB
1790491807,payflow-kafka-1,196.75%,633.2MiB / 1.5GiB
1790491807,payflow-grafana-1,1.02%,320.1MiB / 512MiB
1790491807,payflow-prometheus-1,1.38%,69.35MiB / 1GiB
1790491807,payflow-tempo-1,1.00%,171.9MiB / 1GiB
1790491807,k3d-tiny-url-serverlb,0.02%,26.15MiB / 10.7GiB
1790491807,k3d-tiny-url-server-0,10.01%,1.005GiB / 10.7GiB
1790491815,blissful_cerf,18.54%,123.9MiB / 10.7GiB
1790491815,payflow-payflow-1,135.09%,606.8MiB / 1.5GiB
1790491815,payflow-postgres-exporter-1,0.00%,7.977MiB / 128MiB
1790491815,payflow-postgres-1,51.32%,266.6MiB / 1GiB
1790491815,payflow-mongo-1,6.13%,212.3MiB / 1GiB
1790491815,payflow-keycloak-1,0.20%,1.914GiB / 10.7GiB
1790491815,payflow-kafka-1,187.31%,656.3MiB / 1.5GiB
1790491815,payflow-grafana-1,0.78%,320.1MiB / 512MiB
1790491815,payflow-prometheus-1,6.21%,69.46MiB / 1GiB
1790491815,payflow-tempo-1,1.78%,172.2MiB / 1GiB
1790491815,k3d-tiny-url-serverlb,0.00%,26.15MiB / 10.7GiB
1790491815,k3d-tiny-url-server-0,12.17%,1.005GiB / 10.7GiB
1790491822,blissful_cerf,25.55%,123.9MiB / 10.7GiB
1790491822,payflow-payflow-1,133.78%,606.9MiB / 1.5GiB
1790491822,payflow-postgres-exporter-1,0.00%,8.727MiB / 128MiB
1790491822,payflow-postgres-1,56.26%,283.6MiB / 1GiB
1790491822,payflow-mongo-1,11.11%,212.3MiB / 1GiB
1790491822,payflow-keycloak-1,0.19%,1.915GiB / 10.7GiB
1790491822,payflow-kafka-1,110.45%,550.3MiB / 1.5GiB
1790491822,payflow-grafana-1,1.04%,320.1MiB / 512MiB
1790491822,payflow-prometheus-1,0.14%,69.46MiB / 1GiB
1790491822,payflow-tempo-1,0.93%,164.8MiB / 1GiB
1790491822,k3d-tiny-url-serverlb,0.00%,26.15MiB / 10.7GiB
1790491822,k3d-tiny-url-server-0,7.59%,1.005GiB / 10.7GiB
1790491829,blissful_cerf,28.24%,124MiB / 10.7GiB
1790491829,payflow-payflow-1,130.43%,607.3MiB / 1.5GiB
1790491829,payflow-postgres-exporter-1,0.00%,8.301MiB / 128MiB
1790491829,payflow-postgres-1,53.43%,284.9MiB / 1GiB
1790491829,payflow-mongo-1,37.69%,212.3MiB / 1GiB
1790491829,payflow-keycloak-1,0.18%,1.915GiB / 10.7GiB
1790491829,payflow-kafka-1,42.86%,551.9MiB / 1.5GiB
1790491829,payflow-grafana-1,0.69%,320.1MiB / 512MiB
1790491829,payflow-prometheus-1,0.16%,69.48MiB / 1GiB
1790491829,payflow-tempo-1,0.79%,168MiB / 1GiB
1790491829,k3d-tiny-url-serverlb,0.00%,26.15MiB / 10.7GiB
1790491829,k3d-tiny-url-server-0,10.58%,1.004GiB / 10.7GiB
1790491836,blissful_cerf,22.95%,127.2MiB / 10.7GiB
1790491836,payflow-payflow-1,137.82%,607.8MiB / 1.5GiB
1790491836,payflow-postgres-exporter-1,0.00%,8.246MiB / 128MiB
1790491836,payflow-postgres-1,57.25%,286.7MiB / 1GiB
1790491836,payflow-mongo-1,10.51%,211MiB / 1GiB
1790491836,payflow-keycloak-1,0.16%,1.915GiB / 10.7GiB
1790491836,payflow-kafka-1,17.69%,553.1MiB / 1.5GiB
1790491836,payflow-grafana-1,0.70%,320.1MiB / 512MiB
1790491836,payflow-prometheus-1,0.19%,69.49MiB / 1GiB
1790491836,payflow-tempo-1,0.66%,170.4MiB / 1GiB
1790491836,k3d-tiny-url-serverlb,0.01%,26.15MiB / 10.7GiB
1790491836,k3d-tiny-url-server-0,6.76%,1.004GiB / 10.7GiB
1790491844,blissful_cerf,29.86%,127.2MiB / 10.7GiB
1790491844,payflow-payflow-1,150.04%,608.1MiB / 1.5GiB
1790491844,payflow-postgres-exporter-1,0.00%,8.914MiB / 128MiB
1790491844,payflow-postgres-1,57.71%,287.5MiB / 1GiB
1790491844,payflow-mongo-1,6.15%,211MiB / 1GiB
1790491844,payflow-keycloak-1,0.15%,1.915GiB / 10.7GiB
1790491844,payflow-kafka-1,18.92%,555.4MiB / 1.5GiB
1790491844,payflow-grafana-1,0.72%,320.1MiB / 512MiB
1790491844,payflow-prometheus-1,0.23%,69.5MiB / 1GiB
1790491844,payflow-tempo-1,0.91%,174.9MiB / 1GiB
1790491844,k3d-tiny-url-serverlb,0.03%,26.15MiB / 10.7GiB
1790491844,k3d-tiny-url-server-0,9.01%,1.005GiB / 10.7GiB
1790491851,blissful_cerf,28.35%,127.2MiB / 10.7GiB
1790491851,payflow-payflow-1,150.42%,609.7MiB / 1.5GiB
1790491851,payflow-postgres-exporter-1,1.97%,8.438MiB / 128MiB
1790491851,payflow-postgres-1,73.84%,290.7MiB / 1GiB
1790491851,payflow-mongo-1,62.30%,211MiB / 1GiB
1790491851,payflow-keycloak-1,0.19%,1.915GiB / 10.7GiB
1790491851,payflow-kafka-1,17.77%,556.4MiB / 1.5GiB
1790491851,payflow-grafana-1,0.85%,320.1MiB / 512MiB
1790491851,payflow-prometheus-1,0.51%,69.5MiB / 1GiB
1790491851,payflow-tempo-1,0.84%,176.7MiB / 1GiB
1790491851,k3d-tiny-url-serverlb,0.00%,26.15MiB / 10.7GiB
1790491851,k3d-tiny-url-server-0,31.51%,1.005GiB / 10.7GiB
1790491858,blissful_cerf,35.79%,127.2MiB / 10.7GiB
1790491858,payflow-payflow-1,158.90%,611.5MiB / 1.5GiB
1790491858,payflow-postgres-exporter-1,0.00%,9.086MiB / 128MiB
1790491858,payflow-postgres-1,66.58%,298.2MiB / 1GiB
1790491858,payflow-mongo-1,13.53%,211.1MiB / 1GiB
1790491858,payflow-keycloak-1,0.17%,1.915GiB / 10.7GiB
1790491858,payflow-kafka-1,19.22%,557.3MiB / 1.5GiB
1790491858,payflow-grafana-1,0.95%,320.1MiB / 512MiB
1790491858,payflow-prometheus-1,0.90%,69.51MiB / 1GiB
1790491858,payflow-tempo-1,10.77%,175MiB / 1GiB
1790491858,k3d-tiny-url-serverlb,0.00%,26.15MiB / 10.7GiB
1790491858,k3d-tiny-url-server-0,9.20%,1.004GiB / 10.7GiB
1790491865,blissful_cerf,27.82%,127.2MiB / 10.7GiB
1790491865,payflow-payflow-1,155.74%,611.7MiB / 1.5GiB
1790491865,payflow-postgres-exporter-1,1.50%,8.66MiB / 128MiB
1790491865,payflow-postgres-1,74.58%,302.3MiB / 1GiB
1790491865,payflow-mongo-1,11.10%,210.9MiB / 1GiB
1790491865,payflow-keycloak-1,0.17%,1.915GiB / 10.7GiB
1790491865,payflow-kafka-1,16.98%,561.2MiB / 1.5GiB
1790491865,payflow-grafana-1,0.74%,320.1MiB / 512MiB
1790491865,payflow-prometheus-1,0.84%,69.52MiB / 1GiB
1790491865,payflow-tempo-1,3.02%,173.2MiB / 1GiB
1790491865,k3d-tiny-url-serverlb,0.00%,26.15MiB / 10.7GiB
1790491865,k3d-tiny-url-server-0,6.45%,1.005GiB / 10.7GiB
1790491872,blissful_cerf,35.60%,130.6MiB / 10.7GiB
1790491872,payflow-payflow-1,164.39%,612.2MiB / 1.5GiB
1790491872,payflow-postgres-exporter-1,0.00%,8.277MiB / 128MiB
1790491872,payflow-postgres-1,72.05%,320MiB / 1GiB
1790491872,payflow-mongo-1,12.64%,210.9MiB / 1GiB
1790491872,payflow-keycloak-1,0.18%,1.915GiB / 10.7GiB
1790491872,payflow-kafka-1,17.48%,559MiB / 1.5GiB
1790491872,payflow-grafana-1,0.76%,320.1MiB / 512MiB
1790491872,payflow-prometheus-1,0.79%,69.52MiB / 1GiB
1790491872,payflow-tempo-1,0.85%,172.7MiB / 1GiB
1790491872,k3d-tiny-url-serverlb,0.00%,26.15MiB / 10.7GiB
1790491872,k3d-tiny-url-server-0,6.13%,1.005GiB / 10.7GiB
1790491880,blissful_cerf,30.33%,131.3MiB / 10.7GiB
1790491880,payflow-payflow-1,170.93%,612.2MiB / 1.5GiB
1790491880,payflow-postgres-exporter-1,0.00%,8.09MiB / 128MiB
1790491880,payflow-postgres-1,114.94%,382MiB / 1GiB
1790491880,payflow-mongo-1,48.11%,210.9MiB / 1GiB
1790491880,payflow-keycloak-1,0.16%,1.915GiB / 10.7GiB
1790491880,payflow-kafka-1,19.75%,560.3MiB / 1.5GiB
1790491880,payflow-grafana-1,0.76%,320.1MiB / 512MiB
1790491880,payflow-prometheus-1,1.23%,69.52MiB / 1GiB
1790491880,payflow-tempo-1,1.44%,177.8MiB / 1GiB
1790491880,k3d-tiny-url-serverlb,0.00%,26.15MiB / 10.7GiB
1790491880,k3d-tiny-url-server-0,6.37%,1.005GiB / 10.7GiB
1790491887,blissful_cerf,28.52%,131.3MiB / 10.7GiB
1790491887,payflow-payflow-1,162.52%,612.7MiB / 1.5GiB
1790491887,payflow-postgres-exporter-1,0.00%,8.773MiB / 128MiB
1790491887,payflow-postgres-1,69.72%,370.6MiB / 1GiB
1790491887,payflow-mongo-1,14.42%,211MiB / 1GiB
1790491887,payflow-keycloak-1,0.18%,1.915GiB / 10.7GiB
1790491887,payflow-kafka-1,19.00%,561.1MiB / 1.5GiB
1790491887,payflow-grafana-1,0.86%,320.1MiB / 512MiB
1790491887,payflow-prometheus-1,0.16%,69.53MiB / 1GiB
1790491887,payflow-tempo-1,1.50%,170.1MiB / 1GiB
1790491887,k3d-tiny-url-serverlb,0.02%,26.15MiB / 10.7GiB
1790491887,k3d-tiny-url-server-0,7.38%,1.005GiB / 10.7GiB
1790491894,blissful_cerf,34.10%,131.3MiB / 10.7GiB
1790491894,payflow-payflow-1,167.15%,613.2MiB / 1.5GiB
1790491894,payflow-postgres-exporter-1,0.00%,8.375MiB / 128MiB
1790491894,payflow-postgres-1,83.72%,374.9MiB / 1GiB
1790491894,payflow-mongo-1,12.32%,211.2MiB / 1GiB
1790491894,payflow-keycloak-1,0.21%,1.915GiB / 10.7GiB
1790491894,payflow-kafka-1,18.82%,562.8MiB / 1.5GiB
1790491894,payflow-grafana-1,0.96%,320.1MiB / 512MiB
1790491894,payflow-prometheus-1,0.28%,69.53MiB / 1GiB
1790491894,payflow-tempo-1,1.87%,173.3MiB / 1GiB
1790491894,k3d-tiny-url-serverlb,0.01%,26.15MiB / 10.7GiB
1790491894,k3d-tiny-url-server-0,7.82%,1.005GiB / 10.7GiB
1790491901,blissful_cerf,38.41%,131.3MiB / 10.7GiB
1790491901,payflow-payflow-1,161.18%,615.9MiB / 1.5GiB
1790491901,payflow-postgres-exporter-1,1.64%,8.348MiB / 128MiB
1790491901,payflow-postgres-1,71.06%,392.4MiB / 1GiB
1790491901,payflow-mongo-1,38.73%,361MiB / 1GiB
1790491901,payflow-keycloak-1,0.20%,1.915GiB / 10.7GiB
1790491901,payflow-kafka-1,17.30%,567.5MiB / 1.5GiB
1790491901,payflow-grafana-1,0.76%,320.1MiB / 512MiB
1790491901,payflow-prometheus-1,0.17%,69.54MiB / 1GiB
1790491901,payflow-tempo-1,0.90%,179.5MiB / 1GiB
1790491901,k3d-tiny-url-serverlb,0.01%,26.15MiB / 10.7GiB
1790491901,k3d-tiny-url-server-0,6.50%,1.005GiB / 10.7GiB
1790491909,blissful_cerf,32.47%,131.3MiB / 10.7GiB
1790491909,payflow-payflow-1,166.63%,616.5MiB / 1.5GiB
1790491909,payflow-postgres-exporter-1,0.00%,7.93MiB / 128MiB
1790491909,payflow-postgres-1,80.40%,395.6MiB / 1GiB
1790491909,payflow-mongo-1,9.28%,214.4MiB / 1GiB
1790491909,payflow-keycloak-1,0.18%,1.915GiB / 10.7GiB
1790491909,payflow-kafka-1,19.53%,566.5MiB / 1.5GiB
1790491909,payflow-grafana-1,0.94%,320.1MiB / 512MiB
1790491909,payflow-prometheus-1,0.24%,69.57MiB / 1GiB
1790491909,payflow-tempo-1,11.97%,178.8MiB / 1GiB
1790491909,k3d-tiny-url-serverlb,0.00%,26.15MiB / 10.7GiB
1790491909,k3d-tiny-url-server-0,7.95%,1.006GiB / 10.7GiB
1790491916,blissful_cerf,28.88%,134.7MiB / 10.7GiB
1790491916,payflow-payflow-1,158.44%,616.7MiB / 1.5GiB
1790491916,payflow-postgres-exporter-1,0.00%,7.977MiB / 128MiB
1790491916,payflow-postgres-1,73.77%,412.2MiB / 1GiB
1790491916,payflow-mongo-1,11.45%,214.4MiB / 1GiB
1790491916,payflow-keycloak-1,0.18%,1.915GiB / 10.7GiB
1790491916,payflow-kafka-1,21.76%,570.8MiB / 1.5GiB
1790491916,payflow-grafana-1,0.84%,320.1MiB / 512MiB
1790491916,payflow-prometheus-1,0.42%,69.79MiB / 1GiB
1790491916,payflow-tempo-1,1.32%,177.9MiB / 1GiB
1790491916,k3d-tiny-url-serverlb,0.03%,26.15MiB / 10.7GiB
1790491916,k3d-tiny-url-server-0,7.85%,1.006GiB / 10.7GiB
1790491923,blissful_cerf,39.05%,134.7MiB / 10.7GiB
1790491923,payflow-payflow-1,171.35%,616.8MiB / 1.5GiB
1790491923,payflow-postgres-exporter-1,0.00%,8.074MiB / 128MiB
1790491923,payflow-postgres-1,82.05%,420MiB / 1GiB
1790491923,payflow-mongo-1,15.41%,215.8MiB / 1GiB
1790491923,payflow-keycloak-1,0.18%,1.915GiB / 10.7GiB
1790491923,payflow-kafka-1,76.37%,603MiB / 1.5GiB
1790491923,payflow-grafana-1,1.08%,320.1MiB / 512MiB
1790491923,payflow-prometheus-1,0.78%,70.18MiB / 1GiB
1790491923,payflow-tempo-1,1.64%,179.5MiB / 1GiB
1790491923,k3d-tiny-url-serverlb,0.00%,26.15MiB / 10.7GiB
1790491923,k3d-tiny-url-server-0,6.76%,1.006GiB / 10.7GiB
1790491930,blissful_cerf,31.27%,134.8MiB / 10.7GiB
1790491930,payflow-payflow-1,166.69%,617.1MiB / 1.5GiB
1790491930,payflow-postgres-exporter-1,1.11%,8.082MiB / 128MiB
1790491930,payflow-postgres-1,86.22%,435.2MiB / 1GiB
1790491930,payflow-mongo-1,70.18%,215.8MiB / 1GiB
1790491930,payflow-keycloak-1,62.37%,2.246GiB / 10.7GiB
1790491930,payflow-kafka-1,102.47%,619.9MiB / 1.5GiB
1790491930,payflow-grafana-1,0.86%,320.1MiB / 512MiB
1790491930,payflow-prometheus-1,0.70%,70.25MiB / 1GiB
1790491930,payflow-tempo-1,0.84%,178MiB / 1GiB
1790491930,k3d-tiny-url-serverlb,0.00%,26.15MiB / 10.7GiB
1790491930,k3d-tiny-url-server-0,14.34%,1.006GiB / 10.7GiB
1790491937,blissful_cerf,31.10%,134.8MiB / 10.7GiB
1790491937,payflow-payflow-1,168.53%,618.4MiB / 1.5GiB
1790491937,payflow-postgres-exporter-1,0.01%,8.195MiB / 128MiB
1790491937,payflow-postgres-1,81.02%,439.3MiB / 1GiB
1790491937,payflow-mongo-1,17.91%,215.3MiB / 1GiB
1790491937,payflow-keycloak-1,0.29%,2.482GiB / 10.7GiB
1790491937,payflow-kafka-1,172.33%,645.8MiB / 1.5GiB
1790491937,payflow-grafana-1,1.05%,319.6MiB / 512MiB
1790491937,payflow-prometheus-1,0.84%,70.3MiB / 1GiB
1790491937,payflow-tempo-1,0.93%,173.2MiB / 1GiB
1790491937,k3d-tiny-url-serverlb,0.00%,26.09MiB / 10.7GiB
1790491937,k3d-tiny-url-server-0,8.09%,1.006GiB / 10.7GiB
1790491945,blissful_cerf,31.28%,135MiB / 10.7GiB
1790491945,payflow-payflow-1,175.81%,620.6MiB / 1.5GiB
1790491945,payflow-postgres-exporter-1,0.00%,8.609MiB / 128MiB
1790491945,payflow-postgres-1,89.31%,472.8MiB / 1GiB
1790491945,payflow-mongo-1,16.45%,215.3MiB / 1GiB
1790491945,payflow-keycloak-1,0.26%,2.482GiB / 10.7GiB
1790491945,payflow-kafka-1,195.81%,661.3MiB / 1.5GiB
1790491945,payflow-grafana-1,1.84%,319.6MiB / 512MiB
1790491945,payflow-prometheus-1,0.84%,70.33MiB / 1GiB
1790491945,payflow-tempo-1,1.53%,182.4MiB / 1GiB
1790491945,k3d-tiny-url-serverlb,0.00%,26.09MiB / 10.7GiB
1790491945,k3d-tiny-url-server-0,7.22%,1.006GiB / 10.7GiB
1790491952,blissful_cerf,35.54%,134.8MiB / 10.7GiB
1790491952,payflow-payflow-1,168.97%,621.2MiB / 1.5GiB
1790491952,payflow-postgres-exporter-1,0.00%,8.625MiB / 128MiB
1790491952,payflow-postgres-1,91.32%,483.7MiB / 1GiB
1790491952,payflow-mongo-1,12.01%,214MiB / 1GiB
1790491952,payflow-keycloak-1,0.39%,2.482GiB / 10.7GiB
1790491952,payflow-kafka-1,189.49%,678.7MiB / 1.5GiB
1790491952,payflow-grafana-1,0.97%,319.6MiB / 512MiB
1790491952,payflow-prometheus-1,0.20%,70.33MiB / 1GiB
1790491952,payflow-tempo-1,1.80%,181.3MiB / 1GiB
1790491952,k3d-tiny-url-serverlb,0.00%,26.09MiB / 10.7GiB
1790491952,k3d-tiny-url-server-0,7.87%,1.006GiB / 10.7GiB
1790491959,blissful_cerf,31.68%,134.8MiB / 10.7GiB
1790491959,payflow-payflow-1,147.26%,621.2MiB / 1.5GiB
1790491959,payflow-postgres-exporter-1,0.00%,8.34MiB / 128MiB
1790491959,payflow-postgres-1,113.14%,491MiB / 1GiB
1790491959,payflow-mongo-1,102.16%,297.6MiB / 1GiB
1790491959,payflow-keycloak-1,0.25%,2.512GiB / 10.7GiB
1790491959,payflow-kafka-1,168.81%,664MiB / 1.5GiB
1790491959,payflow-grafana-1,0.75%,318.3MiB / 512MiB
1790491959,payflow-prometheus-1,0.18%,70.29MiB / 1GiB
1790491959,payflow-tempo-1,2.18%,178.6MiB / 1GiB
1790491959,k3d-tiny-url-serverlb,0.00%,25.96MiB / 10.7GiB
1790491959,k3d-tiny-url-server-0,7.87%,1.013GiB / 10.7GiB
1790491966,blissful_cerf,31.91%,141.2MiB / 10.7GiB
1790491966,payflow-payflow-1,165.74%,621.5MiB / 1.5GiB
1790491966,payflow-postgres-exporter-1,1.77%,7.824MiB / 128MiB
1790491966,payflow-postgres-1,99.21%,499.2MiB / 1GiB
1790491966,payflow-mongo-1,100.40%,372.3MiB / 1GiB
1790491966,payflow-keycloak-1,0.32%,2.511GiB / 10.7GiB
1790491966,payflow-kafka-1,184.83%,657.9MiB / 1.5GiB
1790491966,payflow-grafana-1,0.82%,316.4MiB / 512MiB
1790491966,payflow-prometheus-1,0.19%,70.25MiB / 1GiB
1790491966,payflow-tempo-1,0.92%,172.1MiB / 1GiB
1790491966,k3d-tiny-url-serverlb,0.00%,25.86MiB / 10.7GiB
1790491966,k3d-tiny-url-server-0,6.84%,1.021GiB / 10.7GiB
1790491974,blissful_cerf,38.31%,141.2MiB / 10.7GiB
1790491974,payflow-payflow-1,166.97%,621.8MiB / 1.5GiB
1790491974,payflow-postgres-exporter-1,0.00%,7.832MiB / 128MiB
1790491974,payflow-postgres-1,81.86%,500.2MiB / 1GiB
1790491974,payflow-mongo-1,18.58%,210.3MiB / 1GiB
1790491974,payflow-keycloak-1,0.26%,2.511GiB / 10.7GiB
1790491974,payflow-kafka-1,190.05%,673.6MiB / 1.5GiB
1790491974,payflow-grafana-1,0.86%,316.4MiB / 512MiB
1790491974,payflow-prometheus-1,0.17%,70.25MiB / 1GiB
1790491974,payflow-tempo-1,0.85%,172.8MiB / 1GiB
1790491974,k3d-tiny-url-serverlb,0.00%,25.86MiB / 10.7GiB
1790491974,k3d-tiny-url-server-0,6.96%,1.025GiB / 10.7GiB
1790491981,blissful_cerf,30.92%,141.2MiB / 10.7GiB
1790491981,payflow-payflow-1,172.88%,625.1MiB / 1.5GiB
1790491981,payflow-postgres-exporter-1,1.75%,8.062MiB / 128MiB
1790491981,payflow-postgres-1,90.73%,515MiB / 1GiB
1790491981,payflow-mongo-1,18.73%,210.1MiB / 1GiB
1790491981,payflow-keycloak-1,0.25%,2.511GiB / 10.7GiB
1790491981,payflow-kafka-1,170.41%,688.3MiB / 1.5GiB
1790491981,payflow-grafana-1,0.81%,316.4MiB / 512MiB
1790491981,payflow-prometheus-1,0.45%,70.26MiB / 1GiB
1790491981,payflow-tempo-1,2.66%,177MiB / 1GiB
1790491981,k3d-tiny-url-serverlb,0.02%,25.86MiB / 10.7GiB
1790491981,k3d-tiny-url-server-0,9.28%,1.024GiB / 10.7GiB
1790491988,blissful_cerf,35.29%,141.3MiB / 10.7GiB
1790491988,payflow-payflow-1,166.62%,628.4MiB / 1.5GiB
1790491988,payflow-postgres-exporter-1,0.00%,8.316MiB / 128MiB
1790491988,payflow-postgres-1,82.15%,523.4MiB / 1GiB
1790491988,payflow-mongo-1,18.00%,210.2MiB / 1GiB
1790491988,payflow-keycloak-1,0.28%,2.512GiB / 10.7GiB
1790491988,payflow-kafka-1,128.78%,583.9MiB / 1.5GiB
1790491988,payflow-grafana-1,1.19%,316.4MiB / 512MiB
1790491988,payflow-prometheus-1,0.74%,70.27MiB / 1GiB
1790491988,payflow-tempo-1,0.97%,172.5MiB / 1GiB
1790491988,k3d-tiny-url-serverlb,0.06%,25.86MiB / 10.7GiB
1790491988,k3d-tiny-url-server-0,16.59%,1.024GiB / 10.7GiB
1790491995,blissful_cerf,28.90%,141.3MiB / 10.7GiB
1790491995,payflow-payflow-1,160.33%,628.9MiB / 1.5GiB
1790491995,payflow-postgres-exporter-1,0.00%,9.039MiB / 128MiB
1790491995,payflow-postgres-1,152.91%,525.9MiB / 1GiB
1790491995,payflow-mongo-1,110.09%,329.9MiB / 1GiB
1790491995,payflow-keycloak-1,0.31%,2.511GiB / 10.7GiB
1790491995,payflow-kafka-1,142.12%,691.7MiB / 1.5GiB
1790491995,payflow-grafana-1,0.91%,317.2MiB / 512MiB
1790491995,payflow-prometheus-1,0.50%,70.22MiB / 1GiB
1790491995,payflow-tempo-1,4.53%,178.6MiB / 1GiB
1790491995,k3d-tiny-url-serverlb,0.01%,25.91MiB / 10.7GiB
1790491995,k3d-tiny-url-server-0,14.50%,1.033GiB / 10.7GiB
1790492003,blissful_cerf,17.79%,141.3MiB / 10.7GiB
1790492003,payflow-payflow-1,121.81%,629.1MiB / 1.5GiB
1790492003,payflow-postgres-exporter-1,0.00%,8.371MiB / 128MiB
1790492003,payflow-postgres-1,100.02%,542.1MiB / 1GiB
1790492003,payflow-mongo-1,76.50%,210.3MiB / 1GiB
1790492003,payflow-keycloak-1,9.91%,2.545GiB / 10.7GiB
1790492003,payflow-kafka-1,195.87%,689.9MiB / 1.5GiB
1790492003,payflow-grafana-1,1.11%,318MiB / 512MiB
1790492003,payflow-prometheus-1,0.90%,70.19MiB / 1GiB
1790492003,payflow-tempo-1,0.35%,177.9MiB / 1GiB
1790492003,k3d-tiny-url-serverlb,0.00%,25.91MiB / 10.7GiB
1790492003,k3d-tiny-url-server-0,8.51%,1.042GiB / 10.7GiB
1790492010,blissful_cerf,8.95%,141.3MiB / 10.7GiB
1790492010,payflow-payflow-1,88.10%,628.9MiB / 1.5GiB
1790492010,payflow-postgres-exporter-1,0.00%,8.766MiB / 128MiB
1790492010,payflow-postgres-1,37.11%,551.5MiB / 1GiB
1790492010,payflow-mongo-1,9.95%,210.3MiB / 1GiB
1790492010,payflow-keycloak-1,38.40%,2.546GiB / 10.7GiB
1790492010,payflow-kafka-1,114.08%,593MiB / 1.5GiB
1790492010,payflow-grafana-1,0.96%,318.1MiB / 512MiB
1790492010,payflow-prometheus-1,1.66%,70.2MiB / 1GiB
1790492010,payflow-tempo-1,0.28%,178MiB / 1GiB
1790492010,k3d-tiny-url-serverlb,0.02%,25.91MiB / 10.7GiB
1790492010,k3d-tiny-url-server-0,10.54%,1.042GiB / 10.7GiB
1790492017,payflow-payflow-1,47.04%,628.8MiB / 1.5GiB
1790492017,payflow-postgres-exporter-1,1.73%,8.434MiB / 128MiB
1790492017,payflow-postgres-1,26.96%,553.7MiB / 1GiB
1790492017,payflow-mongo-1,9.34%,210.3MiB / 1GiB
1790492017,payflow-keycloak-1,0.21%,2.546GiB / 10.7GiB
1790492017,payflow-kafka-1,163.02%,596.8MiB / 1.5GiB
1790492017,payflow-grafana-1,0.90%,318.1MiB / 512MiB
1790492017,payflow-prometheus-1,0.77%,70.2MiB / 1GiB
1790492017,payflow-tempo-1,3.79%,176.3MiB / 1GiB
1790492017,k3d-tiny-url-serverlb,0.00%,25.91MiB / 10.7GiB
1790492017,k3d-tiny-url-server-0,20.80%,1.042GiB / 10.7GiB
1790492025,payflow-payflow-1,44.79%,628.7MiB / 1.5GiB
1790492025,payflow-postgres-exporter-1,0.00%,8.73MiB / 128MiB
1790492025,payflow-postgres-1,28.19%,563.8MiB / 1GiB
1790492025,payflow-mongo-1,70.18%,210.3MiB / 1GiB
1790492025,payflow-keycloak-1,0.19%,2.546GiB / 10.7GiB
1790492025,payflow-kafka-1,17.04%,593MiB / 1.5GiB
1790492025,payflow-grafana-1,0.88%,318.1MiB / 512MiB
1790492025,payflow-prometheus-1,0.59%,70.21MiB / 1GiB
1790492025,payflow-tempo-1,0.24%,176.3MiB / 1GiB
1790492025,k3d-tiny-url-serverlb,0.00%,25.91MiB / 10.7GiB
1790492025,k3d-tiny-url-server-0,8.93%,1.042GiB / 10.7GiB
1790492032,payflow-payflow-1,47.85%,628.8MiB / 1.5GiB
1790492032,payflow-postgres-exporter-1,0.00%,8.133MiB / 128MiB
1790492032,payflow-postgres-1,23.67%,566.6MiB / 1GiB
1790492032,payflow-mongo-1,56.34%,210.3MiB / 1GiB
1790492032,payflow-keycloak-1,1.19%,2.546GiB / 10.7GiB
1790492032,payflow-kafka-1,17.46%,596MiB / 1.5GiB
1790492032,payflow-grafana-1,0.90%,318.1MiB / 512MiB
1790492032,payflow-prometheus-1,0.72%,70.25MiB / 1GiB
1790492032,payflow-tempo-1,0.23%,176.3MiB / 1GiB
1790492032,k3d-tiny-url-serverlb,0.00%,25.91MiB / 10.7GiB
1790492032,k3d-tiny-url-server-0,10.33%,1.043GiB / 10.7GiB
1790492039,payflow-payflow-1,57.31%,629.1MiB / 1.5GiB
1790492039,payflow-postgres-exporter-1,0.00%,8.609MiB / 128MiB
1790492039,payflow-postgres-1,27.39%,574.7MiB / 1GiB
1790492039,payflow-mongo-1,15.01%,210.6MiB / 1GiB
1790492039,payflow-keycloak-1,0.19%,2.546GiB / 10.7GiB
1790492039,payflow-kafka-1,18.11%,598MiB / 1.5GiB
1790492039,payflow-grafana-1,0.92%,318.1MiB / 512MiB
1790492039,payflow-prometheus-1,4.15%,70.54MiB / 1GiB
1790492039,payflow-tempo-1,1.04%,169.5MiB / 1GiB
1790492039,k3d-tiny-url-serverlb,0.00%,25.91MiB / 10.7GiB
1790492039,k3d-tiny-url-server-0,17.27%,1.042GiB / 10.7GiB
1790492047,payflow-payflow-1,45.90%,629.4MiB / 1.5GiB
1790492047,payflow-postgres-exporter-1,4.59%,8.816MiB / 128MiB
1790492047,payflow-postgres-1,39.64%,582MiB / 1GiB
1790492047,payflow-mongo-1,12.87%,210.6MiB / 1GiB
1790492047,payflow-keycloak-1,0.20%,2.546GiB / 10.7GiB
1790492047,payflow-kafka-1,22.12%,597.8MiB / 1.5GiB
1790492047,payflow-grafana-1,1.04%,318.1MiB / 512MiB
1790492047,payflow-prometheus-1,0.21%,70.68MiB / 1GiB
1790492047,payflow-tempo-1,0.25%,169.5MiB / 1GiB
1790492047,k3d-tiny-url-serverlb,0.00%,25.91MiB / 10.7GiB
1790492047,k3d-tiny-url-server-0,8.70%,1.042GiB / 10.7GiB
1790492054,payflow-payflow-1,54.96%,629.6MiB / 1.5GiB
1790492054,payflow-postgres-exporter-1,0.00%,8.043MiB / 128MiB
1790492054,payflow-postgres-1,32.35%,583.2MiB / 1GiB
1790492054,payflow-mongo-1,64.87%,210.6MiB / 1GiB
1790492054,payflow-keycloak-1,0.17%,2.546GiB / 10.7GiB
1790492054,payflow-kafka-1,21.61%,598.6MiB / 1.5GiB
1790492054,payflow-grafana-1,0.95%,318.1MiB / 512MiB
1790492054,payflow-prometheus-1,0.59%,70.73MiB / 1GiB
1790492054,payflow-tempo-1,0.26%,170.8MiB / 1GiB
1790492054,k3d-tiny-url-serverlb,0.00%,25.91MiB / 10.7GiB
1790492054,k3d-tiny-url-server-0,9.70%,1.042GiB / 10.7GiB
1790492061,payflow-payflow-1,46.05%,630MiB / 1.5GiB
1790492061,payflow-postgres-exporter-1,4.07%,8.641MiB / 128MiB
1790492061,payflow-postgres-1,32.48%,592.4MiB / 1GiB
1790492061,payflow-mongo-1,18.31%,213.9MiB / 1GiB
1790492061,payflow-keycloak-1,0.20%,2.546GiB / 10.7GiB
1790492061,payflow-kafka-1,17.38%,600.1MiB / 1.5GiB
1790492061,payflow-grafana-1,0.91%,318.1MiB / 512MiB
1790492061,payflow-prometheus-1,0.46%,70.75MiB / 1GiB
1790492061,payflow-tempo-1,0.27%,170.1MiB / 1GiB
1790492061,k3d-tiny-url-serverlb,0.00%,25.91MiB / 10.7GiB
1790492061,k3d-tiny-url-server-0,8.73%,1.043GiB / 10.7GiB
1790492068,payflow-payflow-1,47.64%,629.8MiB / 1.5GiB
1790492068,payflow-postgres-exporter-1,0.00%,8.359MiB / 128MiB
1790492068,payflow-postgres-1,32.93%,593.6MiB / 1GiB
1790492068,payflow-mongo-1,16.47%,214.4MiB / 1GiB
1790492068,payflow-keycloak-1,0.17%,2.546GiB / 10.7GiB
1790492068,payflow-kafka-1,23.26%,601.7MiB / 1.5GiB
1790492068,payflow-grafana-1,0.97%,318.1MiB / 512MiB
1790492068,payflow-prometheus-1,0.23%,70.78MiB / 1GiB
1790492068,payflow-tempo-1,1.22%,170.1MiB / 1GiB
1790492068,k3d-tiny-url-serverlb,0.00%,25.91MiB / 10.7GiB
1790492068,k3d-tiny-url-server-0,11.93%,1.041GiB / 10.7GiB
1790492076,payflow-payflow-1,43.33%,629.9MiB / 1.5GiB
1790492076,payflow-postgres-exporter-1,0.00%,8.18MiB / 128MiB
1790492076,payflow-postgres-1,24.98%,593.6MiB / 1GiB
1790492076,payflow-mongo-1,15.93%,214.5MiB / 1GiB
1790492076,payflow-keycloak-1,0.15%,2.546GiB / 10.7GiB
1790492076,payflow-kafka-1,89.69%,660.2MiB / 1.5GiB
1790492076,payflow-grafana-1,0.92%,318.1MiB / 512MiB
1790492076,payflow-prometheus-1,0.48%,70.77MiB / 1GiB
1790492076,payflow-tempo-1,0.20%,170.1MiB / 1GiB
1790492076,k3d-tiny-url-serverlb,0.00%,25.91MiB / 10.7GiB
1790492076,k3d-tiny-url-server-0,6.22%,1.042GiB / 10.7GiB
1790492083,payflow-payflow-1,46.33%,630MiB / 1.5GiB
1790492083,payflow-postgres-exporter-1,0.00%,8.766MiB / 128MiB
1790492083,payflow-postgres-1,29.98%,598.8MiB / 1GiB
1790492083,payflow-mongo-1,20.01%,214.5MiB / 1GiB
1790492083,payflow-keycloak-1,0.17%,2.546GiB / 10.7GiB
1790492083,payflow-kafka-1,188.21%,692.8MiB / 1.5GiB
1790492083,payflow-grafana-1,0.71%,318.1MiB / 512MiB
1790492083,payflow-prometheus-1,0.85%,70.78MiB / 1GiB
1790492083,payflow-tempo-1,0.27%,170.7MiB / 1GiB
1790492083,k3d-tiny-url-serverlb,0.00%,25.91MiB / 10.7GiB
1790492083,k3d-tiny-url-server-0,6.32%,1.042GiB / 10.7GiB
1790492090,payflow-payflow-1,44.86%,630.3MiB / 1.5GiB
1790492090,payflow-postgres-exporter-1,0.00%,8.285MiB / 128MiB
1790492090,payflow-postgres-1,24.72%,597.1MiB / 1GiB
1790492090,payflow-mongo-1,17.71%,214.5MiB / 1GiB
1790492090,payflow-keycloak-1,0.16%,2.546GiB / 10.7GiB
1790492090,payflow-kafka-1,124.41%,606.5MiB / 1.5GiB
1790492090,payflow-grafana-1,0.83%,318.1MiB / 512MiB
1790492090,payflow-prometheus-1,0.67%,70.78MiB / 1GiB
1790492090,payflow-tempo-1,0.58%,172.4MiB / 1GiB
1790492090,k3d-tiny-url-serverlb,0.00%,25.91MiB / 10.7GiB
1790492090,k3d-tiny-url-server-0,6.67%,1.042GiB / 10.7GiB
1790492097,payflow-payflow-1,47.39%,630.1MiB / 1.5GiB
1790492097,payflow-postgres-exporter-1,0.00%,8.41MiB / 128MiB
1790492097,payflow-postgres-1,30.34%,599.7MiB / 1GiB
1790492097,payflow-mongo-1,19.62%,214.4MiB / 1GiB
1790492097,payflow-keycloak-1,0.15%,2.548GiB / 10.7GiB
1790492097,payflow-kafka-1,49.54%,608.2MiB / 1.5GiB
1790492097,payflow-grafana-1,0.84%,318.1MiB / 512MiB
1790492097,payflow-prometheus-1,0.18%,70.78MiB / 1GiB
1790492097,payflow-tempo-1,0.20%,172.4MiB / 1GiB
1790492097,k3d-tiny-url-serverlb,0.00%,25.91MiB / 10.7GiB
1790492097,k3d-tiny-url-server-0,9.22%,1.043GiB / 10.7GiB
1790492104,payflow-payflow-1,47.82%,630.1MiB / 1.5GiB
1790492104,payflow-postgres-exporter-1,0.00%,8.625MiB / 128MiB
1790492104,payflow-postgres-1,23.26%,602.9MiB / 1GiB
1790492104,payflow-mongo-1,32.48%,337.1MiB / 1GiB
1790492104,payflow-keycloak-1,0.20%,2.548GiB / 10.7GiB
1790492104,payflow-kafka-1,18.43%,614.6MiB / 1.5GiB
1790492104,payflow-grafana-1,0.99%,318.1MiB / 512MiB
1790492104,payflow-prometheus-1,1.11%,70.79MiB / 1GiB
1790492104,payflow-tempo-1,3.05%,172.6MiB / 1GiB
1790492104,k3d-tiny-url-serverlb,0.00%,25.91MiB / 10.7GiB
1790492104,k3d-tiny-url-server-0,9.53%,1.045GiB / 10.7GiB
1790492112,payflow-payflow-1,52.16%,630.2MiB / 1.5GiB
1790492112,payflow-postgres-exporter-1,0.00%,8.633MiB / 128MiB
1790492112,payflow-postgres-1,39.65%,602.9MiB / 1GiB
1790492112,payflow-mongo-1,56.03%,214.5MiB / 1GiB
1790492112,payflow-keycloak-1,0.18%,2.548GiB / 10.7GiB
1790492112,payflow-kafka-1,18.62%,609.9MiB / 1.5GiB
1790492112,payflow-grafana-1,0.90%,318.1MiB / 512MiB
1790492112,payflow-prometheus-1,0.24%,70.79MiB / 1GiB
1790492112,payflow-tempo-1,0.24%,172.6MiB / 1GiB
1790492112,k3d-tiny-url-serverlb,0.00%,25.91MiB / 10.7GiB
1790492112,k3d-tiny-url-server-0,8.53%,1.045GiB / 10.7GiB
1790492119,payflow-payflow-1,37.71%,630.7MiB / 1.5GiB
1790492119,payflow-postgres-exporter-1,0.01%,8.328MiB / 128MiB
1790492119,payflow-postgres-1,36.99%,651.3MiB / 1GiB
1790492119,payflow-mongo-1,15.29%,214.6MiB / 1GiB
1790492119,payflow-keycloak-1,0.15%,2.548GiB / 10.7GiB
1790492119,payflow-kafka-1,14.68%,611.8MiB / 1.5GiB
1790492119,payflow-grafana-1,0.84%,318.1MiB / 512MiB
1790492119,payflow-prometheus-1,0.19%,70.8MiB / 1GiB
1790492119,payflow-tempo-1,0.23%,172.6MiB / 1GiB
1790492119,k3d-tiny-url-serverlb,0.00%,25.91MiB / 10.7GiB
1790492119,k3d-tiny-url-server-0,6.78%,1.045GiB / 10.7GiB
1790492126,payflow-payflow-1,46.23%,630.5MiB / 1.5GiB
1790492126,payflow-postgres-exporter-1,1.47%,8.176MiB / 128MiB
1790492126,payflow-postgres-1,27.59%,605.4MiB / 1GiB
1790492126,payflow-mongo-1,14.85%,214.4MiB / 1GiB
1790492126,payflow-keycloak-1,0.17%,2.548GiB / 10.7GiB
1790492126,payflow-kafka-1,16.90%,613.6MiB / 1.5GiB
1790492126,payflow-grafana-1,0.95%,318.1MiB / 512MiB
1790492126,payflow-prometheus-1,0.46%,70.8MiB / 1GiB
1790492126,payflow-tempo-1,0.27%,172.6MiB / 1GiB
1790492126,k3d-tiny-url-serverlb,0.00%,25.91MiB / 10.7GiB
1790492126,k3d-tiny-url-server-0,7.18%,1.046GiB / 10.7GiB
1790492133,payflow-payflow-1,41.27%,630.7MiB / 1.5GiB
1790492133,payflow-postgres-exporter-1,0.00%,8.879MiB / 128MiB
1790492133,payflow-postgres-1,23.91%,608.2MiB / 1GiB
1790492133,payflow-mongo-1,19.47%,214.5MiB / 1GiB
1790492133,payflow-keycloak-1,0.16%,2.548GiB / 10.7GiB
1790492133,payflow-kafka-1,14.51%,615.2MiB / 1.5GiB
1790492133,payflow-grafana-1,0.76%,318.1MiB / 512MiB
1790492133,payflow-prometheus-1,0.66%,70.8MiB / 1GiB
1790492133,payflow-tempo-1,0.36%,167.5MiB / 1GiB
1790492133,k3d-tiny-url-serverlb,0.00%,25.91MiB / 10.7GiB
1790492133,k3d-tiny-url-server-0,6.80%,1.045GiB / 10.7GiB
1790492140,payflow-payflow-1,43.28%,630.5MiB / 1.5GiB
1790492140,payflow-postgres-exporter-1,1.49%,8.176MiB / 128MiB
1790492140,payflow-postgres-1,32.97%,608.3MiB / 1GiB
1790492140,payflow-mongo-1,52.75%,214.5MiB / 1GiB
1790492140,payflow-keycloak-1,0.17%,2.548GiB / 10.7GiB
1790492140,payflow-kafka-1,14.76%,615.8MiB / 1.5GiB
1790492140,payflow-grafana-1,0.87%,318.1MiB / 512MiB
1790492140,payflow-prometheus-1,0.37%,70.8MiB / 1GiB
1790492140,payflow-tempo-1,0.28%,167.5MiB / 1GiB
1790492140,k3d-tiny-url-serverlb,0.03%,25.91MiB / 10.7GiB
1790492140,k3d-tiny-url-server-0,8.92%,1.045GiB / 10.7GiB
1790492148,payflow-payflow-1,58.34%,630.6MiB / 1.5GiB
1790492148,payflow-postgres-exporter-1,0.00%,8.848MiB / 128MiB
1790492148,payflow-postgres-1,34.43%,608.7MiB / 1GiB
1790492148,payflow-mongo-1,11.74%,214.5MiB / 1GiB
1790492148,payflow-keycloak-1,0.18%,2.548GiB / 10.7GiB
1790492148,payflow-kafka-1,20.16%,618.1MiB / 1.5GiB
1790492148,payflow-grafana-1,1.27%,318.1MiB / 512MiB
1790492148,payflow-prometheus-1,1.19%,70.8MiB / 1GiB
1790492148,payflow-tempo-1,0.51%,168MiB / 1GiB
1790492148,k3d-tiny-url-serverlb,0.02%,25.91MiB / 10.7GiB
1790492148,k3d-tiny-url-server-0,9.29%,1.045GiB / 10.7GiB
1790492155,payflow-payflow-1,44.67%,630.7MiB / 1.5GiB
1790492155,payflow-postgres-exporter-1,0.00%,8.645MiB / 128MiB
1790492155,payflow-postgres-1,23.05%,609MiB / 1GiB
1790492155,payflow-mongo-1,20.94%,214.8MiB / 1GiB
1790492155,payflow-keycloak-1,0.16%,2.548GiB / 10.7GiB
1790492155,payflow-kafka-1,36.01%,623.7MiB / 1.5GiB
1790492155,payflow-grafana-1,1.18%,318.1MiB / 512MiB
1790492155,payflow-prometheus-1,2.03%,71.01MiB / 1GiB
1790492155,payflow-tempo-1,0.82%,167.8MiB / 1GiB
1790492155,k3d-tiny-url-serverlb,0.01%,25.91MiB / 10.7GiB
1790492155,k3d-tiny-url-server-0,13.76%,1.046GiB / 10.7GiB
1790492162,payflow-payflow-1,49.52%,630.8MiB / 1.5GiB
1790492162,payflow-postgres-exporter-1,0.00%,7.949MiB / 128MiB
1790492162,payflow-postgres-1,29.98%,609.8MiB / 1GiB
1790492162,payflow-mongo-1,22.75%,214.8MiB / 1GiB
1790492162,payflow-keycloak-1,0.21%,2.548GiB / 10.7GiB
1790492162,payflow-kafka-1,137.68%,679.8MiB / 1.5GiB
1790492162,payflow-grafana-1,0.98%,318.1MiB / 512MiB
1790492162,payflow-prometheus-1,0.19%,71.86MiB / 1GiB
1790492162,payflow-tempo-1,0.23%,167.8MiB / 1GiB
1790492162,k3d-tiny-url-serverlb,0.00%,25.91MiB / 10.7GiB
1790492162,k3d-tiny-url-server-0,7.28%,1.045GiB / 10.7GiB
1790492169,payflow-payflow-1,41.65%,630.8MiB / 1.5GiB
1790492169,payflow-postgres-exporter-1,0.00%,7.996MiB / 128MiB
1790492169,payflow-postgres-1,27.98%,607.8MiB / 1GiB
1790492169,payflow-mongo-1,88.64%,375.5MiB / 1GiB
1790492169,payflow-keycloak-1,0.15%,2.548GiB / 10.7GiB
1790492169,payflow-kafka-1,181.79%,701MiB / 1.5GiB
1790492169,payflow-grafana-1,0.68%,317.1MiB / 512MiB
1790492169,payflow-prometheus-1,0.16%,72.03MiB / 1GiB
1790492169,payflow-tempo-1,0.72%,166.8MiB / 1GiB
1790492169,k3d-tiny-url-serverlb,0.02%,25.91MiB / 10.7GiB
1790492169,k3d-tiny-url-server-0,6.69%,1.051GiB / 10.7GiB
1790492176,payflow-payflow-1,38.95%,631.1MiB / 1.5GiB
1790492176,payflow-postgres-exporter-1,1.67%,8.516MiB / 128MiB
1790492176,payflow-postgres-1,23.41%,607.8MiB / 1GiB
1790492176,payflow-mongo-1,11.70%,213.6MiB / 1GiB
1790492176,payflow-keycloak-1,0.13%,2.548GiB / 10.7GiB
1790492176,payflow-kafka-1,150.25%,729.9MiB / 1.5GiB
1790492176,payflow-grafana-1,0.65%,317.1MiB / 512MiB
1790492176,payflow-prometheus-1,0.16%,72.06MiB / 1GiB
1790492176,payflow-tempo-1,0.21%,166.8MiB / 1GiB
1790492176,k3d-tiny-url-serverlb,0.00%,25.91MiB / 10.7GiB
1790492176,k3d-tiny-url-server-0,6.54%,1.052GiB / 10.7GiB
1790492184,payflow-payflow-1,41.22%,630.9MiB / 1.5GiB
1790492184,payflow-postgres-exporter-1,0.00%,8.82MiB / 128MiB
1790492184,payflow-postgres-1,27.95%,611.5MiB / 1GiB
1790492184,payflow-mongo-1,12.07%,213.3MiB / 1GiB
1790492184,payflow-keycloak-1,0.16%,2.548GiB / 10.7GiB
1790492184,payflow-kafka-1,56.59%,624.8MiB / 1.5GiB
1790492184,payflow-grafana-1,1.24%,317.1MiB / 512MiB
1790492184,payflow-prometheus-1,0.17%,72.07MiB / 1GiB
1790492184,payflow-tempo-1,0.30%,166.8MiB / 1GiB
1790492184,k3d-tiny-url-serverlb,0.00%,25.91MiB / 10.7GiB
1790492184,k3d-tiny-url-server-0,6.56%,1.052GiB / 10.7GiB
1790492191,payflow-payflow-1,39.93%,630.9MiB / 1.5GiB
1790492191,payflow-postgres-exporter-1,0.00%,9.133MiB / 128MiB
1790492191,payflow-postgres-1,45.64%,611.4MiB / 1GiB
1790492191,payflow-mongo-1,16.61%,213.3MiB / 1GiB
1790492191,payflow-keycloak-1,0.18%,2.548GiB / 10.7GiB
1790492191,payflow-kafka-1,14.87%,624.9MiB / 1.5GiB
1790492191,payflow-grafana-1,0.96%,317.1MiB / 512MiB
1790492191,payflow-prometheus-1,0.40%,72.09MiB / 1GiB
1790492191,payflow-tempo-1,0.24%,166.8MiB / 1GiB
1790492191,k3d-tiny-url-serverlb,0.01%,25.91MiB / 10.7GiB
1790492191,k3d-tiny-url-server-0,9.84%,1.051GiB / 10.7GiB
1790492198,payflow-payflow-1,58.96%,631MiB / 1.5GiB
1790492198,payflow-postgres-exporter-1,0.00%,8.371MiB / 128MiB
1790492198,payflow-postgres-1,31.66%,613.1MiB / 1GiB
1790492198,payflow-mongo-1,52.73%,217MiB / 1GiB
1790492198,payflow-keycloak-1,0.18%,2.548GiB / 10.7GiB
1790492198,payflow-kafka-1,20.14%,625.7MiB / 1.5GiB
1790492198,payflow-grafana-1,1.36%,317.1MiB / 512MiB
1790492198,payflow-prometheus-1,0.78%,72.1MiB / 1GiB
1790492198,payflow-tempo-1,3.77%,166.8MiB / 1GiB
1790492198,k3d-tiny-url-serverlb,0.00%,25.91MiB / 10.7GiB
1790492198,k3d-tiny-url-server-0,12.47%,1.051GiB / 10.7GiB
1790492205,payflow-payflow-1,46.80%,631.3MiB / 1.5GiB
1790492205,payflow-postgres-exporter-1,0.63%,8.559MiB / 128MiB
1790492205,payflow-postgres-1,29.63%,616.5MiB / 1GiB
1790492205,payflow-mongo-1,19.86%,217.2MiB / 1GiB
1790492205,payflow-keycloak-1,0.18%,2.548GiB / 10.7GiB
1790492205,payflow-kafka-1,17.07%,626.5MiB / 1.5GiB
1790492205,payflow-grafana-1,0.80%,317.1MiB / 512MiB
1790492205,payflow-prometheus-1,0.74%,72.1MiB / 1GiB
1790492205,payflow-tempo-1,0.26%,166.8MiB / 1GiB
1790492205,k3d-tiny-url-serverlb,0.00%,25.91MiB / 10.7GiB
1790492205,k3d-tiny-url-server-0,13.56%,1.052GiB / 10.7GiB
1790492212,payflow-payflow-1,45.03%,631.4MiB / 1.5GiB
1790492212,payflow-postgres-exporter-1,0.00%,8.359MiB / 128MiB
1790492212,payflow-postgres-1,21.76%,615.7MiB / 1GiB
1790492212,payflow-mongo-1,17.47%,217.3MiB / 1GiB
1790492212,payflow-keycloak-1,3.57%,2.548GiB / 10.7GiB
1790492212,payflow-kafka-1,17.12%,628.3MiB / 1.5GiB
1790492212,payflow-grafana-1,0.98%,317.1MiB / 512MiB
1790492212,payflow-prometheus-1,0.60%,72.11MiB / 1GiB
1790492212,payflow-tempo-1,0.30%,167.4MiB / 1GiB
1790492212,k3d-tiny-url-serverlb,0.02%,25.91MiB / 10.7GiB
1790492212,k3d-tiny-url-server-0,10.49%,1.052GiB / 10.7GiB
1790492220,payflow-payflow-1,44.39%,631.4MiB / 1.5GiB
1790492220,payflow-postgres-exporter-1,0.00%,9.168MiB / 128MiB
1790492220,payflow-postgres-1,27.52%,615.8MiB / 1GiB
1790492220,payflow-mongo-1,31.73%,305.1MiB / 1GiB
1790492220,payflow-keycloak-1,0.15%,2.548GiB / 10.7GiB
1790492220,payflow-kafka-1,17.36%,629.4MiB / 1.5GiB
1790492220,payflow-grafana-1,0.82%,317.1MiB / 512MiB
1790492220,payflow-prometheus-1,0.67%,72.11MiB / 1GiB
1790492220,payflow-tempo-1,0.24%,167.9MiB / 1GiB
1790492220,k3d-tiny-url-serverlb,0.00%,25.91MiB / 10.7GiB
1790492220,k3d-tiny-url-server-0,11.38%,1.051GiB / 10.7GiB
1790492227,payflow-payflow-1,52.84%,631.5MiB / 1.5GiB
1790492227,payflow-postgres-exporter-1,0.00%,8.504MiB / 128MiB
1790492227,payflow-postgres-1,29.68%,618.3MiB / 1GiB
1790492227,payflow-mongo-1,45.45%,217.5MiB / 1GiB
1790492227,payflow-keycloak-1,0.21%,2.548GiB / 10.7GiB
1790492227,payflow-kafka-1,18.74%,630.2MiB / 1.5GiB
1790492227,payflow-grafana-1,1.05%,317.1MiB / 512MiB
1790492227,payflow-prometheus-1,0.18%,72.11MiB / 1GiB
1790492227,payflow-tempo-1,0.25%,168MiB / 1GiB
1790492227,k3d-tiny-url-serverlb,0.01%,25.91MiB / 10.7GiB
1790492227,k3d-tiny-url-server-0,8.68%,1.051GiB / 10.7GiB
1790492234,payflow-payflow-1,39.34%,631.3MiB / 1.5GiB
1790492234,payflow-postgres-exporter-1,0.00%,8.547MiB / 128MiB
1790492234,payflow-postgres-1,23.83%,618.5MiB / 1GiB
1790492234,payflow-mongo-1,17.59%,217.5MiB / 1GiB
1790492234,payflow-keycloak-1,0.21%,2.548GiB / 10.7GiB
1790492234,payflow-kafka-1,15.45%,631MiB / 1.5GiB
1790492234,payflow-grafana-1,1.05%,317.1MiB / 512MiB
1790492234,payflow-prometheus-1,0.17%,72.12MiB / 1GiB
1790492234,payflow-tempo-1,0.73%,168.1MiB / 1GiB
1790492234,k3d-tiny-url-serverlb,0.00%,25.91MiB / 10.7GiB
1790492234,k3d-tiny-url-server-0,8.07%,1.051GiB / 10.7GiB
1790492241,payflow-payflow-1,48.72%,631.3MiB / 1.5GiB
1790492241,payflow-postgres-exporter-1,0.58%,8.438MiB / 128MiB
1790492241,payflow-postgres-1,25.91%,622.3MiB / 1GiB
1790492241,payflow-mongo-1,26.71%,217.3MiB / 1GiB
1790492241,payflow-keycloak-1,0.17%,2.548GiB / 10.7GiB
1790492241,payflow-kafka-1,16.55%,632.1MiB / 1.5GiB
1790492241,payflow-grafana-1,0.80%,317.1MiB / 512MiB
1790492241,payflow-prometheus-1,0.53%,72.12MiB / 1GiB
1790492241,payflow-tempo-1,0.28%,168.1MiB / 1GiB
1790492241,k3d-tiny-url-serverlb,0.01%,25.91MiB / 10.7GiB
1790492241,k3d-tiny-url-server-0,10.84%,1.052GiB / 10.7GiB
1790492248,payflow-payflow-1,47.10%,631.6MiB / 1.5GiB
1790492248,payflow-postgres-exporter-1,0.00%,8.484MiB / 128MiB
1790492248,payflow-postgres-1,23.04%,620.9MiB / 1GiB
1790492248,payflow-mongo-1,28.90%,217.3MiB / 1GiB
1790492248,payflow-keycloak-1,0.18%,2.547GiB / 10.7GiB
1790492248,payflow-kafka-1,33.99%,636.9MiB / 1.5GiB
1790492248,payflow-grafana-1,1.12%,316.8MiB / 512MiB
1790492248,payflow-prometheus-1,0.29%,72.11MiB / 1GiB
1790492248,payflow-tempo-1,2.44%,167.6MiB / 1GiB
1790492248,k3d-tiny-url-serverlb,0.00%,25.91MiB / 10.7GiB
1790492248,k3d-tiny-url-server-0,6.84%,1.053GiB / 10.7GiB
1790492256,payflow-payflow-1,42.15%,631.4MiB / 1.5GiB
1790492256,payflow-postgres-exporter-1,1.32%,8.887MiB / 128MiB
1790492256,payflow-postgres-1,29.62%,622.1MiB / 1GiB
1790492256,payflow-mongo-1,26.33%,217.3MiB / 1GiB
1790492256,payflow-keycloak-1,0.14%,2.547GiB / 10.7GiB
1790492256,payflow-kafka-1,88.52%,681.1MiB / 1.5GiB
1790492256,payflow-grafana-1,0.77%,316.8MiB / 512MiB
1790492256,payflow-prometheus-1,1.15%,72.11MiB / 1GiB
1790492256,payflow-tempo-1,0.22%,167.6MiB / 1GiB
1790492256,k3d-tiny-url-serverlb,0.01%,25.91MiB / 10.7GiB
1790492256,k3d-tiny-url-server-0,6.71%,1.054GiB / 10.7GiB
1790492263,payflow-payflow-1,47.16%,631.4MiB / 1.5GiB
1790492263,payflow-postgres-exporter-1,0.00%,8.82MiB / 128MiB
1790492263,payflow-postgres-1,27.28%,622.5MiB / 1GiB
1790492263,payflow-mongo-1,61.49%,376.1MiB / 1GiB
1790492263,payflow-keycloak-1,0.21%,2.547GiB / 10.7GiB
1790492263,payflow-kafka-1,104.58%,685.6MiB / 1.5GiB
1790492263,payflow-grafana-1,0.79%,317.4MiB / 512MiB
1790492263,payflow-prometheus-1,0.91%,72.08MiB / 1GiB
1790492263,payflow-tempo-1,0.22%,167.5MiB / 1GiB
1790492263,k3d-tiny-url-serverlb,0.02%,25.91MiB / 10.7GiB
1790492263,k3d-tiny-url-server-0,7.86%,1.059GiB / 10.7GiB
1790492270,payflow-payflow-1,52.88%,631.4MiB / 1.5GiB
1790492270,payflow-postgres-exporter-1,0.00%,8.473MiB / 128MiB
1790492270,payflow-postgres-1,28.23%,623.4MiB / 1GiB
1790492270,payflow-mongo-1,31.12%,217.3MiB / 1GiB
1790492270,payflow-keycloak-1,0.36%,2.547GiB / 10.7GiB
1790492270,payflow-kafka-1,195.07%,724.7MiB / 1.5GiB
1790492270,payflow-grafana-1,0.71%,317.4MiB / 512MiB
1790492270,payflow-prometheus-1,0.65%,72.08MiB / 1GiB
1790492270,payflow-tempo-1,0.20%,167.5MiB / 1GiB
1790492270,k3d-tiny-url-serverlb,0.00%,25.91MiB / 10.7GiB
1790492270,k3d-tiny-url-server-0,8.84%,1.059GiB / 10.7GiB
1790492277,payflow-payflow-1,55.34%,631.8MiB / 1.5GiB
1790492277,payflow-postgres-exporter-1,0.00%,8.258MiB / 128MiB
1790492277,payflow-postgres-1,29.04%,625.4MiB / 1GiB
1790492277,payflow-mongo-1,26.93%,217.3MiB / 1GiB
1790492277,payflow-keycloak-1,0.19%,2.547GiB / 10.7GiB
1790492277,payflow-kafka-1,170.50%,744.2MiB / 1.5GiB
1790492277,payflow-grafana-1,0.90%,317.4MiB / 512MiB
1790492277,payflow-prometheus-1,0.23%,72.09MiB / 1GiB
1790492277,payflow-tempo-1,0.29%,167.5MiB / 1GiB
1790492277,k3d-tiny-url-serverlb,0.04%,25.91MiB / 10.7GiB
1790492277,k3d-tiny-url-server-0,11.73%,1.06GiB / 10.7GiB
1790492284,payflow-payflow-1,50.77%,631.6MiB / 1.5GiB
1790492284,payflow-postgres-exporter-1,0.00%,8.52MiB / 128MiB
1790492284,payflow-postgres-1,28.92%,625.7MiB / 1GiB
1790492284,payflow-mongo-1,28.03%,217.6MiB / 1GiB
1790492284,payflow-keycloak-1,0.20%,2.547GiB / 10.7GiB
1790492284,payflow-kafka-1,91.82%,639.1MiB / 1.5GiB
1790492284,payflow-grafana-1,1.06%,317.4MiB / 512MiB
1790492284,payflow-prometheus-1,0.35%,72.34MiB / 1GiB
1790492284,payflow-tempo-1,0.63%,167.6MiB / 1GiB
1790492284,k3d-tiny-url-serverlb,0.02%,25.91MiB / 10.7GiB
1790492284,k3d-tiny-url-server-0,7.93%,1.06GiB / 10.7GiB
1790492292,payflow-payflow-1,46.49%,631.6MiB / 1.5GiB
1790492292,payflow-postgres-exporter-1,0.00%,8.594MiB / 128MiB
1790492292,payflow-postgres-1,24.47%,627.2MiB / 1GiB
1790492292,payflow-mongo-1,13.99%,217.4MiB / 1GiB
1790492292,payflow-keycloak-1,0.16%,2.547GiB / 10.7GiB
1790492292,payflow-kafka-1,19.73%,640.3MiB / 1.5GiB
1790492292,payflow-grafana-1,0.82%,317.4MiB / 512MiB
1790492292,payflow-prometheus-1,0.41%,72.35MiB / 1GiB
1790492292,payflow-tempo-1,0.26%,167.6MiB / 1GiB
1790492292,k3d-tiny-url-serverlb,0.00%,25.91MiB / 10.7GiB
1790492292,k3d-tiny-url-server-0,11.32%,1.06GiB / 10.7GiB
1790492299,payflow-payflow-1,52.53%,631.6MiB / 1.5GiB
1790492299,payflow-postgres-exporter-1,0.00%,8.316MiB / 128MiB
1790492299,payflow-postgres-1,58.77%,668.3MiB / 1GiB
1790492299,payflow-mongo-1,90.75%,217.7MiB / 1GiB
1790492299,payflow-keycloak-1,0.20%,2.547GiB / 10.7GiB
1790492299,payflow-kafka-1,19.72%,642.2MiB / 1.5GiB
1790492299,payflow-grafana-1,1.04%,317.4MiB / 512MiB
1790492299,payflow-prometheus-1,0.24%,72.38MiB / 1GiB
1790492299,payflow-tempo-1,2.89%,167.6MiB / 1GiB
1790492299,k3d-tiny-url-serverlb,0.00%,25.91MiB / 10.7GiB
1790492299,k3d-tiny-url-server-0,11.93%,1.06GiB / 10.7GiB
1790492306,payflow-payflow-1,48.20%,631.7MiB / 1.5GiB
1790492306,payflow-postgres-exporter-1,1.23%,9.281MiB / 128MiB
1790492306,payflow-postgres-1,28.35%,624.8MiB / 1GiB
1790492306,payflow-mongo-1,22.42%,217.7MiB / 1GiB
1790492306,payflow-keycloak-1,0.17%,2.547GiB / 10.7GiB
1790492306,payflow-kafka-1,18.19%,642.9MiB / 1.5GiB
1790492306,payflow-grafana-1,0.87%,317.4MiB / 512MiB
1790492306,payflow-prometheus-1,0.45%,72.39MiB / 1GiB
1790492306,payflow-tempo-1,0.24%,167.6MiB / 1GiB
1790492306,k3d-tiny-url-serverlb,0.00%,25.91MiB / 10.7GiB
1790492306,k3d-tiny-url-server-0,9.15%,1.06GiB / 10.7GiB
1790492313,payflow-payflow-1,55.07%,632MiB / 1.5GiB
1790492313,payflow-postgres-exporter-1,0.00%,8.965MiB / 128MiB
1790492313,payflow-postgres-1,30.07%,625.3MiB / 1GiB
1790492313,payflow-mongo-1,18.64%,217.7MiB / 1GiB
1790492313,payflow-keycloak-1,0.17%,2.547GiB / 10.7GiB
1790492313,payflow-kafka-1,19.48%,645.3MiB / 1.5GiB
1790492313,payflow-grafana-1,0.96%,317.4MiB / 512MiB
1790492313,payflow-prometheus-1,0.81%,72.39MiB / 1GiB
1790492313,payflow-tempo-1,0.45%,167.6MiB / 1GiB
1790492313,k3d-tiny-url-serverlb,0.00%,25.91MiB / 10.7GiB
1790492313,k3d-tiny-url-server-0,7.79%,1.06GiB / 10.7GiB
1790492320,payflow-payflow-1,39.70%,631.8MiB / 1.5GiB
1790492320,payflow-postgres-exporter-1,1.71%,8.453MiB / 128MiB
1790492320,payflow-postgres-1,34.96%,627.3MiB / 1GiB
1790492320,payflow-mongo-1,17.94%,218.6MiB / 1GiB
1790492320,payflow-keycloak-1,0.17%,2.547GiB / 10.7GiB
1790492320,payflow-kafka-1,16.06%,647.4MiB / 1.5GiB
1790492320,payflow-grafana-1,0.94%,317.4MiB / 512MiB
1790492320,payflow-prometheus-1,0.51%,72.4MiB / 1GiB
1790492320,payflow-tempo-1,0.28%,166.7MiB / 1GiB
1790492320,k3d-tiny-url-serverlb,0.00%,25.91MiB / 10.7GiB
1790492320,k3d-tiny-url-server-0,23.43%,1.059GiB / 10.7GiB
1790492328,payflow-payflow-1,57.15%,632.1MiB / 1.5GiB
1790492328,payflow-postgres-exporter-1,0.00%,8.914MiB / 128MiB
1790492328,payflow-postgres-1,25.90%,627.8MiB / 1GiB
1790492328,payflow-mongo-1,20.99%,218.6MiB / 1GiB
1790492328,payflow-keycloak-1,0.17%,2.547GiB / 10.7GiB
1790492328,payflow-kafka-1,20.72%,648.1MiB / 1.5GiB
1790492328,payflow-grafana-1,0.99%,317.4MiB / 512MiB
1790492328,payflow-prometheus-1,0.83%,72.4MiB / 1GiB
1790492328,payflow-tempo-1,0.36%,166.7MiB / 1GiB
1790492328,k3d-tiny-url-serverlb,0.01%,25.91MiB / 10.7GiB
1790492328,k3d-tiny-url-server-0,10.15%,1.06GiB / 10.7GiB
1790492335,payflow-payflow-1,49.37%,632MiB / 1.5GiB
1790492335,payflow-postgres-exporter-1,0.00%,8.465MiB / 128MiB
1790492335,payflow-postgres-1,30.57%,629.3MiB / 1GiB
1790492335,payflow-mongo-1,75.40%,221.2MiB / 1GiB
1790492335,payflow-keycloak-1,0.24%,2.547GiB / 10.7GiB
1790492335,payflow-kafka-1,21.61%,648.6MiB / 1.5GiB
1790492335,payflow-grafana-1,1.16%,317.4MiB / 512MiB
1790492335,payflow-prometheus-1,0.99%,72.4MiB / 1GiB
1790492335,payflow-tempo-1,0.26%,167.3MiB / 1GiB
1790492335,k3d-tiny-url-serverlb,0.01%,25.91MiB / 10.7GiB
1790492335,k3d-tiny-url-server-0,7.65%,1.061GiB / 10.7GiB
1790492342,payflow-payflow-1,45.82%,632MiB / 1.5GiB
1790492342,payflow-postgres-exporter-1,0.00%,8.621MiB / 128MiB
1790492342,payflow-postgres-1,23.92%,629.4MiB / 1GiB
1790492342,payflow-mongo-1,25.41%,221.5MiB / 1GiB
1790492342,payflow-keycloak-1,0.15%,2.547GiB / 10.7GiB
1790492342,payflow-kafka-1,18.09%,650.2MiB / 1.5GiB
1790492342,payflow-grafana-1,0.72%,317.4MiB / 512MiB
1790492342,payflow-prometheus-1,0.15%,72.4MiB / 1GiB
1790492342,payflow-tempo-1,0.23%,167.3MiB / 1GiB
1790492342,k3d-tiny-url-serverlb,0.00%,25.91MiB / 10.7GiB
1790492342,k3d-tiny-url-server-0,9.57%,1.06GiB / 10.7GiB
1790492349,payflow-payflow-1,40.27%,632.5MiB / 1.5GiB
1790492349,payflow-postgres-exporter-1,0.00%,8.188MiB / 128MiB
1790492349,payflow-postgres-1,26.52%,631.5MiB / 1GiB
1790492349,payflow-mongo-1,20.64%,221.8MiB / 1GiB
1790492349,payflow-keycloak-1,0.17%,2.547GiB / 10.7GiB
1790492349,payflow-kafka-1,15.55%,651.6MiB / 1.5GiB
1790492349,payflow-grafana-1,0.75%,317.4MiB / 512MiB
1790492349,payflow-prometheus-1,0.20%,72.41MiB / 1GiB
1790492349,payflow-tempo-1,0.50%,167.3MiB / 1GiB
1790492349,k3d-tiny-url-serverlb,0.00%,25.91MiB / 10.7GiB
1790492349,k3d-tiny-url-server-0,7.68%,1.06GiB / 10.7GiB
1790492356,payflow-payflow-1,42.38%,632.6MiB / 1.5GiB
1790492356,payflow-postgres-exporter-1,0.00%,8.375MiB / 128MiB
1790492356,payflow-postgres-1,28.18%,631.5MiB / 1GiB
1790492356,payflow-mongo-1,27.49%,222.4MiB / 1GiB
1790492356,payflow-keycloak-1,0.17%,2.547GiB / 10.7GiB
1790492356,payflow-kafka-1,19.60%,655MiB / 1.5GiB
1790492356,payflow-grafana-1,0.82%,317.6MiB / 512MiB
1790492356,payflow-prometheus-1,0.20%,72.4MiB / 1GiB
1790492356,payflow-tempo-1,0.29%,167.3MiB / 1GiB
1790492356,k3d-tiny-url-serverlb,0.00%,25.91MiB / 10.7GiB
1790492356,k3d-tiny-url-server-0,8.72%,1.062GiB / 10.7GiB
