1790745905,payflow-payflow-1,207.11%,531.9MiB / 1.5GiB
1790745905,payflow-postgres-exporter-1,0.00%,8.406MiB / 128MiB
1790745905,payflow-postgres-1,14.35%,85.3MiB / 1GiB
1790745905,payflow-mongo-1,0.71%,221MiB / 1GiB
1790745905,payflow-kafka-1,54.27%,475.1MiB / 1.5GiB
1790745905,payflow-keycloak-1,18.78%,1.063GiB / 7.757GiB
1790745905,payflow-settlement-rail-1,0.03%,20.43MiB / 256MiB
1790745905,k3d-dev-agent-1-0,1.26%,114.7MiB / 7.757GiB
1790745905,payflow-grafana-1,0.92%,180MiB / 512MiB
1790745905,payflow-prometheus-1,35.50%,144.4MiB / 1GiB
1790745905,payflow-tempo-1,0.24%,86.28MiB / 1.5GiB
1790745905,k3d-dev-serverlb,0.00%,10.25MiB / 7.757GiB
1790745905,k3d-dev-agent-0,4.69%,278.9MiB / 7.757GiB
1790745905,k3d-dev-server-0,8.01%,701.6MiB / 7.757GiB
1790745905,interesting_driscoll,3.39%,20.59MiB / 7.757GiB
1790745919,interesting_driscoll,1.17%,22.87MiB / 7.757GiB
1790745919,payflow-payflow-1,79.22%,567.4MiB / 1.5GiB
1790745919,payflow-postgres-exporter-1,0.00%,8.926MiB / 128MiB
1790745919,payflow-postgres-1,9.40%,93.86MiB / 1GiB
1790745919,payflow-mongo-1,1.22%,222.1MiB / 1GiB
1790745919,payflow-kafka-1,181.03%,604.2MiB / 1.5GiB
1790745919,payflow-keycloak-1,0.16%,1.254GiB / 7.757GiB
1790745919,payflow-settlement-rail-1,1.40%,26.45MiB / 256MiB
1790745919,k3d-dev-agent-1-0,1.13%,114.1MiB / 7.757GiB
1790745919,payflow-grafana-1,1.06%,179.3MiB / 512MiB
1790745919,payflow-prometheus-1,0.21%,137.4MiB / 1GiB
1790745919,payflow-tempo-1,0.60%,85.86MiB / 1.5GiB
1790745919,k3d-dev-serverlb,0.00%,10.16MiB / 7.757GiB
1790745919,k3d-dev-agent-0,4.15%,278.3MiB / 7.757GiB
1790745919,k3d-dev-server-0,7.67%,706.1MiB / 7.757GiB
1790745932,interesting_driscoll,1.65%,23.99MiB / 7.757GiB
1790745932,payflow-payflow-1,88.38%,573.2MiB / 1.5GiB
1790745932,payflow-postgres-exporter-1,0.00%,10.37MiB / 128MiB
1790745932,payflow-postgres-1,10.77%,97.58MiB / 1GiB
1790745932,payflow-mongo-1,1.56%,223MiB / 1GiB
1790745932,payflow-kafka-1,96.25%,555.6MiB / 1.5GiB
1790745932,payflow-keycloak-1,0.17%,1.253GiB / 7.757GiB
1790745932,payflow-settlement-rail-1,1.35%,27.23MiB / 256MiB
1790745932,k3d-dev-agent-1-0,1.48%,114MiB / 7.757GiB
1790745932,payflow-grafana-1,0.76%,179.1MiB / 512MiB
1790745932,payflow-prometheus-1,0.31%,137.4MiB / 1GiB
1790745932,payflow-tempo-1,0.22%,85.71MiB / 1.5GiB
1790745932,k3d-dev-serverlb,0.00%,10.12MiB / 7.757GiB
1790745932,k3d-dev-agent-0,3.50%,279.9MiB / 7.757GiB
1790745932,k3d-dev-server-0,8.23%,711.2MiB / 7.757GiB
1790745944,interesting_driscoll,1.70%,25.14MiB / 7.757GiB
1790745944,payflow-payflow-1,61.46%,575.4MiB / 1.5GiB
1790745944,payflow-postgres-exporter-1,0.00%,9.836MiB / 128MiB
1790745944,payflow-postgres-1,10.38%,98.83MiB / 1GiB
1790745944,payflow-mongo-1,1.70%,221.5MiB / 1GiB
1790745944,payflow-kafka-1,15.39%,506.5MiB / 1.5GiB
1790745944,payflow-keycloak-1,0.21%,1.251GiB / 7.757GiB
1790745944,payflow-settlement-rail-1,0.82%,27.45MiB / 256MiB
1790745944,k3d-dev-agent-1-0,2.07%,113.7MiB / 7.757GiB
1790745944,payflow-grafana-1,0.93%,178.6MiB / 512MiB
1790745944,payflow-prometheus-1,0.22%,137.3MiB / 1GiB
1790745944,payflow-tempo-1,0.56%,86.56MiB / 1.5GiB
1790745944,k3d-dev-serverlb,0.01%,10.06MiB / 7.757GiB
1790745944,k3d-dev-agent-0,4.14%,276.5MiB / 7.757GiB
1790745944,k3d-dev-server-0,9.40%,709.2MiB / 7.757GiB
1790745958,interesting_driscoll,1.44%,25.68MiB / 7.757GiB
1790745958,payflow-payflow-1,83.48%,577.5MiB / 1.5GiB
1790745958,payflow-postgres-exporter-1,1.73%,10.43MiB / 128MiB
1790745958,payflow-postgres-1,12.71%,100.5MiB / 1GiB
1790745958,payflow-mongo-1,46.01%,222.8MiB / 1GiB
1790745958,payflow-kafka-1,13.50%,507.5MiB / 1.5GiB
1790745958,payflow-keycloak-1,0.17%,1.251GiB / 7.757GiB
1790745958,payflow-settlement-rail-1,6.68%,35.32MiB / 256MiB
1790745958,k3d-dev-agent-1-0,1.50%,113.3MiB / 7.757GiB
1790745958,payflow-grafana-1,0.85%,178.6MiB / 512MiB
1790745958,payflow-prometheus-1,1.78%,137.3MiB / 1GiB
1790745958,payflow-tempo-1,0.24%,89.74MiB / 1.5GiB
1790745958,k3d-dev-serverlb,0.01%,10.06MiB / 7.757GiB
1790745958,k3d-dev-agent-0,3.74%,280.2MiB / 7.757GiB
1790745958,k3d-dev-server-0,11.10%,709.8MiB / 7.757GiB
1790745970,interesting_driscoll,1.14%,25.95MiB / 7.757GiB
1790745970,payflow-payflow-1,51.39%,578.5MiB / 1.5GiB
1790745970,payflow-postgres-exporter-1,0.00%,10.23MiB / 128MiB
1790745970,payflow-postgres-1,11.75%,102.5MiB / 1GiB
1790745970,payflow-mongo-1,1.24%,220.8MiB / 1GiB
1790745970,payflow-kafka-1,11.50%,510MiB / 1.5GiB
1790745970,payflow-keycloak-1,0.16%,1.249GiB / 7.757GiB
1790745970,payflow-settlement-rail-1,0.81%,30.09MiB / 256MiB
1790745970,k3d-dev-agent-1-0,1.26%,113.9MiB / 7.757GiB
1790745970,payflow-grafana-1,0.65%,178.3MiB / 512MiB
1790745970,payflow-prometheus-1,0.15%,103.7MiB / 1GiB
1790745970,payflow-tempo-1,0.21%,89.61MiB / 1.5GiB
1790745970,k3d-dev-serverlb,0.00%,10.01MiB / 7.757GiB
1790745970,k3d-dev-agent-0,5.10%,274.6MiB / 7.757GiB
1790745970,k3d-dev-server-0,7.58%,708MiB / 7.757GiB
1790745982,interesting_driscoll,1.20%,27.01MiB / 7.757GiB
1790745982,payflow-payflow-1,81.01%,570.5MiB / 1.5GiB
1790745982,payflow-postgres-exporter-1,3.04%,18.11MiB / 128MiB
1790745982,payflow-postgres-1,16.74%,108.9MiB / 1GiB
1790745982,payflow-mongo-1,2.51%,203.9MiB / 1GiB
1790745982,payflow-kafka-1,180.72%,596.1MiB / 1.5GiB
1790745982,payflow-keycloak-1,0.16%,1.226GiB / 7.757GiB
1790745982,payflow-settlement-rail-1,0.65%,29.11MiB / 256MiB
1790745982,k3d-dev-agent-1-0,1.31%,111.5MiB / 7.757GiB
1790745982,payflow-grafana-1,1.30%,175.7MiB / 512MiB
1790745982,payflow-prometheus-1,1.91%,105.7MiB / 1GiB
1790745982,payflow-tempo-1,0.62%,85.51MiB / 1.5GiB
1790745982,k3d-dev-serverlb,0.00%,9.449MiB / 7.757GiB
1790745982,k3d-dev-agent-0,7.20%,276.9MiB / 7.757GiB
1790745982,k3d-dev-server-0,6.01%,694.5MiB / 7.757GiB
1790745997,interesting_driscoll,1.20%,28.77MiB / 7.757GiB
1790745997,payflow-payflow-1,60.14%,570.2MiB / 1.5GiB
1790745997,payflow-postgres-exporter-1,0.00%,17.14MiB / 128MiB
1790745997,payflow-postgres-1,11.38%,109.3MiB / 1GiB
1790745997,payflow-mongo-1,1.96%,203MiB / 1GiB
1790745997,payflow-kafka-1,11.83%,503.7MiB / 1.5GiB
1790745997,payflow-keycloak-1,0.17%,1.219GiB / 7.757GiB
1790745997,payflow-settlement-rail-1,0.51%,28.5MiB / 256MiB
1790745997,k3d-dev-agent-1-0,1.60%,110.8MiB / 7.757GiB
1790745997,payflow-grafana-1,0.78%,176MiB / 512MiB
1790745997,payflow-prometheus-1,0.15%,102MiB / 1GiB
1790745997,payflow-tempo-1,0.28%,84.54MiB / 1.5GiB
1790745997,k3d-dev-serverlb,0.00%,9.328MiB / 7.757GiB
1790745997,k3d-dev-agent-0,2.98%,275.5MiB / 7.757GiB
1790745997,k3d-dev-server-0,7.45%,689.7MiB / 7.757GiB
1790746009,payflow-payflow-1,13.78%,570.4MiB / 1.5GiB
1790746009,payflow-postgres-exporter-1,0.00%,17.76MiB / 128MiB
1790746009,payflow-postgres-1,1.05%,109.8MiB / 1GiB
1790746009,payflow-mongo-1,0.37%,207.5MiB / 1GiB
1790746009,payflow-kafka-1,6.77%,505.1MiB / 1.5GiB
1790746009,payflow-keycloak-1,0.15%,1.238GiB / 7.757GiB
1790746009,payflow-settlement-rail-1,0.01%,28.61MiB / 256MiB
1790746009,k3d-dev-agent-1-0,1.63%,110.6MiB / 7.757GiB
1790746009,payflow-grafana-1,0.74%,176.3MiB / 512MiB
1790746009,payflow-prometheus-1,0.44%,101.6MiB / 1GiB
1790746009,payflow-tempo-1,0.21%,84.95MiB / 1.5GiB
1790746009,k3d-dev-serverlb,0.00%,9.324MiB / 7.757GiB
1790746009,k3d-dev-agent-0,3.39%,271.7MiB / 7.757GiB
1790746009,k3d-dev-server-0,6.89%,689.1MiB / 7.757GiB
1790746023,payflow-payflow-1,5.83%,565.1MiB / 1.5GiB
1790746023,payflow-postgres-exporter-1,0.00%,16.38MiB / 128MiB
1790746023,payflow-postgres-1,0.94%,109.3MiB / 1GiB
1790746023,payflow-mongo-1,0.34%,190.4MiB / 1GiB
1790746023,payflow-kafka-1,4.36%,511MiB / 1.5GiB
1790746023,payflow-keycloak-1,0.14%,1.227GiB / 7.757GiB
1790746023,payflow-settlement-rail-1,0.02%,28.61MiB / 256MiB
1790746023,k3d-dev-agent-1-0,2.77%,109.3MiB / 7.757GiB
1790746023,payflow-grafana-1,0.63%,175.2MiB / 512MiB
1790746023,payflow-prometheus-1,0.14%,96.46MiB / 1GiB
1790746023,payflow-tempo-1,0.18%,80.83MiB / 1.5GiB
1790746023,k3d-dev-serverlb,0.00%,9.016MiB / 7.757GiB
1790746023,k3d-dev-agent-0,3.01%,271.6MiB / 7.757GiB
1790746023,k3d-dev-server-0,5.95%,682.5MiB / 7.757GiB
1790746035,payflow-payflow-1,8.32%,564.8MiB / 1.5GiB
1790746035,payflow-postgres-exporter-1,0.00%,15.85MiB / 128MiB
1790746035,payflow-postgres-1,3.28%,108.9MiB / 1GiB
1790746035,payflow-mongo-1,1.66%,193MiB / 1GiB
1790746035,payflow-kafka-1,4.53%,514MiB / 1.5GiB
1790746035,payflow-keycloak-1,0.14%,1.226GiB / 7.757GiB
1790746035,payflow-settlement-rail-1,0.01%,28.61MiB / 256MiB
1790746035,k3d-dev-agent-1-0,1.85%,109.5MiB / 7.757GiB
1790746035,payflow-grafana-1,0.67%,175.8MiB / 512MiB
1790746035,payflow-prometheus-1,0.23%,100.7MiB / 1GiB
1790746035,payflow-tempo-1,0.23%,80.61MiB / 1.5GiB
1790746035,k3d-dev-serverlb,0.00%,8.977MiB / 7.757GiB
1790746035,k3d-dev-agent-0,6.35%,266MiB / 7.757GiB
1790746035,k3d-dev-server-0,7.69%,682.5MiB / 7.757GiB
