1790660186,payflow-payflow-1,86.91%,582.3MiB / 1.5GiB
1790660186,payflow-postgres-exporter-1,1.61%,8.305MiB / 128MiB
1790660186,payflow-postgres-1,22.53%,700.9MiB / 1GiB
1790660186,payflow-mongo-1,47.97%,246MiB / 1GiB
1790660186,payflow-keycloak-1,75.44%,765.3MiB / 10.7GiB
1790660186,payflow-kafka-1,15.98%,486.5MiB / 1.5GiB
1790660186,payflow-settlement-rail-1,0.02%,40.69MiB / 256MiB
1790660186,payflow-tempo-1,0.24%,117.4MiB / 1.5GiB
1790660186,payflow-grafana-1,0.76%,323.1MiB / 512MiB
1790660186,payflow-prometheus-1,0.59%,69.72MiB / 1GiB
1790660186,k3d-tiny-url-serverlb,0.00%,25.91MiB / 10.7GiB
1790660186,k3d-tiny-url-server-0,7.88%,1.041GiB / 10.7GiB
1790660186,bold_archimedes,8.60%,18.29MiB / 10.7GiB
1790660198,bold_archimedes,7.32%,20.25MiB / 10.7GiB
1790660198,payflow-payflow-1,82.17%,595.3MiB / 1.5GiB
1790660198,payflow-postgres-exporter-1,0.00%,8.453MiB / 128MiB
1790660198,payflow-postgres-1,38.19%,701.8MiB / 1GiB
1790660198,payflow-mongo-1,4.89%,245.7MiB / 1GiB
1790660198,payflow-keycloak-1,0.26%,769.1MiB / 10.7GiB
1790660198,payflow-kafka-1,30.82%,493.1MiB / 1.5GiB
1790660198,payflow-settlement-rail-1,0.66%,40.95MiB / 256MiB
1790660198,payflow-tempo-1,2.15%,111MiB / 1.5GiB
1790660198,payflow-grafana-1,1.56%,323.1MiB / 512MiB
1790660198,payflow-prometheus-1,0.83%,70MiB / 1GiB
1790660198,k3d-tiny-url-serverlb,0.00%,25.91MiB / 10.7GiB
1790660198,k3d-tiny-url-server-0,16.41%,1.04GiB / 10.7GiB
1790660210,bold_archimedes,3.98%,21.7MiB / 10.7GiB
1790660210,payflow-payflow-1,83.11%,583.8MiB / 1.5GiB
1790660210,payflow-postgres-exporter-1,0.00%,8.934MiB / 128MiB
1790660210,payflow-postgres-1,65.85%,676.9MiB / 1GiB
1790660210,payflow-mongo-1,4.98%,245.8MiB / 1GiB
1790660210,payflow-keycloak-1,0.22%,769MiB / 10.7GiB
1790660210,payflow-kafka-1,20.57%,493.7MiB / 1.5GiB
1790660210,payflow-settlement-rail-1,0.88%,41.03MiB / 256MiB
1790660210,payflow-tempo-1,0.98%,111MiB / 1.5GiB
1790660210,payflow-grafana-1,1.08%,323.1MiB / 512MiB
1790660210,payflow-prometheus-1,1.04%,70MiB / 1GiB
1790660210,k3d-tiny-url-serverlb,0.00%,25.91MiB / 10.7GiB
1790660210,k3d-tiny-url-server-0,10.16%,1.04GiB / 10.7GiB
1790660222,bold_archimedes,7.39%,23.04MiB / 10.7GiB
1790660222,payflow-payflow-1,83.65%,583.7MiB / 1.5GiB
1790660222,payflow-postgres-exporter-1,0.00%,8.262MiB / 128MiB
1790660222,payflow-postgres-1,40.76%,670.1MiB / 1GiB
1790660222,payflow-mongo-1,6.05%,245.8MiB / 1GiB
1790660222,payflow-keycloak-1,0.21%,769MiB / 10.7GiB
1790660222,payflow-kafka-1,22.93%,498.3MiB / 1.5GiB
1790660222,payflow-settlement-rail-1,0.75%,41.1MiB / 256MiB
1790660222,payflow-tempo-1,0.95%,114.7MiB / 1.5GiB
1790660222,payflow-grafana-1,1.21%,323.1MiB / 512MiB
1790660222,payflow-prometheus-1,0.80%,70MiB / 1GiB
1790660222,k3d-tiny-url-serverlb,0.00%,25.91MiB / 10.7GiB
1790660222,k3d-tiny-url-server-0,8.15%,1.041GiB / 10.7GiB
1790660235,bold_archimedes,4.53%,23.23MiB / 10.7GiB
1790660235,payflow-payflow-1,80.18%,583.9MiB / 1.5GiB
1790660235,payflow-postgres-exporter-1,0.00%,8.18MiB / 128MiB
1790660235,payflow-postgres-1,30.62%,659.3MiB / 1GiB
1790660235,payflow-mongo-1,23.80%,388.6MiB / 1GiB
1790660235,payflow-keycloak-1,0.17%,769.1MiB / 10.7GiB
1790660235,payflow-kafka-1,160.48%,606.8MiB / 1.5GiB
1790660235,payflow-settlement-rail-1,0.53%,41.14MiB / 256MiB
1790660235,payflow-tempo-1,4.42%,116.6MiB / 1.5GiB
1790660235,payflow-grafana-1,0.96%,323.1MiB / 512MiB
1790660235,payflow-prometheus-1,0.98%,70.01MiB / 1GiB
1790660235,k3d-tiny-url-serverlb,0.00%,25.91MiB / 10.7GiB
1790660235,k3d-tiny-url-server-0,7.08%,1.04GiB / 10.7GiB
1790660247,bold_archimedes,4.51%,26.08MiB / 10.7GiB
1790660247,payflow-payflow-1,39.91%,584.8MiB / 1.5GiB
1790660247,payflow-postgres-exporter-1,0.00%,8.336MiB / 128MiB
1790660247,payflow-postgres-1,0.00%,648MiB / 1GiB
1790660247,payflow-mongo-1,18.08%,245.9MiB / 1GiB
1790660247,payflow-keycloak-1,37.30%,770MiB / 10.7GiB
1790660247,payflow-kafka-1,78.59%,549.1MiB / 1.5GiB
1790660247,payflow-settlement-rail-1,0.01%,41.17MiB / 256MiB
1790660247,payflow-tempo-1,0.21%,116.6MiB / 1.5GiB
1790660247,payflow-grafana-1,0.84%,323.1MiB / 512MiB
1790660247,payflow-prometheus-1,0.20%,70.02MiB / 1GiB
1790660247,k3d-tiny-url-serverlb,0.00%,25.91MiB / 10.7GiB
1790660247,k3d-tiny-url-server-0,12.55%,1.041GiB / 10.7GiB
1790660259,bold_archimedes,6.12%,37.96MiB / 10.7GiB
1790660259,payflow-payflow-1,11.63%,585.5MiB / 1.5GiB
1790660259,payflow-postgres-exporter-1,0.00%,8.289MiB / 128MiB
1790660259,payflow-postgres-1,0.00%,648MiB / 1GiB
1790660259,payflow-mongo-1,0.87%,245.9MiB / 1GiB
1790660259,payflow-keycloak-1,0.32%,770.1MiB / 10.7GiB
1790660259,payflow-kafka-1,5.88%,499.8MiB / 1.5GiB
1790660259,payflow-settlement-rail-1,0.02%,41.17MiB / 256MiB
1790660259,payflow-tempo-1,0.44%,115MiB / 1.5GiB
1790660259,payflow-grafana-1,1.53%,323.1MiB / 512MiB
1790660259,payflow-prometheus-1,0.40%,70.07MiB / 1GiB
1790660259,k3d-tiny-url-serverlb,0.00%,25.91MiB / 10.7GiB
1790660259,k3d-tiny-url-server-0,18.20%,1.041GiB / 10.7GiB
1790660271,bold_archimedes,7.23%,40.29MiB / 10.7GiB
1790660271,payflow-payflow-1,21.27%,585.7MiB / 1.5GiB
1790660271,payflow-postgres-exporter-1,0.38%,8.312MiB / 128MiB
1790660271,payflow-postgres-1,0.00%,648MiB / 1GiB
1790660271,payflow-mongo-1,1.57%,246.1MiB / 1GiB
1790660271,payflow-keycloak-1,0.29%,770MiB / 10.7GiB
1790660271,payflow-kafka-1,4.22%,498.9MiB / 1.5GiB
1790660271,payflow-settlement-rail-1,0.02%,41.17MiB / 256MiB
1790660271,payflow-tempo-1,4.82%,1.048GiB / 1.5GiB
1790660271,payflow-grafana-1,1.35%,323.2MiB / 512MiB
1790660271,payflow-prometheus-1,0.33%,70.07MiB / 1GiB
1790660271,k3d-tiny-url-serverlb,0.00%,25.91MiB / 10.7GiB
1790660271,k3d-tiny-url-server-0,19.22%,1.04GiB / 10.7GiB
1790660284,bold_archimedes,7.06%,40.65MiB / 10.7GiB
1790660284,payflow-payflow-1,11.86%,585.9MiB / 1.5GiB
1790660284,payflow-postgres-exporter-1,0.00%,8.344MiB / 128MiB
1790660284,payflow-postgres-1,0.00%,648MiB / 1GiB
1790660284,payflow-mongo-1,0.65%,246.3MiB / 1GiB
1790660284,payflow-keycloak-1,0.26%,770MiB / 10.7GiB
1790660284,payflow-kafka-1,2.65%,499.1MiB / 1.5GiB
1790660284,payflow-settlement-rail-1,0.02%,41.17MiB / 256MiB
1790660284,payflow-tempo-1,0.38%,1.017GiB / 1.5GiB
1790660284,payflow-grafana-1,5.85%,323.2MiB / 512MiB
1790660284,payflow-prometheus-1,0.44%,70.07MiB / 1GiB
1790660284,k3d-tiny-url-serverlb,0.00%,25.91MiB / 10.7GiB
1790660284,k3d-tiny-url-server-0,10.76%,1.041GiB / 10.7GiB
1790660296,bold_archimedes,4.37%,41.52MiB / 10.7GiB
1790660296,payflow-payflow-1,85.98%,586.3MiB / 1.5GiB
1790660296,payflow-postgres-exporter-1,1.61%,11.55MiB / 128MiB
1790660296,payflow-postgres-1,40.81%,636.7MiB / 1GiB
1790660296,payflow-mongo-1,45.54%,246.3MiB / 1GiB
1790660296,payflow-keycloak-1,0.25%,770.1MiB / 10.7GiB
1790660296,payflow-kafka-1,17.16%,505.7MiB / 1.5GiB
1790660296,payflow-settlement-rail-1,0.88%,41.29MiB / 256MiB
1790660296,payflow-tempo-1,0.25%,1.017GiB / 1.5GiB
1790660296,payflow-grafana-1,0.99%,323.2MiB / 512MiB
1790660296,payflow-prometheus-1,0.51%,70.29MiB / 1GiB
1790660296,k3d-tiny-url-serverlb,0.00%,25.91MiB / 10.7GiB
1790660296,k3d-tiny-url-server-0,18.68%,1.041GiB / 10.7GiB
1790660308,bold_archimedes,5.18%,41.57MiB / 10.7GiB
1790660308,payflow-payflow-1,106.19%,586.3MiB / 1.5GiB
1790660308,payflow-postgres-exporter-1,0.00%,9.348MiB / 128MiB
1790660308,payflow-postgres-1,46.46%,633.5MiB / 1GiB
1790660308,payflow-mongo-1,4.67%,246.1MiB / 1GiB
1790660308,payflow-keycloak-1,0.27%,770.1MiB / 10.7GiB
1790660308,payflow-kafka-1,25.81%,512.1MiB / 1.5GiB
1790660308,payflow-settlement-rail-1,0.97%,41.36MiB / 256MiB
1790660308,payflow-tempo-1,0.26%,1.017GiB / 1.5GiB
1790660308,payflow-grafana-1,1.65%,323.2MiB / 512MiB
1790660308,payflow-prometheus-1,0.65%,70.32MiB / 1GiB
1790660308,k3d-tiny-url-serverlb,0.00%,25.91MiB / 10.7GiB
1790660308,k3d-tiny-url-server-0,15.47%,1.041GiB / 10.7GiB
1790660320,bold_archimedes,4.58%,41.56MiB / 10.7GiB
1790660320,payflow-payflow-1,61.73%,586.5MiB / 1.5GiB
1790660320,payflow-postgres-exporter-1,1.35%,9.105MiB / 128MiB
1790660320,payflow-postgres-1,31.92%,632.1MiB / 1GiB
1790660320,payflow-mongo-1,3.38%,246.1MiB / 1GiB
1790660320,payflow-keycloak-1,0.19%,770.1MiB / 10.7GiB
1790660320,payflow-kafka-1,86.72%,510.6MiB / 1.5GiB
1790660320,payflow-settlement-rail-1,0.68%,41.41MiB / 256MiB
1790660320,payflow-tempo-1,0.97%,1.018GiB / 1.5GiB
1790660320,payflow-grafana-1,1.06%,324.7MiB / 512MiB
1790660320,payflow-prometheus-1,0.76%,70.36MiB / 1GiB
1790660320,k3d-tiny-url-serverlb,0.00%,25.91MiB / 10.7GiB
1790660320,k3d-tiny-url-server-0,8.68%,1.041GiB / 10.7GiB
1790660333,bold_archimedes,3.34%,41.55MiB / 10.7GiB
1790660333,payflow-payflow-1,68.59%,587.3MiB / 1.5GiB
1790660333,payflow-postgres-exporter-1,0.03%,9.285MiB / 128MiB
1790660333,payflow-postgres-1,33.63%,631.9MiB / 1GiB
1790660333,payflow-mongo-1,4.19%,246.2MiB / 1GiB
1790660333,payflow-keycloak-1,0.20%,770MiB / 10.7GiB
1790660333,payflow-kafka-1,152.23%,593.9MiB / 1.5GiB
1790660333,payflow-settlement-rail-1,0.72%,41.44MiB / 256MiB
1790660333,payflow-tempo-1,0.24%,1.018GiB / 1.5GiB
1790660333,payflow-grafana-1,0.87%,324.6MiB / 512MiB
1790660333,payflow-prometheus-1,0.64%,70.36MiB / 1GiB
1790660333,k3d-tiny-url-serverlb,0.00%,25.91MiB / 10.7GiB
1790660333,k3d-tiny-url-server-0,9.74%,1.041GiB / 10.7GiB
1790660345,bold_archimedes,3.37%,41.59MiB / 10.7GiB
1790660345,payflow-payflow-1,60.80%,587.1MiB / 1.5GiB
1790660345,payflow-postgres-exporter-1,0.00%,8.977MiB / 128MiB
1790660345,payflow-postgres-1,31.92%,631.6MiB / 1GiB
1790660345,payflow-mongo-1,48.42%,350.5MiB / 1GiB
1790660345,payflow-keycloak-1,0.18%,770MiB / 10.7GiB
1790660345,payflow-kafka-1,13.03%,516.4MiB / 1.5GiB
1790660345,payflow-settlement-rail-1,0.63%,41.76MiB / 256MiB
1790660345,payflow-tempo-1,2.05%,1.018GiB / 1.5GiB
1790660345,payflow-grafana-1,0.81%,324.6MiB / 512MiB
1790660345,payflow-prometheus-1,0.77%,70.37MiB / 1GiB
1790660345,k3d-tiny-url-serverlb,0.00%,25.91MiB / 10.7GiB
1790660345,k3d-tiny-url-server-0,9.87%,1.041GiB / 10.7GiB
1790660357,bold_archimedes,3.53%,41.59MiB / 10.7GiB
1790660357,payflow-payflow-1,105.09%,587.4MiB / 1.5GiB
1790660357,payflow-postgres-exporter-1,0.00%,8.383MiB / 128MiB
1790660357,payflow-postgres-1,93.01%,645.7MiB / 1GiB
1790660357,payflow-mongo-1,4.29%,246.8MiB / 1GiB
1790660357,payflow-keycloak-1,0.24%,770.1MiB / 10.7GiB
1790660357,payflow-kafka-1,12.04%,519MiB / 1.5GiB
1790660357,payflow-settlement-rail-1,0.79%,41.58MiB / 256MiB
1790660357,payflow-tempo-1,0.77%,1.018GiB / 1.5GiB
1790660357,payflow-grafana-1,0.85%,324.6MiB / 512MiB
1790660357,payflow-prometheus-1,0.18%,70.37MiB / 1GiB
1790660357,k3d-tiny-url-serverlb,0.00%,25.91MiB / 10.7GiB
1790660357,k3d-tiny-url-server-0,14.16%,1.041GiB / 10.7GiB
1790660369,payflow-payflow-1,7.15%,587.4MiB / 1.5GiB
1790660369,payflow-postgres-exporter-1,0.00%,9.977MiB / 128MiB
1790660369,payflow-postgres-1,2.19%,625.8MiB / 1GiB
1790660369,payflow-mongo-1,0.83%,247MiB / 1GiB
1790660369,payflow-keycloak-1,0.24%,770.1MiB / 10.7GiB
1790660369,payflow-kafka-1,3.52%,521.6MiB / 1.5GiB
1790660369,payflow-settlement-rail-1,0.02%,41.62MiB / 256MiB
1790660369,payflow-tempo-1,0.28%,1.018GiB / 1.5GiB
1790660369,payflow-grafana-1,0.95%,324.6MiB / 512MiB
1790660369,payflow-prometheus-1,0.39%,70.38MiB / 1GiB
1790660369,k3d-tiny-url-serverlb,0.00%,25.91MiB / 10.7GiB
1790660369,k3d-tiny-url-server-0,8.95%,1.041GiB / 10.7GiB
1790660381,payflow-payflow-1,3.86%,587.4MiB / 1.5GiB
1790660381,payflow-postgres-exporter-1,0.00%,8.484MiB / 128MiB
1790660381,payflow-postgres-1,1.11%,625.9MiB / 1GiB
1790660381,payflow-mongo-1,0.62%,247MiB / 1GiB
1790660381,payflow-keycloak-1,0.22%,770.1MiB / 10.7GiB
1790660381,payflow-kafka-1,2.99%,522.4MiB / 1.5GiB
1790660381,payflow-settlement-rail-1,0.02%,41.62MiB / 256MiB
1790660381,payflow-tempo-1,0.22%,1.018GiB / 1.5GiB
1790660381,payflow-grafana-1,1.00%,324.6MiB / 512MiB
1790660381,payflow-prometheus-1,0.16%,70.71MiB / 1GiB
1790660381,k3d-tiny-url-serverlb,0.01%,25.91MiB / 10.7GiB
1790660381,k3d-tiny-url-server-0,6.75%,1.041GiB / 10.7GiB
1790660394,payflow-payflow-1,5.39%,587.3MiB / 1.5GiB
1790660394,payflow-postgres-exporter-1,0.00%,9.699MiB / 128MiB
1790660394,payflow-postgres-1,2.09%,625.8MiB / 1GiB
1790660394,payflow-mongo-1,10.26%,349.6MiB / 1GiB
1790660394,payflow-keycloak-1,0.27%,770MiB / 10.7GiB
1790660394,payflow-kafka-1,6.82%,521.9MiB / 1.5GiB
1790660394,payflow-settlement-rail-1,0.02%,41.62MiB / 256MiB
1790660394,payflow-tempo-1,0.44%,691.5MiB / 1.5GiB
1790660394,payflow-grafana-1,2.29%,324.6MiB / 512MiB
1790660394,payflow-prometheus-1,0.27%,70.72MiB / 1GiB
1790660394,k3d-tiny-url-serverlb,0.00%,25.91MiB / 10.7GiB
1790660394,k3d-tiny-url-server-0,12.35%,1.041GiB / 10.7GiB
