1790517313,payflow-payflow-1,13.44%,489.7MiB / 1.5GiB
1790517313,payflow-kafka-1,4.43%,459.8MiB / 1.5GiB
1790517313,payflow-postgres-exporter-1,0.00%,8.633MiB / 128MiB
1790517313,payflow-postgres-1,2.19%,82.59MiB / 1GiB
1790517313,payflow-mongo-1,0.77%,204.5MiB / 1GiB
1790517313,payflow-keycloak-1,10.69%,676.7MiB / 10.7GiB
1790517313,payflow-settlement-rail-1,0.03%,20.12MiB / 256MiB
1790517313,payflow-tempo-1,0.60%,101.8MiB / 1.5GiB
1790517313,payflow-grafana-1,1.99%,311.7MiB / 512MiB
1790517313,payflow-prometheus-1,0.88%,76.01MiB / 1GiB
1790517313,k3d-tiny-url-serverlb,0.00%,4.793MiB / 10.7GiB
1790517313,k3d-tiny-url-server-0,14.87%,938.5MiB / 10.7GiB
1790517325,--,--,-- / --
1790517325,payflow-kafka-1,3.71%,459.9MiB / 1.5GiB
1790517325,payflow-postgres-exporter-1,1.09%,7.961MiB / 128MiB
1790517325,payflow-postgres-1,2.18%,82.58MiB / 1GiB
1790517325,--,--,-- / --
1790517325,--,--,-- / --
1790517325,--,--,-- / --
1790517325,payflow-tempo-1,0.44%,101.8MiB / 1.5GiB
1790517325,payflow-grafana-1,1.43%,311.3MiB / 512MiB
1790517325,--,--,-- / --
1790517325,k3d-tiny-url-serverlb,1.72%,4.793MiB / 10.7GiB
1790517325,k3d-tiny-url-server-0,13.77%,938.9MiB / 10.7GiB
