1790513413,payflow-payflow-1,96.31%,490.5MiB / 1.5GiB
1790513413,payflow-postgres-exporter-1,0.00%,8.445MiB / 128MiB
1790513413,payflow-kafka-1,17.70%,475.8MiB / 1.5GiB
1790513413,payflow-postgres-1,18.66%,107MiB / 1GiB
1790513413,payflow-mongo-1,0.49%,206.7MiB / 1GiB
1790513413,payflow-keycloak-1,49.92%,746.3MiB / 10.7GiB
1790513413,payflow-settlement-rail-1,0.01%,28.04MiB / 256MiB
1790513413,payflow-tempo-1,0.53%,71.52MiB / 1.5GiB
1790513413,payflow-grafana-1,1.11%,332.4MiB / 512MiB
1790513413,payflow-prometheus-1,0.57%,62.46MiB / 1GiB
1790513413,k3d-tiny-url-serverlb,0.00%,4.758MiB / 10.7GiB
1790513413,k3d-tiny-url-server-0,7.51%,951.6MiB / 10.7GiB
1790513413,sleepy_bell,7.60%,33.59MiB / 10.7GiB
1790513426,sleepy_bell,6.73%,50.96MiB / 10.7GiB
1790513426,payflow-payflow-1,117.77%,495.8MiB / 1.5GiB
1790513426,payflow-postgres-exporter-1,1.43%,7.844MiB / 128MiB
1790513426,payflow-kafka-1,84.65%,475.8MiB / 1.5GiB
1790513426,payflow-postgres-1,44.92%,118.3MiB / 1GiB
1790513426,payflow-mongo-1,4.88%,207.3MiB / 1GiB
1790513426,payflow-keycloak-1,0.29%,751.7MiB / 10.7GiB
1790513426,payflow-settlement-rail-1,2.14%,29.25MiB / 256MiB
1790513426,payflow-tempo-1,0.34%,74.97MiB / 1.5GiB
1790513426,payflow-grafana-1,1.14%,332.4MiB / 512MiB
1790513426,payflow-prometheus-1,0.54%,62.48MiB / 1GiB
1790513426,k3d-tiny-url-serverlb,0.00%,4.758MiB / 10.7GiB
1790513426,k3d-tiny-url-server-0,10.29%,952.2MiB / 10.7GiB
1790513438,sleepy_bell,3.79%,56.11MiB / 10.7GiB
1790513438,payflow-payflow-1,111.52%,497.6MiB / 1.5GiB
1790513438,payflow-postgres-exporter-1,0.00%,8.922MiB / 128MiB
1790513438,payflow-kafka-1,137.40%,542.8MiB / 1.5GiB
1790513438,payflow-postgres-1,35.58%,124.4MiB / 1GiB
1790513438,payflow-mongo-1,4.59%,207.2MiB / 1GiB
1790513438,payflow-keycloak-1,0.26%,751.7MiB / 10.7GiB
1790513438,payflow-settlement-rail-1,4.45%,31.67MiB / 256MiB
1790513438,payflow-tempo-1,0.31%,76.64MiB / 1.5GiB
1790513438,payflow-grafana-1,1.43%,332.4MiB / 512MiB
1790513438,payflow-prometheus-1,0.92%,62.48MiB / 1GiB
1790513438,k3d-tiny-url-serverlb,0.02%,4.758MiB / 10.7GiB
1790513438,k3d-tiny-url-server-0,15.22%,951.5MiB / 10.7GiB
1790513450,sleepy_bell,4.22%,57.14MiB / 10.7GiB
1790513450,payflow-payflow-1,125.13%,498MiB / 1.5GiB
1790513450,payflow-postgres-exporter-1,0.65%,7.801MiB / 128MiB
1790513450,payflow-kafka-1,17.44%,476.5MiB / 1.5GiB
1790513450,payflow-postgres-1,38.56%,133.5MiB / 1GiB
1790513450,payflow-mongo-1,4.81%,207.3MiB / 1GiB
1790513450,payflow-keycloak-1,0.27%,751.7MiB / 10.7GiB
1790513450,payflow-settlement-rail-1,3.07%,30.89MiB / 256MiB
1790513450,payflow-tempo-1,1.04%,509MiB / 1.5GiB
1790513450,payflow-grafana-1,1.14%,332.4MiB / 512MiB
1790513450,payflow-prometheus-1,0.61%,62.48MiB / 1GiB
1790513450,k3d-tiny-url-serverlb,0.00%,4.758MiB / 10.7GiB
1790513450,k3d-tiny-url-server-0,13.00%,952.2MiB / 10.7GiB
1790513462,sleepy_bell,3.90%,60.02MiB / 10.7GiB
1790513462,--,--,-- / --
1790513462,payflow-postgres-exporter-1,0.00%,7.812MiB / 128MiB
1790513462,payflow-kafka-1,18.43%,479.2MiB / 1.5GiB
1790513462,payflow-postgres-1,33.52%,137.4MiB / 1GiB
1790513462,payflow-mongo-1,55.84%,207.4MiB / 1GiB
1790513462,--,--,-- / --
1790513462,payflow-settlement-rail-1,1.72%,31.26MiB / 256MiB
1790513462,--,--,-- / --
1790513462,--,--,-- / --
1790513462,payflow-prometheus-1,1.06%,62.51MiB / 1GiB
1790513462,--,--,-- / --
1790513462,k3d-tiny-url-server-0,8.62%,951.6MiB / 10.7GiB
